{"fit_time": [0.4068918228149414, 0.4036593437194824, 0.44607067108154297, 0.3761255741119385, 0.4015798568725586, 0.39714980125427246, 0.3781301975250244, 0.4299590587615967, 0.3827641010284424, 0.40318799018859863, 0.3852543830871582, 0.42458391189575195, 0.36803412437438965, 0.37376904487609863, 0.37973737716674805], "score_time": [0.0051457881927490234, 0.008532047271728516, 0.004881858825683594, 0.004911661148071289, 0.008455991744995117, 0.006576061248779297, 0.005055427551269531, 0.005054950714111328, 0.007081031799316406, 0.007297515869140625, 0.005234718322753906, 0.007675886154174805, 0.004847049713134766, 0.004508495330810547, 0.0045926570892333984], "test_MSE": [-0.00311042225718307, -0.0031540978310399515, -0.004236898552251938, -0.003742159662732633, -0.003411598116053336, -0.0030162154224810146, -0.0028948365094011537, -0.0032831553064940127, -0.0034291710124596214, -0.003770139231733936, -0.0032376193640164318, -0.0032951245284409013, -0.00338300973195763, -0.00383067809218244, -0.0033101658337221277], "test_MAPE": [-0.09539914721900326, -0.06697672585446206, -0.14440023564764914, -0.08501969111297737, -0.0675882925625855, -0.08730968691818429, -0.08198507203503257, -0.1025548215269674, -0.07134933379059513, -0.08107203777472433, -0.08308603955727056, -0.10167818830573118, -0.15094895527892727, -0.09556873683722274, -0.06452415623440699], "test_R2": [0.9986638119764288, 0.9988765867884123, 0.9986252159699673, 0.9988365076355792, 0.9988234894288287, 0.9989556188015682, 0.9990197316292324, 0.9989206772240753, 0.9988679526071343, 0.9988684868991939, 0.9988237446826203, 0.9988649708714922, 0.9989080534212607, 0.9986721086512161, 0.9987195530182639]}