{"fit_time": [0.05268383026123047, 0.05340170860290527, 0.05412864685058594, 0.08684945106506348, 0.05098867416381836, 0.05054521560668945, 0.06075477600097656, 0.056761980056762695, 0.05504155158996582, 0.06345224380493164, 0.0709686279296875, 0.0597994327545166, 0.06105160713195801, 0.06406140327453613, 0.059563398361206055], "score_time": [0.0036399364471435547, 0.004499912261962891, 0.006042003631591797, 0.004477739334106445, 0.0038416385650634766, 0.004923582077026367, 0.003917217254638672, 0.003823518753051758, 0.005544185638427734, 0.006162166595458984, 0.004437923431396484, 0.0050847530364990234, 0.0055730342864990234, 0.003314971923828125, 0.003415346145629883], "test_MSE": [-1.9114840820877366, -2.226685970649846, -2.4202491689784402, -2.561774737285102, -2.314559922416744, -2.2559750880035057, -2.391958931613666, -2.435548545286581, -2.4675820299510063, -2.6336120384053685, -2.165885082118396, -2.3964028222206677, -2.4390223604110597, -2.2988183186930464, -2.102145149609594], "test_MAPE": [-532279688829288.4, -536215760269063.56, -488874976479264.5, -534175078193370.2, -557494404549573.4, -534242961546195.44, -525909916523651.7, -531218410333228.44, -522657753825346.06, -544922208664774.7, -533045444506677.8, -510417738858215.7, -534115780535851.06, -544859089728932.44, -554918401268437.0], "test_R2": [0.1788567832440634, 0.2069084183542188, 0.21468029853041015, 0.20350663391505297, 0.20180979010420175, 0.2188562035455469, 0.19001930602258044, 0.19932419535606039, 0.1853950142647932, 0.20958714234923237, 0.2131150829556513, 0.17454196848035464, 0.2127477208354125, 0.20312255836692028, 0.1868427301836546]}