{"fit_time": [0.7051420211791992, 0.7856860160827637, 0.7894015312194824, 0.7993030548095703, 0.6482803821563721, 0.7313895225524902, 0.6811225414276123, 0.6722452640533447, 0.6336381435394287, 0.743966817855835, 0.700735330581665, 0.6568775177001953, 0.6300241947174072, 0.6196587085723877, 0.6278610229492188], "score_time": [0.0063402652740478516, 0.006865262985229492, 0.006144523620605469, 0.009200334548950195, 0.0050563812255859375, 0.005687236785888672, 0.005023956298828125, 0.0074214935302734375, 0.006459951400756836, 0.006099700927734375, 0.009260416030883789, 0.0049669742584228516, 0.005272388458251953, 0.004708528518676758, 0.00518488883972168], "test_MSE": [-0.0023626069914283103, -0.0027703282188626635, -0.0026191586051207455, -0.002770697819649216, -0.00317841163542172, -0.0028053351572525195, -0.00320667365303127, -0.0035614861985756256, -0.0026814016227182857, -0.0030247831213523523, -0.00274421832734685, -0.0024545583912501494, -0.0038234737253741084, -0.0029078900994894672, -0.0022770595846332347], "test_MAPE": [-17195041554.639877, -0.16818225931125394, -0.12997521032136042, -0.14720309667327441, -21957727106.210674, -0.07505942522906148, -0.20123987995090895, -0.302377970439288, -0.12129049829605276, -0.19532212635431895, -0.1910239842532805, -0.2626395969394898, -0.2679219631064107, -0.12375301988258382, -0.10893384031364862], "test_R2": [0.9991280763858364, 0.9990576864600337, 0.9989808022801673, 0.9991467264952857, 0.9990170533829968, 0.9989820011694498, 0.9989872570841613, 0.9988688319423914, 0.9990548474850607, 0.9991032936485243, 0.9990491258050067, 0.9990591424551781, 0.9989161584086876, 0.9989537401386296, 0.9990717265601441]}