{"fit_time": [0.865584135055542, 0.7854292392730713, 0.8810505867004395, 0.8719749450683594, 0.73199462890625, 0.8441686630249023, 0.865849494934082, 0.9108307361602783, 0.7316982746124268, 0.9149715900421143, 0.8479969501495361, 0.8773999214172363, 0.7397761344909668, 0.7304317951202393, 0.7007389068603516], "score_time": [0.03466606140136719, 0.032248735427856445, 0.03238058090209961, 0.033270835876464844, 0.029935836791992188, 0.03614640235900879, 0.055106401443481445, 0.03283500671386719, 0.03027939796447754, 0.036626577377319336, 0.05136680603027344, 0.06398224830627441, 0.03125643730163574, 0.028897762298583984, 0.028931617736816406], "test_MSE": [-0.003614613898109536, -0.0034976165068845875, -0.0033272282639217653, -0.0034904838902080227, -0.004295629924841527, -0.0037832880601748006, -0.0039641073229052, -0.004042890407278933, -0.0038254193766287135, -0.004255624840557644, -0.003342537955820868, -0.0038383449233504257, -0.0039707225746075285, -0.004121851120563817, -0.0039000428759131804], "test_MAPE": [-14593471123370.836, -15668080586732.68, -15662654042004.86, -17168514660309.223, -15067994517252.926, -17504907890853.22, -16324591413544.549, -16232531785784.71, -15756908471805.693, -15336222247396.582, -13974187941376.635, -16356866273382.395, -14474477091289.36, -14651477488666.535, -16721483777834.57], "test_R2": [0.9986660213800773, 0.9988103029202077, 0.9987052699086943, 0.9989250587339316, 0.9986715456061561, 0.9986271220353348, 0.998748041726946, 0.9987159325533943, 0.9986515989570959, 0.9987384067978007, 0.9988418074989506, 0.9985287228066619, 0.9988744177198442, 0.9985169565442836, 0.9984100959674305]}