{"fit_time": [0.7674388885498047, 0.773871660232544, 0.7602200508117676, 0.8631031513214111, 0.7470240592956543, 0.7583005428314209, 0.7502908706665039, 0.8018662929534912, 0.7251145839691162, 0.7857177257537842, 0.7756040096282959, 0.769075870513916, 0.7226488590240479, 0.7105443477630615, 0.7309648990631104], "score_time": [0.030369997024536133, 0.03089284896850586, 0.03503704071044922, 0.03535056114196777, 0.029338359832763672, 0.039174556732177734, 0.02982354164123535, 0.03336644172668457, 0.03000164031982422, 0.030359268188476562, 0.030162811279296875, 0.03058314323425293, 0.0309755802154541, 0.027551889419555664, 0.026490211486816406], "test_MSE": [-0.005477453003607493, -0.005513416367670501, -0.0051620780069902596, -0.0055726296086698315, -0.005625508896254419, -0.005736976112297599, -0.00480234774239805, -0.006127102162059387, -0.006215761420622435, -0.005099732878485732, -0.004884202460375508, -0.005342150567369381, -0.005151937930114991, -0.006594305215840149, -0.005232151116784271], "test_MAPE": [-26402183055536.93, -31152128541215.71, -27142799846598.0, -27757851745166.03, -23201544351355.277, -25886058795376.516, -25058257717890.426, -22177535678095.598, -27566091338095.32, -27375934290045.71, -25505278703067.453, -26189248632671.746, -26452063623586.613, -24958164580196.645, -23899998163954.95], "test_R2": [0.9979785378454209, 0.9981246384961342, 0.9979912716534093, 0.9982838340713508, 0.9982602709866556, 0.9979181685446337, 0.9984833056987541, 0.9980539634677797, 0.9978090404327389, 0.9984881683481087, 0.998307619318619, 0.99795229859481, 0.9985395781413479, 0.9976273667075072, 0.9978670444340587]}