{"fit_time": [0.7986207008361816, 0.8778355121612549, 0.8192338943481445, 0.9438838958740234, 0.8718435764312744, 0.8323924541473389, 0.9001703262329102, 0.8816416263580322, 0.818824291229248, 0.8178126811981201, 0.9133541584014893, 0.8342890739440918, 0.8142440319061279, 0.8061296939849854, 0.7637495994567871], "score_time": [0.03579425811767578, 0.03444719314575195, 0.03440403938293457, 0.037367820739746094, 0.03689837455749512, 0.03519153594970703, 0.039388179779052734, 0.03967118263244629, 0.03494453430175781, 0.0369570255279541, 0.04456949234008789, 0.036861419677734375, 0.037091732025146484, 0.03357529640197754, 0.031035661697387695], "test_MSE": [-0.0035999968786390958, -0.0038490508333378576, -0.0034017921051907743, -0.003960855048859062, -0.003390361351807448, -0.0033662421582260726, -0.0034938660603273473, -0.003952689535025858, -0.003907830904393563, -0.0037413298121757497, -0.003976780735873317, -0.003290760952660507, -0.004464715291035513, -0.0038945695104022748, -0.0034710409537178463], "test_MAPE": [-13402167061230.57, -13894906506658.01, -13893086755535.744, -13643979650006.31, -13750501591100.033, -14760026192891.21, -14186235199421.516, -12571186866113.41, -13343334190780.201, -13883006391201.193, -13506531987651.643, -14720740373591.488, -14063126724211.328, -12196507969666.88, -13409690813080.531], "test_R2": [0.9986714158127913, 0.9986907642597808, 0.9986762547521265, 0.9987802016354013, 0.9989515064115554, 0.9987784594751312, 0.9988965549711798, 0.9987445813645288, 0.9986225501707944, 0.9988908711563945, 0.9986220417875629, 0.9987386173897705, 0.9987343854114443, 0.9985987325460594, 0.9985849842719389]}