{"fit_time": [0.13260602951049805, 0.1339731216430664, 0.09593057632446289, 0.1054697036743164, 0.07859516143798828, 0.08353805541992188, 0.2484891414642334, 0.1313035488128662, 0.07049679756164551, 0.07768392562866211, 0.07201647758483887, 0.11672234535217285, 0.08651089668273926, 0.08200263977050781, 0.0814976692199707], "score_time": [0.004622459411621094, 0.008678913116455078, 0.004900693893432617, 0.004116058349609375, 0.004581928253173828, 0.0063588619232177734, 0.0048143863677978516, 0.0035419464111328125, 0.004738569259643555, 0.003610372543334961, 0.003820180892944336, 0.003529787063598633, 0.005385398864746094, 0.0031104087829589844, 0.0032608509063720703], "test_MSE": [-1.264249972960497, -1.3592570830194926, -1.209939910916125, -1.4955165672350634, -1.4736813408757026, -1.3423201053132285, -1.3720410192273105, -1.3795052886397354, -1.274512811006108, -1.5823801243945206, -1.281660233380211, -1.1662091816789117, -1.5517484066955352, -1.3680656315267712, -1.2230714564984864], "test_MAPE": [-833898299622756.2, -848591676700105.9, -836868637603614.6, -882143515119393.4, -865023354533874.8, -877257107747290.8, -848295363297273.0, -844915528396924.0, -860395918239946.6, -869981022265308.8, -847836248640363.0, -859373781099836.1, -830292460028234.6, -860067384543116.8, -857654499113084.0], "test_R2": [0.5334266724727537, 0.5376553778345134, 0.5291739889560918, 0.5394356419407156, 0.544253465343767, 0.5128994502135678, 0.5666771948716648, 0.561853610878641, 0.5507539868557246, 0.5308984971593836, 0.5559035407184578, 0.5529799937396308, 0.5601252726629449, 0.507769513628431, 0.5013987531220827]}