{"fit_time": [0.4912991523742676, 0.48665881156921387, 0.5562148094177246, 0.5636608600616455, 0.5659999847412109, 0.5367989540100098, 0.49182653427124023, 0.49086713790893555, 0.5263144969940186, 0.49309635162353516, 0.5657079219818115, 0.49956703186035156, 0.5082113742828369, 0.5031356811523438, 0.49167776107788086], "score_time": [0.027001619338989258, 0.027193069458007812, 0.027173519134521484, 0.029744386672973633, 0.03330063819885254, 0.028266191482543945, 0.026528358459472656, 0.02729511260986328, 0.03075885772705078, 0.026473522186279297, 0.030764341354370117, 0.027216672897338867, 0.027370691299438477, 0.02639293670654297, 0.025801420211791992], "test_MSE": [-0.005059090765926267, -0.0043788679831709065, -0.004770010956375073, -0.0039221244520650095, -0.00442516501265108, -0.004101983702236441, -0.004551829647432791, -0.004760117065138286, -0.005953731470039146, -0.005956918380797687, -0.004476131481708706, -0.004177545949835184, -0.005130590579365397, -0.005160190805235916, -0.004483944327143081], "test_MAPE": [-16872048508088.764, -18127736342375.836, -18385763785945.49, -18763081595555.785, -19566530833031.2, -15636066493442.459, -18882783395118.613, -18475654740733.14, -16743130051993.14, -18116203465242.797, -18675571194932.81, -16644732946899.572, -18547061170862.758, -16516191596400.223, -16207661523576.275], "test_R2": [0.9981329350497092, 0.9985105495579288, 0.9981438373831926, 0.9987921292414476, 0.9986314859502806, 0.9985114738960807, 0.9985624252018335, 0.9984881333032497, 0.9979014019293103, 0.9982340530434808, 0.9984490162911095, 0.9983987035550862, 0.9985456294832084, 0.9981433615673857, 0.9981720608223127]}