{"fit_time": [0.529879093170166, 0.5058169364929199, 0.6021032333374023, 0.4942805767059326, 0.47858142852783203, 0.4867894649505615, 0.48659753799438477, 0.5666453838348389, 0.49308228492736816, 0.48358678817749023, 0.5163960456848145, 0.5576684474945068, 0.46118950843811035, 0.4662654399871826, 0.48932623863220215], "score_time": [0.02961134910583496, 0.026212453842163086, 0.03131413459777832, 0.029168128967285156, 0.02614307403564453, 0.028553485870361328, 0.027602195739746094, 0.03150773048400879, 0.025968074798583984, 0.02704453468322754, 0.028801679611206055, 0.03180813789367676, 0.029483556747436523, 0.02586674690246582, 0.023279905319213867], "test_MSE": [-0.007070493664431349, -0.00645320528726173, -0.007027468439794261, -0.006447914283461781, -0.009662106356974294, -0.006623816421153993, -0.007549472582803288, -0.008263866655095835, -0.008983255698614887, -0.00866433697249609, -0.006272584966184949, -0.007323359185279726, -0.007232672874629406, -0.00838390796071737, -0.006379173794638954], "test_MAPE": [-28165754296721.934, -34834168111429.76, -27348043706728.945, -31762450384109.7, -30139599460726.1, -30053602621467.633, -31099516741520.504, -26245698246198.11, -27455565735652.926, -26375132689695.95, -28018999512202.332, -29810458261287.41, -30025101574259.69, -28225911765610.566, -27661881969410.06], "test_R2": [0.997390623826909, 0.997804973909963, 0.9972653890466842, 0.9980142784320509, 0.9970119242420112, 0.9975963523099614, 0.9976156991001172, 0.9973753030416571, 0.9968335415911022, 0.9974314303925735, 0.9978265434929828, 0.9971928808996875, 0.9979497513933843, 0.9969834670222708, 0.9973994454770747]}