{"fit_time": [0.03206825256347656, 0.03525876998901367, 0.04923605918884277, 0.04272961616516113, 0.029242992401123047, 0.03129100799560547, 0.048825979232788086, 0.0380096435546875, 0.031203269958496094, 0.031766653060913086, 0.03193521499633789, 0.043842315673828125, 0.03312325477600098, 0.032131195068359375, 0.01946115493774414], "score_time": [0.003956794738769531, 0.003759622573852539, 0.003474712371826172, 0.0035059452056884766, 0.003182649612426758, 0.005230903625488281, 0.0032873153686523438, 0.008651256561279297, 0.0042724609375, 0.003377199172973633, 0.003170490264892578, 0.003184080123901367, 0.004315853118896484, 0.002827167510986328, 0.0029144287109375], "test_MSE": [-2.237432031470622, -2.4351580030856033, -2.1068798518535194, -2.6868391309122153, -2.674585022924943, -2.330618724982051, -2.5662937110826753, -2.5629942090792874, -2.292134693247504, -2.7813389891015086, -2.3402527100390023, -2.1271889087217706, -2.8604764102325566, -2.2974521468824363, -2.0561785817385028], "test_MAPE": [-573898697423765.5, -582218594743725.5, -570402667265926.8, -591605063900944.9, -583053314959718.5, -609548941728722.5, -582306210027015.1, -576097313174456.9, -563421405939714.2, -569304232650278.0, -566946562751294.1, -583371964803180.4, -545045810275753.0, -578881145221531.4, -583978039632297.1], "test_R2": [0.17427239045555942, 0.17169296307891424, 0.18014619780094365, 0.1725519016984267, 0.17286538003040697, 0.15426606679901977, 0.18950412262760785, 0.1859642240629994, 0.1920580447377057, 0.17546341768166585, 0.18910026597974217, 0.18462655393875937, 0.18913963399222455, 0.17337592465261986, 0.16177162077385654]}