{"fit_time": [0.31096768379211426, 0.3399832248687744, 0.3928203582763672, 0.373504638671875, 0.25421643257141113, 0.28819704055786133, 0.29315805435180664, 0.3130784034729004, 0.257401704788208, 0.2829270362854004, 0.26676225662231445, 0.2744133472442627, 0.24506068229675293, 0.2559664249420166, 0.23966097831726074], "score_time": [0.0045697689056396484, 0.00706028938293457, 0.008258581161499023, 0.005669593811035156, 0.004274845123291016, 0.007145881652832031, 0.0045626163482666016, 0.006809234619140625, 0.00456547737121582, 0.004365444183349609, 0.004312276840209961, 0.004380464553833008, 0.0044879913330078125, 0.004239320755004883, 0.004029512405395508], "test_MSE": [-0.003140629309577046, -0.0030628135079428004, -0.0027008575806766466, -0.0029644046155922576, -0.00403245672999121, -0.003462521669356715, -0.003966828079395599, -0.0033018012868928624, -0.0034719117512107523, -0.003977132939903031, -0.003934449217757223, -0.002775691230732929, -0.004086164087750256, -0.003230416545744167, -0.002626393459448016], "test_MAPE": [-0.07993323201347652, -0.15326004202889643, -0.16643220601020914, -0.5605786450128276, -0.08560605163429454, -0.1538138790667969, -0.09107562122451748, -0.21532112834354633, -0.06723259313180402, -0.11662817880461122, -0.09813348528813604, -0.11630398397371311, -0.16785969869757753, -0.09326170050138613, -0.06721833007350315], "test_R2": [0.9988409460954406, 0.9989581990252002, 0.9989490106164488, 0.9990870718929363, 0.998752933806061, 0.9987435216070182, 0.9987471824480921, 0.9989513107899174, 0.9987762049163014, 0.9988209665867617, 0.9986367096978418, 0.9989360489260144, 0.998841693468994, 0.9988376950119565, 0.9989293159882728]}