{"fit_time": [0.579380989074707, 0.5781490802764893, 0.5527708530426025, 0.5924649238586426, 0.5269379615783691, 0.532170295715332, 0.5655906200408936, 0.6103255748748779, 0.5245826244354248, 0.5507888793945312, 0.5702636241912842, 0.6031668186187744, 0.5191726684570312, 0.5230011940002441, 0.5166521072387695], "score_time": [0.03789710998535156, 0.03083348274230957, 0.030109167098999023, 0.036238908767700195, 0.02999258041381836, 0.02889704704284668, 0.03110671043395996, 0.035451412200927734, 0.029898643493652344, 0.031117916107177734, 0.03065657615661621, 0.03301596641540527, 0.030599594116210938, 0.027411460876464844, 0.028023719787597656], "test_MSE": [-0.0038193497392949418, -0.0041922111985329, -0.0047537941977339165, -0.003953115274178743, -0.0039533216469904795, -0.003921953635175937, -0.004794026929993574, -0.004707582332204633, -0.004331742760994936, -0.004843620310749944, -0.003617442951380878, -0.003648054077521406, -0.004982286272973568, -0.003847132947271697, -0.003970097763422311], "test_MAPE": [-14398110386363.533, -16258010219754.908, -15255546003430.488, -14232729120909.834, -14905317420270.227, -14966291820986.297, -15547569075009.893, -13345741147805.707, -15263574751158.35, -13915564808613.36, -13111281938024.047, -12038752174514.355, -14498552013849.805, -14645524840062.111, -14887376352593.201], "test_R2": [0.9985904633142445, 0.9985740399466465, 0.9981501478385418, 0.9987825852026818, 0.998777406898613, 0.9985768031303641, 0.9984859336069009, 0.9985048189250649, 0.99847312781124, 0.9985640937143143, 0.9987465526630843, 0.9986016632503063, 0.998587669362905, 0.9986158002378451, 0.9983815371664901]}