{"fit_time": [0.4652109146118164, 0.41972875595092773, 0.4578864574432373, 0.4294743537902832, 0.4100978374481201, 0.42583155632019043, 0.4568045139312744, 0.44498729705810547, 0.44312119483947754, 0.4036686420440674, 0.45609021186828613, 0.45555686950683594, 0.44274401664733887, 0.4503650665283203, 0.45354223251342773], "score_time": [0.02660846710205078, 0.024939537048339844, 0.02843308448791504, 0.030620098114013672, 0.025492429733276367, 0.025000810623168945, 0.02987217903137207, 0.026297807693481445, 0.029024124145507812, 0.025465011596679688, 0.026419401168823242, 0.029020071029663086, 0.051004648208618164, 0.03213381767272949, 0.022301673889160156], "test_MSE": [-0.005425471327256176, -0.006445968983262484, -0.007013476243286549, -0.0064223944340972144, -0.007805703989722019, -0.005933265733155347, -0.008065758616511669, -0.006794383831721383, -0.006161805084744387, -0.005569730089529652, -0.005497954000723323, -0.008525260602542179, -0.006832448233776621, -0.005684976454094786, -0.005473691777016313], "test_MAPE": [-27258956123869.74, -27815380941988.188, -29134052505773.324, -28700263538659.297, -27962468249706.76, -33102271859937.086, -30373989112929.54, -27814143907638.062, -26802823813433.94, -26085929609562.69, -26928068532915.695, -25090003295418.28, -26647107224690.652, -26238086390045.742, -27288399873386.85], "test_R2": [0.9979977217601723, 0.9978074353032346, 0.9972708338543212, 0.9980221376114795, 0.997586030001741, 0.9978469390503731, 0.99745264383483, 0.9978420273074062, 0.9978280592049065, 0.9983488362150563, 0.9980949538407893, 0.9967321796914398, 0.9980632032287521, 0.9979545435098117, 0.9977685771910179]}