{"fit_time": [0.18814587593078613, 0.19457674026489258, 0.1714479923248291, 0.1856398582458496, 0.15734624862670898, 0.15643692016601562, 0.16611099243164062, 0.17675161361694336, 0.16230320930480957, 0.15543532371520996, 0.16783833503723145, 0.17631030082702637, 0.15567684173583984, 0.1826322078704834, 0.18499183654785156], "score_time": [0.006422519683837891, 0.0052280426025390625, 0.004371166229248047, 0.007468700408935547, 0.005419015884399414, 0.00438237190246582, 0.00858759880065918, 0.007729768753051758, 0.004778623580932617, 0.0046234130859375, 0.004297494888305664, 0.0046405792236328125, 0.0053026676177978516, 0.0055162906646728516, 0.004408359527587891], "test_MSE": [-0.00297037623371833, -0.0030463249090233067, -0.0027010742733823085, -0.0031077799457775116, -0.0039053985768100355, -0.0034839449626333997, -0.0037958505721081125, -0.003130098038489137, -0.003436946685080096, -0.004252220301826789, -0.00338728474618159, -0.002779619131453962, -0.003978355164018974, -0.003215835962049279, -0.0026094617119293215], "test_MAPE": [-0.09731976526484294, -0.14520386359693396, -0.1514774332159056, -0.7281961279447844, -0.06537322249552531, -0.14947078016797397, -0.10465627636173407, -0.11709266516392686, -0.06544696455159041, -0.15415715676892414, -0.07678855971563193, -0.10050638886952372, -0.13973218009713134, -0.08561060628933097, -0.0695534538410887], "test_R2": [0.9989037782455882, 0.9989638075411555, 0.9989489262944413, 0.9990429175396145, 0.99879222745212, 0.9987357475314516, 0.9988011811638983, 0.9990058456720291, 0.9987885295602146, 0.9987394160838822, 0.9988263026945993, 0.9989345433211603, 0.9988722541067405, 0.998842941111002, 0.9989362184389676]}