{"fit_time": [0.02247023582458496, 0.02076411247253418, 0.030915498733520508, 0.02882838249206543, 0.023351192474365234, 0.022684574127197266, 0.0243837833404541, 0.02500462532043457, 0.029352903366088867, 0.024470090866088867, 0.025517702102661133, 0.026467561721801758, 0.026266098022460938, 0.024925947189331055, 0.01719808578491211], "score_time": [0.002845287322998047, 0.002836465835571289, 0.007063388824462891, 0.0033991336822509766, 0.002671957015991211, 0.003038167953491211, 0.0032958984375, 0.0027709007263183594, 0.0029315948486328125, 0.004510164260864258, 0.0036940574645996094, 0.0027916431427001953, 0.002828359603881836, 0.004475593566894531, 0.002286672592163086], "test_MSE": [-2.314072094350737, -2.5119607706979608, -2.1807607210989204, -2.7732405138061673, -2.760906971567814, -2.3977377922586296, -2.6603168888519972, -2.6503398767886797, -2.3752046184956566, -2.8791580549503943, -2.420624270466356, -2.1960564237607882, -2.966678757535762, -2.3820718596128247, -2.130481019902686], "test_MAPE": [-681359074552984.8, -686553096875366.2, -684691689147828.8, -695518678837970.6, -674526809497987.6, -708350370436610.6, -687548922369707.8, -680832712994761.1, -662518822587103.0, -676314101552847.9, -675436486725590.2, -674290902474388.5, -651161306096325.1, -666932113750776.9, -691822373591518.9], "test_R2": [0.14598826158495526, 0.14556887881509162, 0.15139680731846028, 0.1459434385628039, 0.14616969768202048, 0.1299099281684768, 0.1598093929751172, 0.158222257991959, 0.16277718352732218, 0.14646465177910772, 0.16125144576739503, 0.15822892520498588, 0.15903441309366773, 0.14292972280818272, 0.13148124966112273]}