{"fit_time": [0.5582566261291504, 0.6603753566741943, 0.5879764556884766, 0.46710920333862305, 0.45093774795532227, 0.5411167144775391, 0.4472377300262451, 0.47420215606689453, 0.45763564109802246, 0.6199254989624023, 0.6250953674316406, 0.6863527297973633, 0.4438915252685547, 0.4191305637359619, 0.4374654293060303], "score_time": [0.033702850341796875, 0.042510032653808594, 0.06991839408874512, 0.029636859893798828, 0.029104948043823242, 0.035125017166137695, 0.02839493751525879, 0.03637075424194336, 0.029307126998901367, 0.02815699577331543, 0.03201103210449219, 0.030707836151123047, 0.02821946144104004, 0.027376413345336914, 0.02669668197631836], "test_MSE": [-0.00348210467276586, -0.004029587640409315, -0.003189361863478044, -0.0035310372027094975, -0.0036545367636448786, -0.00330962599515755, -0.0035838498335211463, -0.0038570052775952113, -0.0037478285417280313, -0.003966184070438864, -0.0030719089240072227, -0.003144763969009846, -0.004454597826952991, -0.003443397947244517, -0.0033946732455644455], "test_MAPE": [-13922829330996.428, -12618629150037.193, -14851562935055.297, -13392854667547.305, -14624639189351.398, -14518272336658.36, -13635049879497.287, -12262569360818.098, -16104371343184.742, -12835857096760.555, -15122854842874.365, -13875753212159.729, -14826062375995.68, -13793272651532.633, -13231435026321.969], "test_R2": [0.9987149241062144, 0.9986293555513802, 0.9987589180996436, 0.9989125697981694, 0.9988698082688519, 0.998799004324343, 0.9988681359804427, 0.9987749717604442, 0.9986789485238752, 0.9988242124131221, 0.9989355807094139, 0.9987945795392467, 0.9987372534129422, 0.9987610642301923, 0.9986161165776632]}