{"fit_time": [0.4690208435058594, 0.48181867599487305, 0.4591188430786133, 0.42639923095703125, 0.42699623107910156, 0.44821834564208984, 0.4459228515625, 0.4851853847503662, 0.4271278381347656, 0.4851245880126953, 0.4367802143096924, 0.4530665874481201, 0.4179954528808594, 0.41481614112854004, 0.3988323211669922], "score_time": [0.029195308685302734, 0.03731966018676758, 0.028098106384277344, 0.026319503784179688, 0.02652120590209961, 0.026790142059326172, 0.027973175048828125, 0.03215956687927246, 0.027356624603271484, 0.03266143798828125, 0.02690744400024414, 0.027010440826416016, 0.02778911590576172, 0.024059295654296875, 0.023273944854736328], "test_MSE": [-0.004143205039702009, -0.004795252770150237, -0.00411748741005779, -0.0037064153355266393, -0.0052869967053076885, -0.00475962926029096, -0.004813352742305425, -0.004359124089547773, -0.004275735350190243, -0.004247397210318471, -0.003909423458528354, -0.0036107140533191244, -0.005455772469314756, -0.0049364902993067235, -0.0041915942171306545], "test_MAPE": [-17265189615777.268, -16838541707175.371, -17617975660925.293, -17738771078265.793, -17739161926809.957, -17531781865457.682, -18348602113950.215, -16818192204600.188, -15991315638516.414, -14968926399799.125, -18124625008443.945, -14894278800818.227, -17708200346748.746, -16033462337522.135, -15627768648507.21], "test_R2": [0.9984709440353203, 0.9983689183172928, 0.9983977549998055, 0.9988585597531267, 0.9983649583119841, 0.9982728277552497, 0.9984798300610994, 0.9986154931805657, 0.9984928695555311, 0.9987408459043405, 0.9986453811466197, 0.9986159760666646, 0.9984534500457691, 0.9982238490866228, 0.9982912412092007]}