{"fit_time": [7.136454820632935, 6.841602563858032, 10.827384948730469, 10.68029260635376, 2.956838369369507], "score_time": [0.7008800506591797, 0.718470573425293, 0.556065559387207, 0.5829463005065918, 0.556276798248291], "test_MSE": [-3.243242439813588, -2.971029139080417, -2.9820219529474197, -2.9089060964956652, -2.860902433264829], "test_MAPE": [-0.7502632838678793, -0.7544758257539492, -0.7459550023934897, -0.7530757815118004, -0.7435971085260185], "test_R2": [-0.028267578800003967, -0.02616962653785948, -0.02818078931445922, -0.025270145646654862, -0.025248338649415114]}