{"fit_time": [10.76278567314148, 10.706841230392456, 6.955870866775513, 7.055815696716309, 3.0141687393188477], "score_time": [0.6901893615722656, 0.6239991188049316, 0.6839370727539062, 0.5267441272735596, 0.6302647590637207], "test_MSE": [-3.2433848673424555, -2.971183049176788, -2.9821642743941013, -2.909050813886063, -2.8610430477866706], "test_MAPE": [-268424668700.46936, -309284422839.67316, -284946319755.5242, -300696527615.59753, -306008535216.8172], "test_R2": [-0.028312735341021522, -0.026222785850245733, -0.028229860776606053, -0.025321152593943408, -0.025298730023560534]}