{"fit_time": [10.918545246124268, 6.473050832748413, 7.054794549942017, 6.490442276000977, 3.1409027576446533], "score_time": [0.6120529174804688, 1.3510935306549072, 0.6006884574890137, 0.7264924049377441, 0.5323445796966553], "test_MSE": [-3.0454858376268437, -2.971029139080417, -2.7621646590256015, -2.9089060964956652, -2.860902433264829], "test_MAPE": [-2.2454413628327483, -0.7544758257539492, -11932956711.93745, -0.7530757815118004, -0.7435971085260185], "test_R2": [0.034431003342984656, -0.02616962653785948, 0.04762450305692867, -0.025270145646654862, -0.025248338649415114]}