{"fit_time": [7.071135997772217, 10.670633554458618, 7.149963855743408, 10.694953441619873, 5.481097936630249], "score_time": [0.9201796054840088, 0.5772120952606201, 0.7010142803192139, 0.567535400390625, 0.5206727981567383], "test_MSE": [-3.048643842384697, -2.971029139080417, -2.760495021843119, -2.6765037011298527, -2.860902433264829], "test_MAPE": [-905915596233.4215, -0.7544758257539492, -0.7059188712537273, -282398192617.8148, -0.7435971085260185], "test_R2": [0.03342976030720857, -0.02616962653785948, 0.04820018254663094, 0.056642171162879285, -0.025248338649415114]}