{"fit_time": [0.05216097831726074, 0.045316219329833984, 0.04333186149597168, 0.031526803970336914, 0.03734564781188965], "score_time": [0.010959148406982422, 0.0055027008056640625, 0.006014347076416016, 0.00472569465637207, 0.005527019500732422], "test_MSE": [-2.4572201391745123, -2.3270883121987924, -2.309214767372282, -2.290274356004555, -2.2805782670517134], "test_MAPE": [-511324035893844.44, -515305592356652.25, -533687040152561.8, -540168635722583.94, -565376575821145.0], "test_R2": [0.22094020105607315, 0.1962423683973782, 0.20379853009911675, 0.19277218148073427, 0.18271974176118577]}