{"fit_time": [0.3765380382537842, 0.32106685638427734, 0.3929562568664551, 0.35115957260131836, 0.2888779640197754], "score_time": [0.010676383972167969, 0.009292125701904297, 0.009070873260498047, 0.009501457214355469, 0.008904457092285156], "test_MSE": [-0.005103885865401697, -0.003894936244279147, -0.004216461828622232, -0.003913486669231551, -0.004003734111900006], "test_MAPE": [-0.10030763950487567, -0.08706398324611139, -0.13843235028825823, -613646502.7168057, -0.12283370534285874], "test_R2": [0.9983818168210731, 0.9986547202723102, 0.9985461927780974, 0.9986206563861986, 0.9985652003721305]}