{"fit_time": [177.65878796577454, 203.14752864837646, 202.63427710533142, 202.73158979415894, 50.843942403793335], "score_time": [2.1628780364990234, 4.536855459213257, 4.536069631576538, 4.397974014282227, 1.3954541683197021], "test_MSE": [-3.243242439813588, -2.971029139080417, -2.9820219529474197, -2.9089060964956652, -2.860902433264829], "test_MAPE": [-0.7502632838678793, -0.7544758257539492, -0.7459550023934897, -0.7530757815118004, -0.7435971085260185], "test_R2": [-0.028267578800003967, -0.02616962653785948, -0.02818078931445922, -0.025270145646654862, -0.025248338649415114]}