{"fit_time": [0.17569899559020996, 0.3025991916656494, 0.29329752922058105, 0.3049323558807373, 0.16980886459350586, 0.1855144500732422, 0.2283182144165039, 0.19958209991455078, 0.15845346450805664, 0.18181419372558594, 0.15615153312683105, 0.16952013969421387, 0.16509008407592773, 0.15343284606933594, 0.15782594680786133], "score_time": [0.00483393669128418, 0.013653755187988281, 0.005331516265869141, 0.009450197219848633, 0.006527900695800781, 0.0044896602630615234, 0.0047838687896728516, 0.004884958267211914, 0.004240512847900391, 0.004404306411743164, 0.004456043243408203, 0.004491329193115234, 0.004234790802001953, 0.005867958068847656, 0.004236698150634766], "test_MSE": [-0.0025581520437013847, -0.002835886868665514, -0.003289897906756519, -0.0028596872502299467, -0.0032429768111156745, -0.004157649278230663, -0.003879732046625423, -0.0036941331913968745, -0.0031718595270764315, -0.0031956814514457594, -0.0028174615119694523, -0.003106460148394951, -0.0033173224076082503, -0.003068125719067225, -0.0035248405438114694], "test_MAPE": [-0.05852230348291161, -0.07730406391238218, -0.14388218795512428, -0.09718868561679778, -0.079061331697314, -0.131001838200562, -0.0885816062156914, -0.0996067487215694, -0.18463983219185084, -0.1093154768691228, -0.0750589498421876, -0.12844188096703396, -0.1826517762075069, -0.0645757593609634, -0.07600391610484288], "test_R2": [0.9989224869844986, 0.9989974887455707, 0.998891708577776, 0.9989440151479617, 0.9988975170596528, 0.9987676085071389, 0.9988664395026798, 0.9988456796994433, 0.9989218963716474, 0.9987449293588357, 0.9989494325621175, 0.998971151231406, 0.9988893343157511, 0.9988596624608406, 0.9988598204298113]}