{"fit_time": [0.025510072708129883, 0.04760932922363281, 0.02091073989868164, 0.019313335418701172, 0.049849510192871094, 0.023424863815307617, 0.06625938415527344, 0.017606496810913086, 0.02226710319519043, 0.0288999080657959, 0.02030491828918457, 0.03675961494445801, 0.047100067138671875, 0.07964611053466797, 0.04571938514709473], "score_time": [0.005488395690917969, 0.0037908554077148438, 0.011878252029418945, 0.0034389495849609375, 0.0067484378814697266, 0.013227701187133789, 0.009038686752319336, 0.003060579299926758, 0.003762960433959961, 0.0027048587799072266, 0.002605915069580078, 0.002612590789794922, 0.0056304931640625, 0.002736806869506836, 0.005038022994995117], "test_MSE": [-2.055695051380854, -2.4611512098316317, -2.5520463134691505, -2.3059010184553155, -2.4963862223885984, -2.8360220402866925, -2.905601056003374, -2.6727858717625512, -2.501213957443682, -2.162153156782816, -2.276855798570818, -2.562202203218533, -2.540362111257041, -2.3088023895037932, -2.6130339067035373], "test_MAPE": [-737085983533117.4, -681541467515640.6, -646030912001050.0, -712815142520337.2, -675017771277745.8, -702097443672291.8, -642372885101671.2, -625007794109166.6, -673416352136851.0, -645355343605312.5, -672649802359177.0, -636826310756815.5, -685695828089200.4, -654890079088263.9, -674154132666623.2], "test_R2": [0.1341256751261114, 0.1299611370359256, 0.14027391776275588, 0.1485094932696882, 0.15132812135204088, 0.1593592431386167, 0.1510561712833004, 0.16482410596295316, 0.14984638512925852, 0.15083684340593329, 0.15101216021212183, 0.15140756496356067, 0.1494667458103992, 0.14188195780563162, 0.15476236737443438]}