{"fit_time": [0.12254071235656738, 0.09393835067749023, 0.12166810035705566, 0.09774971008300781, 0.0938868522644043, 0.09876298904418945, 0.11975955963134766, 0.09776639938354492, 0.09624314308166504, 0.10171961784362793, 0.09653472900390625, 0.11381959915161133, 0.08739495277404785, 0.07809066772460938, 0.07436537742614746], "score_time": [0.008342742919921875, 0.003842592239379883, 0.004892110824584961, 0.007058143615722656, 0.0048923492431640625, 0.004059314727783203, 0.008159160614013672, 0.005382061004638672, 0.0064144134521484375, 0.004745960235595703, 0.0035173892974853516, 0.00454401969909668, 0.006244182586669922, 0.003157377243041992, 0.002864360809326172], "test_MSE": [-1.2465418907718442, -1.3594829470536796, -1.5491930713505255, -1.2708670512449005, -1.2895366977621872, -1.2049967530336343, -1.3163600547533458, -1.3007606606372528, -1.3599501080080039, -1.333478205503201, -1.5374712423408712, -1.3435581458950576, -1.3784435337235268, -1.3660631553401625, -1.5063298542949783], "test_MAPE": [-866616004369464.8, -853752069035431.5, -823367642862922.4, -844308068826487.5, -811824931655131.5, -867139153172785.0, -872255165771112.2, -856871897407045.9, -839532830915876.5, -859017632639444.5, -822011034709454.4, -830242782419485.8, -847349459432251.6, -833669695136940.2, -858456016476990.0], "test_R2": [0.5475988109838558, 0.4947683608986293, 0.5517446578960106, 0.5441330173245633, 0.5134734282032619, 0.5176998365504172, 0.5225933872052497, 0.4945971938253907, 0.544927654366355, 0.5354976223819671, 0.5447457837347602, 0.5475424686826343, 0.5335526485475246, 0.5554721061409609, 0.5415392152976308]}