{"fit_time": [0.7362139225006104, 0.8260560035705566, 0.8795864582061768, 0.968055248260498, 0.6828789710998535, 0.7141852378845215, 0.7758910655975342, 0.7001221179962158, 0.6445977687835693, 0.6523621082305908, 0.7199628353118896, 0.6443846225738525, 0.6527402400970459, 0.652315616607666, 0.6131632328033447], "score_time": [0.006126880645751953, 0.005723714828491211, 0.008382320404052734, 0.010002613067626953, 0.005034923553466797, 0.005906105041503906, 0.004866838455200195, 0.005602836608886719, 0.00507354736328125, 0.0050199031829833984, 0.007663726806640625, 0.006442546844482422, 0.004958391189575195, 0.006123781204223633, 0.0046405792236328125], "test_MSE": [-0.0028743510646681418, -0.0023481381967087444, -0.0032796265779340894, -0.0026539069982749264, -0.002810227854560064, -0.0036374839313932698, -0.0028463826714147694, -0.002328872931106308, -0.0025879575442205446, -0.0025539065572378057, -0.003198185533916032, -0.002632845951330654, -0.0033039389541853256, -0.002693297211411653, -0.0029552843964059665], "test_MAPE": [-0.13348916733326416, -0.11827468061505653, -0.17774462420597614, -0.18611153909106626, -0.3820476032007335, -0.1166464279284317, -15869694695.535585, -0.0973222543263279, -0.11241471727263777, -0.10027246651307722, -0.1295561353573188, -0.16981144811475085, -0.1985397808573663, -0.1129104911339292, -0.1261103187954664], "test_R2": [0.9989568262014038, 0.9991273493260575, 0.9990510478255731, 0.999048029001602, 0.9989397350797232, 0.9985440964133393, 0.9989676973978578, 0.9990951302955083, 0.9991340065322147, 0.9991103749103993, 0.9990529985806453, 0.9991133610531724, 0.9988819900584702, 0.9991235795122319, 0.9991005409608448]}