{"fit_time": [1.1159861087799072, 0.9878005981445312, 1.1427662372589111, 0.9975807666778564, 1.0320532321929932, 0.9436261653900146, 1.019547700881958, 0.9931645393371582, 0.9349794387817383, 1.007232904434204, 1.0343225002288818, 1.0130035877227783, 0.9201865196228027, 0.9187772274017334, 0.9309523105621338], "score_time": [0.049765586853027344, 0.04387831687927246, 0.047135114669799805, 0.04337286949157715, 0.05004477500915527, 0.04335951805114746, 0.0452115535736084, 0.051709890365600586, 0.04355669021606445, 0.05082225799560547, 0.04540562629699707, 0.04471302032470703, 0.043578147888183594, 0.04245257377624512, 0.039290666580200195], "test_MSE": [-0.05428516240216809, -0.06181165361129858, -0.05427315244015908, -0.05109684190916015, -0.04897124794410047, -0.053325630621224376, -0.05051793571536052, -0.05265489755695837, -0.06476176222599521, -0.053779337994477504, -0.06453026096450747, -0.05528968056503368, -0.052325361060524975, -0.06068811598665457, -0.06471479848286753], "test_MAPE": [-16890678310059.184, -17711025989712.883, -17348473676086.152, -17745409900677.383, -15797274400725.76, -16730015778167.264, -16334993791898.646, -18147226371656.395, -17021457811456.479, -17536284925231.457, -16710818880634.787, -16262937073947.592, -15660408445258.414, -16420021737192.492, -17354605039777.316], "test_R2": [0.9802985585976025, 0.9770286172862385, 0.9842961920214909, 0.9816712825133398, 0.9815237414955327, 0.9786564069156868, 0.9816785715365905, 0.9795412532148028, 0.9783291409956794, 0.981266562691415, 0.9808922127635641, 0.9813806105435686, 0.982293778828541, 0.9802516009041302, 0.9803036518132362]}