{"fit_time": [1.1201450824737549, 0.9365613460540771, 0.9986796379089355, 0.9799141883850098, 0.9158880710601807, 1.178011417388916, 1.1970431804656982, 1.066948652267456, 0.9369540214538574, 1.1470129489898682, 0.9503374099731445, 1.0092010498046875, 0.9493532180786133, 0.9122002124786377, 0.8995010852813721], "score_time": [0.051601409912109375, 0.04384660720825195, 0.04764866828918457, 0.04598212242126465, 0.0441584587097168, 0.05135202407836914, 0.04749774932861328, 0.04459428787231445, 0.044211387634277344, 0.052556514739990234, 0.04452109336853027, 0.05217289924621582, 0.0459446907043457, 0.04290032386779785, 0.04054999351501465], "test_MSE": [-0.01284653757050483, -0.01397919970195793, -0.015083699579056909, -0.012798622515329398, -0.011948323653590224, -0.012820598260702707, -0.012007118064639867, -0.013457628676811367, -0.015252768165949684, -0.01347496380187219, -0.014813169088552996, -0.01353446266468139, -0.01249526972418587, -0.014694564603155656, -0.014766857373719501], "test_MAPE": [-15307202054204.31, -16555513131965.62, -15645414743497.906, -15547631957735.695, -15168132552036.977, -16687389885049.697, -17709922665949.4, -16635879804051.537, -15039743473079.7, -16339681092599.59, -15943713369325.066, -16658756482188.629, -14448159505405.54, -15726728135231.371, -14669907563333.486], "test_R2": [0.9953376706273077, 0.9948048381231613, 0.9956355672898087, 0.995409063896377, 0.9954920422536349, 0.9948685532794247, 0.9956453574050904, 0.9947711185435265, 0.9948960532112079, 0.9953061454634539, 0.9956137340991523, 0.9954421253864757, 0.9957717633505183, 0.9952182709645003, 0.9955056158517737]}