{"fit_time": [0.8897340297698975, 0.9155158996582031, 0.8803880214691162, 1.0542871952056885, 0.8456752300262451, 0.9091615676879883, 1.0330119132995605, 0.8869528770446777, 0.9151992797851562, 0.8218677043914795, 1.037996530532837, 0.8774628639221191, 0.8304216861724854, 0.8729860782623291, 0.832144021987915], "score_time": [0.03950166702270508, 0.04322099685668945, 0.039166927337646484, 0.05293130874633789, 0.0388941764831543, 0.03972887992858887, 0.048149824142456055, 0.05054616928100586, 0.04448223114013672, 0.03927755355834961, 0.04668283462524414, 0.050472259521484375, 0.04007077217102051, 0.039301156997680664, 0.03803825378417969], "test_MSE": [-0.005589821925194576, -0.006477887355530506, -0.007444605596935079, -0.005807195054397759, -0.005719584762797001, -0.005860056527124629, -0.006058662229709064, -0.006008160145272397, -0.006441522459244294, -0.006136905711306906, -0.006590368939642706, -0.006211509182907853, -0.005812803253403985, -0.006639795466375982, -0.00810184109788618], "test_MAPE": [-13245902915081.047, -15755649327939.832, -13521108843545.328, -13290531528399.26, -15472682685206.0, -13004486935108.89, -15089408893372.148, -16074272666908.537, -15056067671793.852, -15568473055338.035, -14465304768195.842, -15095306086393.934, -13541712396222.098, -12651151124892.38, -15653089108071.555], "test_R2": [0.9979713139974937, 0.9975925894078762, 0.9978459210214681, 0.9979169272783783, 0.9978420699685604, 0.9976545113389388, 0.9978026943291781, 0.997665565165632, 0.9978445100906872, 0.9978622768018589, 0.998048553258175, 0.9979082080524462, 0.9980330230323323, 0.997839357365884, 0.9975341546762284]}