{"fit_time": [0.6057093143463135, 0.6165611743927002, 0.5875251293182373, 0.6564047336578369, 0.6205461025238037, 0.6484653949737549, 0.5766260623931885, 0.5629639625549316, 0.5779693126678467, 0.5948374271392822, 0.5940611362457275, 0.6119863986968994, 0.5619542598724365, 0.5735161304473877, 0.5534474849700928], "score_time": [0.03501749038696289, 0.03779268264770508, 0.033454179763793945, 0.036635398864746094, 0.03840160369873047, 0.03943967819213867, 0.032829999923706055, 0.03197884559631348, 0.03353142738342285, 0.04216337203979492, 0.03962826728820801, 0.034549713134765625, 0.03340458869934082, 0.030936479568481445, 0.03174591064453125], "test_MSE": [-0.006081955339493084, -0.005746624753933704, -0.00585314606873053, -0.006094605947073964, -0.00549701890660062, -0.006870142703711818, -0.006406194683631786, -0.0063980308122577306, -0.006341656987917271, -0.007092372291743417, -0.006445001737667042, -0.006062724614482527, -0.005964174646614158, -0.00787692327260078, -0.006238158009976253], "test_MAPE": [-16369155703660.219, -17347722382635.984, -17175991685970.021, -15979638709225.926, -14644218215676.793, -17268701037098.088, -17055085498070.846, -18606054428957.234, -18171433174463.105, -15964216660633.873, -18174049991322.855, -18351664402986.492, -14705378400086.643, -16753128119845.193, -16500571617565.082], "test_R2": [0.9977927064886475, 0.9978643522892121, 0.9983064060626503, 0.997813831414571, 0.9979260413694535, 0.9972502241681728, 0.9976766541237918, 0.9975140832403999, 0.9978779275035886, 0.9975294505910399, 0.9980915973358679, 0.9979583128422786, 0.9979818009229595, 0.9974367860674885, 0.9981013781223306]}