{"fit_time": [0.0410313606262207, 0.034967899322509766, 0.04533529281616211, 0.054410696029663086, 0.03897380828857422, 0.03647208213806152, 0.029343366622924805, 0.037061214447021484, 0.037833452224731445, 0.031595468521118164, 0.03127121925354004, 0.03146648406982422, 0.033162593841552734, 0.03261113166809082, 0.03143811225891113], "score_time": [0.008910655975341797, 0.0029363632202148438, 0.0033779144287109375, 0.009896278381347656, 0.0035126209259033203, 0.005335807800292969, 0.003271818161010742, 0.005962371826171875, 0.003218412399291992, 0.0035583972930908203, 0.0033631324768066406, 0.0035300254821777344, 0.002718687057495117, 0.00258636474609375, 0.0026116371154785156], "test_MSE": [-2.2235160149285216, -2.2617549810535094, -2.8283336460383377, -2.282477892772894, -2.194885512441631, -2.0866033776642765, -2.2878463151671036, -2.154042979211107, -2.434683666744306, -2.356212865420381, -2.792937903200815, -2.4480845790122405, -2.4200324389428176, -2.515240738562316, -2.7075698903414493], "test_MAPE": [-556861506849485.7, -580372156571135.9, -540582651980175.25, -565196443411953.6, -541650968799914.5, -588958984714300.5, -595046031720120.1, -569728919282402.1, -567269951785387.0, -571225859280917.8, -542484978775348.44, -563559531849497.8, -545189664271590.3, -551869738726709.06, -578233096804434.8], "test_R2": [0.19303049789426086, 0.15945236473919977, 0.18162836541483673, 0.18126265923526652, 0.1718962898010623, 0.16483662917069952, 0.17026275905680255, 0.1630594318706824, 0.18529569535154278, 0.1792393204139714, 0.1729947714252812, 0.17558141531858407, 0.18109251923818193, 0.18152051485266507, 0.17593439908058361]}