{"fit_time": [0.2891552448272705, 0.28652215003967285, 0.32380151748657227, 0.28842926025390625, 0.2537970542907715, 0.2917032241821289, 0.24460673332214355, 0.2689642906188965, 0.25078845024108887, 0.24458909034729004, 0.2912259101867676, 0.2805774211883545, 0.24691009521484375, 0.24616503715515137, 0.24091196060180664], "score_time": [0.004681110382080078, 0.0047664642333984375, 0.004471302032470703, 0.005407571792602539, 0.004477977752685547, 0.0046236515045166016, 0.006015777587890625, 0.006987810134887695, 0.004945278167724609, 0.004747629165649414, 0.005728721618652344, 0.005401611328125, 0.004473447799682617, 0.004197597503662109, 0.0049173831939697266], "test_MSE": [-0.0029121938615308783, -0.002877483404105484, -0.004599034504075478, -0.002867980815951858, -0.0032162860893774916, -0.002948247974557599, -0.003206465656289008, -0.0028909735164094146, -0.003407453974931156, -0.003274028836508599, -0.004017338668335775, -0.0032117041497921484, -0.00334108714467572, -0.0032510107882576305, -0.0032985755282385508], "test_MAPE": [-0.0841965270753166, -0.0594039269631031, -0.06393775799158818, -0.11138165811773083, -0.1136573640136401, -0.07757584471823176, -0.06025176966399804, -0.1476711276331859, -0.06706873554691818, -0.09794954749868279, -0.07000162222894378, -0.12750287049936906, -0.115745885875148, -0.10668565089569852, -0.0725802351630459], "test_R2": [0.9989430921051627, 0.9989306260443399, 0.9986692802704216, 0.9989712395488904, 0.9987865342276044, 0.9988199632269222, 0.9988371054693707, 0.9988767294614722, 0.9988597831171308, 0.998859528282748, 0.9988104425523169, 0.9989184243827657, 0.9988694195942897, 0.9989420950466544, 0.998996058186881]}