{"fit_time": [0.7388367652893066, 0.6674911975860596, 0.6311049461364746, 0.6514766216278076, 0.6058006286621094, 0.6351945400238037, 0.6713526248931885, 0.7174057960510254, 0.6149911880493164, 0.6487061977386475, 0.6838040351867676, 0.7085673809051514, 0.6004207134246826, 0.6184461116790771, 0.6208901405334473], "score_time": [0.04561638832092285, 0.04584527015686035, 0.03568148612976074, 0.037990570068359375, 0.03533434867858887, 0.03618431091308594, 0.038820505142211914, 0.04101705551147461, 0.035537004470825195, 0.03754591941833496, 0.037264347076416016, 0.044983863830566406, 0.03600955009460449, 0.03485989570617676, 0.03389382362365723], "test_MSE": [-0.05655888587755189, -0.05786752775890603, -0.05873037480996723, -0.05713677205457011, -0.056824015828764944, -0.05397647436013026, -0.057433086426692655, -0.06346770260522268, -0.06168928638121434, -0.06177647452299604, -0.0717202394192573, -0.0608918594081764, -0.06124479807236038, -0.06634903956004205, -0.07059182509250755], "test_MAPE": [-25972918875028.977, -23894942410092.89, -22958618263742.074, -22926691450142.766, -24479774393908.043, -23314189973393.28, -24412069150849.246, -26207287658040.844, -25373225756004.24, -24742172039857.7, -23343527771485.484, -26125924854488.055, -21848419050242.758, -23313325083524.766, -24287144934157.375], "test_R2": [0.9794733675539861, 0.9784943930604363, 0.9830065052967303, 0.9795047264378941, 0.97856098731826, 0.9783959065941181, 0.9791706416840086, 0.9753400022242213, 0.9793572660580283, 0.9784808486720163, 0.9787632181415915, 0.9794940170849148, 0.9792755574296713, 0.9784094910254342, 0.9785149425053181]}