{"fit_time": [0.6464762687683105, 0.7775366306304932, 0.7879648208618164, 0.7454307079315186, 0.6483798027038574, 0.7486450672149658, 0.6485042572021484, 0.6168749332427979, 0.6578919887542725, 0.6123735904693604, 0.6517739295959473, 0.7531006336212158, 0.6589360237121582, 0.5987215042114258, 0.6019158363342285], "score_time": [0.037032365798950195, 0.0390925407409668, 0.03776240348815918, 0.04501700401306152, 0.0382840633392334, 0.04175257682800293, 0.03871297836303711, 0.0368037223815918, 0.0377352237701416, 0.03706932067871094, 0.03689861297607422, 0.044502973556518555, 0.04152655601501465, 0.03732490539550781, 0.03441190719604492], "test_MSE": [-0.01458283910179411, -0.015278009863868382, -0.014968606743147582, -0.01588706538447537, -0.015026856344563933, -0.015139340752799664, -0.016313333948644627, -0.01715648251898453, -0.018193108556708627, -0.015748867746178518, -0.017624059293012743, -0.01622158320263683, -0.015764229996819343, -0.01880538882478057, -0.01642941675371907], "test_MAPE": [-26738135258687.97, -21461711451835.957, -24272316479615.957, -23187847932073.324, -24208770707331.22, -25639426987957.688, -23487716970204.973, -26327932074266.914, -24309516270480.4, -23762737102799.535, -22687587884270.234, -27042102811169.684, -24159657932469.68, -23414853944840.566, -24254485854549.87], "test_R2": [0.994707523431244, 0.9943221546232279, 0.9956688691289973, 0.9943012224974329, 0.9943305491694111, 0.9939404761870007, 0.9940836145280393, 0.9933339509168947, 0.9939121438819576, 0.9945140561857692, 0.9947814130893033, 0.9945372088938995, 0.9946655897395802, 0.9938805758322364, 0.9949996056470396]}