{"fit_time": [0.17533111572265625, 0.172654390335083, 0.16968703269958496, 0.18334150314331055, 0.15754985809326172, 0.25412535667419434, 0.31532740592956543, 0.18643522262573242, 0.15891432762145996, 0.22272467613220215, 0.23245620727539062, 0.1528315544128418, 0.21924424171447754, 0.16428899765014648, 0.15057015419006348], "score_time": [0.004836320877075195, 0.008292913436889648, 0.004896640777587891, 0.004576444625854492, 0.0057735443115234375, 0.045683860778808594, 0.005298137664794922, 0.020634889602661133, 0.00482487678527832, 0.007874488830566406, 0.004747629165649414, 0.0052337646484375, 0.0061223506927490234, 0.0039653778076171875, 0.004672050476074219], "test_MSE": [-0.00286013814019713, -0.00285040244930213, -0.00414942765529468, -0.002851318153873148, -0.0030729879866980814, -0.0031084187101608892, -0.0030286214823596227, -0.00284032650807123, -0.0034300411333892094, -0.0033705663308882913, -0.0038826723580734587, -0.0032805540662410623, -0.0031412343029190186, -0.0032333381190169062, -0.003437178428238196], "test_MAPE": [-0.05667421684257985, -0.06325712721342917, -0.06138914134446055, -0.09657036497420016, -0.12319909962587387, -0.05538396612944132, -0.05640970108880992, -0.07498300271421503, -0.09353506756343635, -0.07064088674047767, -0.07807344795455319, -0.09292255476614841, -0.08214558966879179, -0.07903361547875652, -0.06182444009422413], "test_R2": [0.9989619844267131, 0.9989406902788442, 0.9987993729461117, 0.9989772165371817, 0.9988405988655187, 0.9987558548616782, 0.9989016045282523, 0.9988964080548622, 0.9988522249051639, 0.9988259005147924, 0.9988503180334624, 0.9988952384392893, 0.9989370471948674, 0.9989478458747957, 0.9989538735391329]}