{"fit_time": [0.019926786422729492, 0.09949707984924316, 0.06306290626525879, 0.02918243408203125, 0.018370866775512695, 0.02036261558532715, 0.019318342208862305, 0.01961350440979004, 0.020017385482788086, 0.01895761489868164, 0.021130084991455078, 0.0245664119720459, 0.02128911018371582, 0.023042917251586914, 0.030473947525024414], "score_time": [0.003039836883544922, 0.0029096603393554688, 0.003631591796875, 0.002933502197265625, 0.002545595169067383, 0.0034198760986328125, 0.0026209354400634766, 0.002964019775390625, 0.0027234554290771484, 0.0027742385864257812, 0.0027723312377929688, 0.0028076171875, 0.0031769275665283203, 0.0048084259033203125, 0.004236698150634766], "test_MSE": [-2.306129975973855, -2.3361136314680957, -2.9251488670589634, -2.3629962070310024, -2.2706487145226677, -2.14718960335704, -2.3686098685891883, -2.2331138786215106, -2.523525971230008, -2.4377861407509833, -2.8816890173272056, -2.528232870598498, -2.5043013683404527, -2.60115127152136, -2.7949203366713467], "test_MAPE": [-668010498649336.8, -684204610274152.1, -641226199356231.5, -672629779399175.8, -652942252597671.1, -678854644974925.0, -691924120400916.5, -690475510642913.6, -661621828365807.6, -662053573112789.0, -649076257338651.5, -667270393219664.6, -655868118921577.6, -647714127155981.9, -688862988539300.5], "test_R2": [0.16304782785089766, 0.13181807707730098, 0.15361511075856515, 0.15238029822433252, 0.14331175161707954, 0.14058698162530292, 0.14097209930358623, 0.13233690492311134, 0.15556690187909217, 0.15082417258119762, 0.14671504807724667, 0.14859062354584374, 0.15257701028506265, 0.15356453922496305, 0.14934875181725527]}