{"fit_time": [0.6615750789642334, 0.5764453411102295, 0.5661208629608154, 0.5497956275939941, 0.5405933856964111, 0.5679402351379395, 0.5748085975646973, 0.6220860481262207, 0.5245959758758545, 0.5393836498260498, 0.5651648044586182, 0.6358871459960938, 0.5249435901641846, 0.5414073467254639, 0.5443761348724365], "score_time": [0.04158926010131836, 0.037301063537597656, 0.04076266288757324, 0.035718679428100586, 0.035958290100097656, 0.03753376007080078, 0.04198932647705078, 0.04539918899536133, 0.03483319282531738, 0.03561997413635254, 0.03764748573303223, 0.04536890983581543, 0.0355989933013916, 0.033446311950683594, 0.03204655647277832], "test_MSE": [-0.016636521487182244, -0.018586251863351437, -0.01647861200542917, -0.01764874880427568, -0.017273006719575414, -0.016849760100283488, -0.01919233793802821, -0.019249300875041665, -0.01868067004781666, -0.017833105958025352, -0.01969536014274461, -0.018022528713409224, -0.01726335398532082, -0.020074718689055002, -0.017943415882066986], "test_MAPE": [-28850618898018.18, -26767035776552.914, -24575684441694.73, -26146247947341.797, -26357720294327.06, -26219064552945.188, -29468058503436.113, -26930950120361.297, -27329061530849.492, -26089800234356.03, -26326350632467.19, -27269012360459.71, -26535156387510.12, -27129620225640.793, -28420712093689.188], "test_R2": [0.9939621907955025, 0.9930926956354817, 0.9952319526865343, 0.9936692969909632, 0.9934831038476992, 0.9932558805407617, 0.9930394810952212, 0.9925207988113822, 0.9937489939619034, 0.9937880348672882, 0.9941680888078303, 0.9939307212905675, 0.9941583056928798, 0.9934675257261908, 0.9945388106714623]}