{"fit_time": [0.5505425930023193, 0.612821102142334, 0.6624696254730225, 0.6081509590148926, 0.5350193977355957, 0.5635905265808105, 0.5757827758789062, 0.6503057479858398, 0.5369846820831299, 0.6274795532226562, 0.5732591152191162, 0.7172303199768066, 0.5347673892974854, 0.5396013259887695, 0.5420510768890381], "score_time": [0.03495287895202637, 0.03547525405883789, 0.04489421844482422, 0.03939700126647949, 0.036614418029785156, 0.03685712814331055, 0.03815770149230957, 0.044469594955444336, 0.03491830825805664, 0.04383063316345215, 0.03686857223510742, 0.04562211036682129, 0.036554813385009766, 0.03361344337463379, 0.033588409423828125], "test_MSE": [-0.05910791730991007, -0.06044420016877894, -0.062098723142430146, -0.060725721822006196, -0.05639338077291639, -0.058711189893028, -0.061726309132015066, -0.06695948888387691, -0.06486871160745161, -0.06487118400733191, -0.07464355125746804, -0.06132782253632593, -0.06324450297012432, -0.06818570064693659, -0.07548274603842273], "test_MAPE": [-27209795374463.875, -25193160945427.914, -20619439109366.492, -24717276802314.81, -21788547682490.723, -24810427204596.31, -25061801064181.2, -25529493797539.188, -25560474846014.07, -24047082861427.824, -23943783834079.508, -27148446438618.242, -23110753776504.25, -23227583149027.12, -24446160194485.383], "test_R2": [0.97854826037598, 0.9775368110415601, 0.982031881692987, 0.9782173504689821, 0.9787234607071764, 0.9765008358649606, 0.9776136110658883, 0.9739832894659116, 0.9782933531343477, 0.9774028408668805, 0.9778976084292581, 0.9793472018530541, 0.9785988833183068, 0.9778118267948321, 0.9770263605400944]}