{"fit_time": [0.8313779830932617, 0.817497730255127, 0.8313243389129639, 0.5394573211669922, 0.48845863342285156, 0.536895751953125, 0.5332920551300049, 0.5766704082489014, 0.48876237869262695, 0.5304274559020996, 0.5101773738861084, 0.5870804786682129, 0.49814486503601074, 0.4655601978302002, 0.46022677421569824], "score_time": [0.03206825256347656, 0.03341031074523926, 0.04070734977722168, 0.03249955177307129, 0.032454490661621094, 0.033022165298461914, 0.03901195526123047, 0.03678584098815918, 0.03146696090698242, 0.03649711608886719, 0.03263568878173828, 0.04187345504760742, 0.033188819885253906, 0.029526472091674805, 0.02993321418762207], "test_MSE": [-0.005573227937128254, -0.006438882431381719, -0.006051208536062093, -0.0049624180929704895, -0.0058198134543828986, -0.005791756372727635, -0.006001976258736993, -0.006670316904393634, -0.006240466570333221, -0.006491786447731623, -0.006562047972888274, -0.0067692672892852145, -0.005414635153756102, -0.006719534815990118, -0.006267122031368419], "test_MAPE": [-19909133542062.83, -20611506278722.027, -17344758905817.744, -20067054726787.453, -17038136638742.592, -16947180123249.836, -19708467019787.36, -21223004868628.83, -18920120233574.695, -20771546364616.094, -18339567346917.547, -20231384456038.05, -18414976848041.2, -19582978570991.86, -20356333208000.99], "test_R2": [0.9979773363702574, 0.9976070850084304, 0.9982490971573282, 0.9982199534085013, 0.9978042548976147, 0.9976818484878118, 0.9978232527298202, 0.9974082881012846, 0.9979117882756967, 0.9977386580241693, 0.9980569392618728, 0.9977203770630284, 0.9981677579351194, 0.9978134095427522, 0.9980925627437216]}