{"fit_time": [0.45687294006347656, 0.39696478843688965, 0.4026212692260742, 0.3890810012817383, 0.36568355560302734, 0.3981363773345947, 0.372722864151001, 0.44797348976135254, 0.3695869445800781, 0.371962308883667, 0.40511059761047363, 0.44174814224243164, 0.36883091926574707, 0.36514782905578613, 0.37790346145629883], "score_time": [0.004670381546020508, 0.0049822330474853516, 0.007789134979248047, 0.00801992416381836, 0.00919032096862793, 0.0052242279052734375, 0.006607532501220703, 0.005259990692138672, 0.0066070556640625, 0.006612539291381836, 0.004738807678222656, 0.00530552864074707, 0.006655216217041016, 0.004927873611450195, 0.005407094955444336], "test_MSE": [-0.003916998976512327, -0.004012718660669319, -0.003129562098733376, -0.0033359812181071647, -0.004371880557723558, -0.0031390779415623295, -0.003629314332482088, -0.0030819157699413795, -0.002630317667143672, -0.0033451542422033654, -0.0037623395065304027, -0.003204738740143082, -0.004130222448721438, -0.0038991560690437277, -0.0035752090563818226], "test_MAPE": [-0.05689080137973619, -0.1291592859299302, -0.08313881407222441, -0.06800381405116623, -0.12146036710104573, -0.09753954059105065, -0.08302814941493321, -0.09730310056967745, -0.087666049603055, -0.19789951735895148, -0.14786814584967933, -0.06240619857934155, -0.08251492746156058, -0.09872225509985465, -0.06783881587399916], "test_R2": [0.9987403852628457, 0.9988513941283139, 0.9988594371115636, 0.9988728387389251, 0.9986986460008025, 0.9987332357745998, 0.9987859948351845, 0.9989727116040661, 0.9989786228035176, 0.998850115013208, 0.9987061594918664, 0.998847661942203, 0.9986153504317207, 0.9987261150778024, 0.9988089304474771]}