{"fit_time": [0.05533146858215332, 0.10288071632385254, 0.07368993759155273, 0.05371499061584473, 0.05228900909423828, 0.05694127082824707, 0.07275009155273438, 0.05999612808227539, 0.07610583305358887, 0.06865692138671875, 0.06319737434387207, 0.07170343399047852, 0.062360286712646484, 0.05858302116394043, 0.04698324203491211], "score_time": [0.004254341125488281, 0.0037429332733154297, 0.0048007965087890625, 0.003635883331298828, 0.004536867141723633, 0.0057752132415771484, 0.009411811828613281, 0.005101442337036133, 0.004221200942993164, 0.004563808441162109, 0.003939151763916016, 0.005172252655029297, 0.005270242691040039, 0.004423618316650391, 0.0029036998748779297], "test_MSE": [-2.4971168278877736, -2.783081179562853, -2.2472360867017795, -2.344039471935948, -2.627776324502969, -2.006027420762414, -2.392793978247159, -2.3532160779392433, -2.120670624813737, -2.258812356652267, -2.3688261460110875, -2.230964512675261, -2.3041993084140358, -2.4335500866488156, -2.374853155961098], "test_MAPE": [-546639200684949.0, -495695747883600.75, -580296819238333.5, -544890796210626.3, -540618307863097.5, -550019823390381.75, -554893177224735.4, -545085008533752.6, -546792606859272.44, -523361438331011.6, -557255110220918.0, -543851550541658.44, -531199133894016.06, -550075347760101.3, -557079781989499.8], "test_R2": [0.1969859640851913, 0.20336717957405448, 0.18099912985122735, 0.20799599444511152, 0.21780405851962448, 0.1904744580732355, 0.19961073034285703, 0.21560751479006357, 0.17652356424807658, 0.22354120951266987, 0.18537834793607522, 0.19780502499386243, 0.22752137028049813, 0.20494006705536183, 0.20882520681442562]}