{"fit_time": [7.243786334991455, 10.770692110061646, 7.564600229263306, 7.456782817840576, 7.465149641036987, 7.97953987121582, 11.027461290359497, 10.931157112121582, 5.660252571105957, 5.0732338428497314, 6.20314884185791, 10.663832426071167, 7.4474427700042725, 7.282341480255127, 5.0185935497283936], "score_time": [0.34183835983276367, 0.3994882106781006, 0.38391876220703125, 0.39127588272094727, 0.45130205154418945, 0.3560159206390381, 0.3251767158508301, 0.35515451431274414, 0.2857241630554199, 0.3688504695892334, 0.31413698196411133, 0.2024703025817871, 0.37168383598327637, 0.22549843788146973, 0.2051849365234375], "test_MSE": [-2.963585520043765, -3.3297287624932492, -2.812567782338088, -3.038676124265553, -3.4465874021004925, -2.33364331202261, -2.835778973763753, -3.0892984415010156, -2.6426871881868004, -2.99169539598839, -2.98157997977797, -2.858324362258002, -3.0632574892027735, -3.143340538601919, -2.8762747600891583], "test_MAPE": [-41904561298.02784, -1.0181791091284416, -0.7375071797817346, -0.7498204796782996, -0.747379003303174, -1.4950688411822906, -204904950742.58484, -0.7479534683326152, -0.7503949447077409, -0.7561395950021542, -0.7436449806118053, -0.7479534683326152, -0.7501077121930203, -0.7554215137153526, -1308298474034.5918], "test_R2": [0.046980604731247766, 0.04689405584100226, -0.025034919436564218, -0.026707822464554942, -0.0259269987107118, 0.05826617957650748, 0.05143230785688402, -0.029749246064232127, -0.02618039834756436, -0.028384753534116847, -0.025343127429362955, -0.027776742890195383, -0.02695150506145616, -0.02695405019771635, 0.04177819047616771]}