{"fit_time": [0.5450739860534668, 0.38963770866394043, 0.4816267490386963, 0.5367536544799805, 0.3017299175262451], "score_time": [0.008229970932006836, 0.010734796524047852, 0.011730194091796875, 0.008988380432128906, 0.00948333740234375], "test_MSE": [-0.003803584926077111, -0.0035161342742948813, -0.0039346088827599416, -0.003935919349560625, -0.0044276392134919695], "test_MAPE": [-0.19876923443785968, -0.12052874891671939, -0.1323903047787583, -0.11509984419994744, -0.11400826393031115], "test_R2": [0.9986810345504167, 0.9987902596385043, 0.9986883705532551, 0.998711042560685, 0.9985926056487711]}