{"fit_time": [0.8391342163085938, 0.9208571910858154, 0.879155158996582, 0.8800785541534424, 0.5258357524871826], "score_time": [0.11670804023742676, 0.10124087333679199, 0.10517311096191406, 0.10170340538024902, 0.08720850944519043], "test_MSE": [-0.007398764108694466, -0.007037177277274584, -0.0074967204538707085, -0.0074617915383685994, -0.006765635814710819], "test_MAPE": [-17735449206580.66, -19158713255690.152, -19913968816117.56, -17047701336835.594, -16205189728732.873], "test_R2": [0.997434337758024, 0.9975788304088512, 0.9975009156959932, 0.9975563697170086, 0.9978494368739258]}