{"fit_time": [0.04029059410095215, 0.03734898567199707, 0.03530263900756836, 0.03952360153198242, 0.03334999084472656], "score_time": [0.006041765213012695, 0.006402730941772461, 0.004759311676025391, 0.004648685455322266, 0.0058879852294921875], "test_MSE": [-2.287212940218932, -2.330363227055054, -2.388661883111522, -2.444073953394983, -2.5154419330069113], "test_MAPE": [-526828670800162.06, -548924663896261.25, -535766070310472.9, -546281890205158.56, -554218993873075.6], "test_R2": [0.20686539077753974, 0.19822901152458283, 0.20372282034589106, 0.1996006460812645, 0.20042745204475598]}