{"fit_time": [21.33231210708618, 23.16351556777954, 21.90501642227173, 22.153462171554565, 18.34303569793701], "score_time": [0.4471733570098877, 0.3783102035522461, 0.4778120517730713, 0.4060022830963135, 0.3543379306793213], "test_MSE": [-0.0008332303664378442, -0.0008164783804300834, -0.0008365573695436715, -0.0009331325268010292, -0.001239977944856886], "test_MAPE": [-1169889328.272017, -3350012120.6936865, -711989470.701876, -972212116.222168, -2459301251.580711], "test_R2": [0.9997110615153245, 0.9997190872776629, 0.9997211277378566, 0.9996944124090293, 0.9996058536228692]}