{"fit_time": [0.07790684700012207, 0.06688833236694336, 0.05540156364440918, 0.03804206848144531, 0.041895151138305664, 0.04488992691040039, 0.04173135757446289, 0.0488283634185791, 0.03949165344238281, 0.04127645492553711, 0.05001211166381836, 0.051789045333862305, 0.04765725135803223, 0.04601311683654785, 0.044893503189086914], "score_time": [0.0032341480255126953, 0.003826141357421875, 0.003934621810913086, 0.00313568115234375, 0.0034911632537841797, 0.003091573715209961, 0.0034554004669189453, 0.0034914016723632812, 0.00390625, 0.0044863224029541016, 0.0040514469146728516, 0.0036449432373046875, 0.003938436508178711, 0.00459599494934082, 0.003318309783935547], "test_MSE": [-2.2341396312391333, -2.3854417842568334, -2.1386089820356196, -2.089655262151089, -2.025039400916052, -2.132719787435969, -2.5923783940335383, -2.298955770835618, -2.533312144976536, -2.5187143134986094, -2.6481968180250086, -1.916781425700307, -2.693570324201014, -2.3834820275045914, -2.6419269394977163], "test_MAPE": [-551895638707339.1, -542274431880933.25, -550210930042701.8, -560047055020661.06, -537007111077687.7, -559853663846553.25, -554316096235311.9, -567397719145368.0, -557982462687874.06, -555521256271262.44, -537370222123902.1, -534158254947542.1, -560193275513805.9, -577480475411991.4, -529430439646393.0], "test_R2": [0.18125999745855392, 0.19363053642067463, 0.1784017357081331, 0.1969062820174612, 0.19270681062989237, 0.20723528470042807, 0.23235462952695207, 0.19806120756156576, 0.20903672716856603, 0.22211058603345146, 0.2121998175898837, 0.1889240156294194, 0.21042985017161897, 0.19457173077580303, 0.22328579152141081]}