{"fit_time": [0.46361207962036133, 0.3979959487915039, 0.5689599514007568, 0.5258855819702148, 0.4186882972717285, 0.4452385902404785, 0.3818368911743164, 0.44211244583129883, 0.47326183319091797, 0.3835940361022949, 0.37677741050720215, 0.3730335235595703, 0.367872953414917, 0.3842484951019287, 0.39344263076782227], "score_time": [0.009515762329101562, 0.004874706268310547, 0.0056078433990478516, 0.005917549133300781, 0.006741762161254883, 0.005074501037597656, 0.004602670669555664, 0.0064508914947509766, 0.005195140838623047, 0.007915019989013672, 0.006452322006225586, 0.007075309753417969, 0.006303548812866211, 0.005168437957763672, 0.005398750305175781], "test_MSE": [-0.002878702263387145, -0.003109022292037742, -0.0029686919780152836, -0.002768535746750933, -0.0028910470056264887, -0.0031072738574338473, -0.0041619865947250655, -0.003029730484367566, -0.003372445069884667, -0.0034077034233394045, -0.003549145262213589, -0.0029559358079763545, -0.0036664815171283597, -0.003218465731627945, -0.00384699817323496], "test_MAPE": [-0.12150957827137016, -0.12513957171633713, -0.09025211311897927, -0.11334822046545194, -0.057242828884107116, -0.0799389886462038, -0.14717351434877654, -0.17487734234459973, -0.07317117100492977, -0.11104292995617827, -0.13802724421857804, -0.24756727683937327, -0.23501659588356857, -0.07880973579599347, -0.1588027611418275], "test_R2": [0.9989450486149183, 0.9989490329823045, 0.9988595053154443, 0.998935999776376, 0.9988474680755667, 0.99884497856237, 0.9987675681340483, 0.998943146955296, 0.9989470384866667, 0.9989475517708591, 0.9989441807097038, 0.9987492113012757, 0.9989252389904909, 0.9989124133289579, 0.9988690004645961]}