{"fit_time": [0.016408920288085938, 0.01660466194152832, 0.014430522918701172, 0.01212620735168457, 0.015741825103759766, 0.014243125915527344, 0.014054059982299805, 0.014189481735229492, 0.014891386032104492, 0.016096115112304688, 0.016138553619384766, 0.015900373458862305, 0.015472888946533203, 0.013537406921386719, 0.01465153694152832], "score_time": [0.002686023712158203, 0.00258636474609375, 0.0024688243865966797, 0.0032558441162109375, 0.0025577545166015625, 0.0031709671020507812, 0.002485990524291992, 0.002588987350463867, 0.004326820373535156, 0.002575397491455078, 0.0029969215393066406, 0.0024797916412353516, 0.0024547576904296875, 0.003133535385131836, 0.002421855926513672], "test_MSE": [-2.5986257461638416, -2.179870824323023, -2.902351410280538, -2.3802228525746196, -2.4807013352233387, -3.072584133402724, -2.5553612687488636, -2.151135261296642, -2.544518720595229, -2.5883524066637276, -2.4251667829708694, -2.0344791685535153, -2.151104141476535, -2.3908536373902085, -2.5030518096447145], "test_MAPE": [-645397188572619.5, -675465348436559.8, -653786082561217.2, -655588229405146.0, -632894267602618.8, -674552189737135.9, -671192810463279.2, -667086178347809.8, -669801158224156.4, -696435401895324.5, -704631775397761.5, -688277328830255.6, -661983334717205.0, -676070597877300.4, -688379633335518.8], "test_R2": [0.1469474166465209, 0.14458987262711553, 0.1470689381094361, 0.17307993888028683, 0.1453257609417774, 0.1585732478781975, 0.15631358763659808, 0.13753712955126363, 0.1665427967809523, 0.1346052584888573, 0.13120796712560434, 0.13164863222381373, 0.1401515886663458, 0.1532809321063927, 0.15356881986194093]}