{"fit_time": [0.20139145851135254, 0.19300055503845215, 0.16304492950439453, 0.20763039588928223, 0.1502692699432373, 0.17532086372375488, 0.17740702629089355, 0.17671608924865723, 0.15396928787231445, 0.18012666702270508, 0.17954206466674805, 0.18023467063903809, 0.15692496299743652, 0.15332674980163574, 0.14380478858947754], "score_time": [0.00521540641784668, 0.004384756088256836, 0.004519939422607422, 0.0047245025634765625, 0.004244804382324219, 0.007295131683349609, 0.008410453796386719, 0.007375001907348633, 0.004883527755737305, 0.008051395416259766, 0.005778789520263672, 0.00720524787902832, 0.00460052490234375, 0.003870725631713867, 0.004237651824951172], "test_MSE": [-0.0034267336095322163, -0.002801790521958743, -0.004015891196081093, -0.0031281664839961343, -0.003104716843711245, -0.0044047551592054715, -0.003141486398412586, -0.0026043009764684304, -0.0033797669994927106, -0.003324054881063268, -0.0037294102847410912, -0.0027139754510389605, -0.0023810530367288424, -0.003413919552620551, -0.0033214562089386047], "test_MAPE": [-0.09001363253731207, -0.08381426526493806, -0.11172084618842797, -0.1604762360184708, -0.2332592706526132, -0.06957735249468286, -0.07942842763883161, -0.10397134381709033, -0.08007956761119767, -0.07924902126968054, -0.0904510081712396, -0.0676800105660978, -0.13878875664886006, -0.10026566251412848, -0.11603333151434081], "test_R2": [0.9988751039035186, 0.9989005403620624, 0.9988198264585819, 0.9989132346925664, 0.998930334148568, 0.9987937583914431, 0.9989627966028213, 0.9989558476697911, 0.9988929571914211, 0.9988886290726252, 0.9986639756220256, 0.9988416277092205, 0.9990482354473423, 0.9987909628861205, 0.9988768174562445]}