{"fit_time": [8.283218622207642, 8.321954011917114, 11.074017763137817, 9.703276872634888, 6.628506422042847, 9.6075439453125, 10.832838773727417, 10.121964693069458, 9.478585720062256, 10.619431257247925, 7.5039167404174805, 7.477426290512085, 7.197992324829102, 6.278239488601685, 8.187281370162964], "score_time": [0.007060527801513672, 0.011542320251464844, 0.008398056030273438, 0.018695592880249023, 0.006718635559082031, 0.010219573974609375, 0.012530088424682617, 0.00758671760559082, 0.006208896636962891, 0.006469249725341797, 0.008709192276000977, 0.006263256072998047, 0.006476879119873047, 0.0056705474853515625, 0.005711078643798828], "test_MSE": [-0.0036391894268266107, -0.003526749301727636, -0.003844991431349616, -0.004464211435466623, -0.0034442796748209866, -0.0037657358974643464, -0.003753750240621525, -0.003341647643279794, -0.0035670110651704495, -0.0033954159143672036, -0.0035523741549833925, -0.004975117359098185, -0.004473690591227861, -0.004511328172911484, -0.0031287174198310957], "test_MAPE": [-45146493934254.49, -45117127477038.555, -48351385369937.42, -49085374996096.375, -44288902672100.914, -45098717323723.78, -41969807456467.57, -39194166031386.67, -40356062357637.01, -43704246984389.98, -41504175080224.81, -55782988189156.03, -47109689419705.24, -52972852714023.836, -43642058597277.44], "test_R2": [0.9990188699480048, 0.9987257789678149, 0.9986914899445269, 0.9984395558638607, 0.9988402845514746, 0.9985510739303433, 0.99887025805594, 0.998654156082427, 0.9985983369029496, 0.9986624008797291, 0.9990260284043334, 0.9985341305537961, 0.9983957266790346, 0.9986377778723801, 0.9988601317120667]}