{"fit_time": [0.06259441375732422, 0.05836653709411621, 0.10117697715759277, 0.08458542823791504, 0.05599546432495117, 0.06652617454528809, 0.07188296318054199, 0.07089471817016602, 0.057256460189819336, 0.057511329650878906, 0.04929351806640625, 0.06959939002990723, 0.09690165519714355, 0.06767606735229492, 0.04677295684814453], "score_time": [0.005509614944458008, 0.0040628910064697266, 0.008495569229125977, 0.00410771369934082, 0.005044460296630859, 0.005315303802490234, 0.0060329437255859375, 0.006659269332885742, 0.0038971900939941406, 0.0041081905364990234, 0.003580808639526367, 0.00407719612121582, 0.0031816959381103516, 0.0037300586700439453, 0.003475189208984375], "test_MSE": [-2.917824466153879, -2.223960889938546, -2.278806039790979, -2.2788701128255933, -2.404371343392311, -2.1217412772456687, -2.619575204412775, -2.0203554689251506, -1.9751724289654549, -2.072433001859222, -2.8817557905460838, -2.6245834374415, -2.2595319319044145, -2.6667568987729755, -2.2427535411567097], "test_MAPE": [-532520601068067.75, -527412889639593.4, -559806754307950.4, -541028263419449.56, -555983803915960.8, -543264907945546.8, -516649909486806.2, -557651987198901.0, -520855070824220.4, -549129761952890.94, -518822929154468.0, -519210958423790.8, -553891992082365.5, -541407635601352.3, -561615012090565.56], "test_R2": [0.21335084975590402, 0.19647882560619245, 0.2244870578313467, 0.20343165730677282, 0.19042968220380008, 0.18362669784197372, 0.21160338479135787, 0.18630465882407354, 0.2238526168239372, 0.18358026526955595, 0.20989508334811968, 0.22669227833942063, 0.189727871808691, 0.19475703889057283, 0.1829100247242229]}