{"fit_time": [0.5658671855926514, 0.5850188732147217, 0.45874977111816406, 0.4065370559692383, 0.37945055961608887, 0.7082433700561523, 0.5370252132415771, 0.6362836360931396, 0.37883734703063965, 0.9866237640380859, 0.9077503681182861, 0.400432825088501, 0.9801249504089355, 0.43044567108154297, 0.361248254776001], "score_time": [0.0047266483306884766, 0.01057291030883789, 0.005013942718505859, 0.005203723907470703, 0.005613803863525391, 0.02721571922302246, 0.011411666870117188, 0.008317708969116211, 0.006960391998291016, 0.0051229000091552734, 0.0055921077728271484, 0.0069026947021484375, 0.0052242279052734375, 0.0051119327545166016, 0.005017518997192383], "test_MSE": [-0.004168592732862666, -0.002809344488958093, -0.0034308088131904217, -0.003203998041888819, -0.0029725402422034817, -0.002877260627665132, -0.0039173077918511524, -0.003373974173971279, -0.003089413247346162, -0.0035146430140146384, -0.0037842652550298854, -0.0035325340682508376, -0.0030947160413136118, -0.004212234685044679, -0.0030134053916018202], "test_MAPE": [-0.053229606572388996, -0.11986551976262388, -0.0574998161456184, -0.13870859896983284, -0.06833061750765827, -0.07927699279408022, -0.08566003845882522, -0.5925648504854081, -0.09464111403657804, -0.07155407769428676, -0.07540287419230668, -0.0790634239707505, -0.08952489127016858, -0.07780904086559687, -0.06812366528822288], "test_R2": [0.9988761421500648, 0.998984978650813, 0.9988324426957462, 0.9988800575355937, 0.9989991228454972, 0.998892928753865, 0.998821033197053, 0.9986411366173751, 0.998786009782076, 0.9986154322409458, 0.9989624497003796, 0.9989591735461569, 0.9988902293800161, 0.998728090913636, 0.9989021427046104]}