{"fit_time": [6.528869867324829, 9.87325143814087, 11.319066762924194, 9.461007356643677, 9.05534839630127, 9.885600328445435, 10.960036993026733, 9.35655689239502, 11.246371507644653, 9.663098335266113, 9.885476112365723, 9.433076620101929, 9.915502786636353, 6.996701955795288, 9.322340250015259], "score_time": [0.004320859909057617, 0.005863189697265625, 0.009720802307128906, 0.004446506500244141, 0.005152702331542969, 0.01133108139038086, 0.009267091751098633, 0.0063135623931884766, 0.008520126342773438, 0.004754304885864258, 0.008807897567749023, 0.00588226318359375, 0.0056743621826171875, 0.0058441162109375, 0.0049839019775390625], "test_MSE": [-0.01109373666186863, -0.00923662924137041, -0.012049086997093814, -0.01013662035967992, -0.010549079920092902, -0.009593687614539657, -0.00742635551337029, -0.010317920423487966, -0.008530560527785044, -0.007726343427151617, -0.010363284328379761, -0.010710570547847218, -0.00912822690289637, -0.009326174577848569, -0.014203206619523711], "test_MAPE": [-82276994355024.39, -70167543033724.99, -104282758388636.67, -72801121723141.7, -84005204956631.36, -69536212719244.445, -59220184681725.92, -78251268315657.56, -62777075622108.1, -63575608511563.26, -67425608521554.58, -81138298794214.4, -72956437555935.39, -65236649991229.234, -70417150885871.4], "test_R2": [0.9970091146265581, 0.9966627888066543, 0.9958995093288329, 0.9964567919711717, 0.9964480436822551, 0.9963086779138682, 0.9977649377883047, 0.9958444719712206, 0.9966479016547769, 0.996956263847578, 0.9971586482354348, 0.996844235626163, 0.99672660176438, 0.9971839066259299, 0.994825424402363]}