{"fit_time": [0.020201444625854492, 0.023445606231689453, 0.03261709213256836, 0.020849227905273438, 0.019762754440307617, 0.02088761329650879, 0.02202773094177246, 0.020647287368774414, 0.02310013771057129, 0.021024465560913086, 0.02409076690673828, 0.029955387115478516, 0.021477937698364258, 0.022823810577392578, 0.022200584411621094], "score_time": [0.002890348434448242, 0.0029151439666748047, 0.0030143260955810547, 0.0040323734283447266, 0.003432035446166992, 0.002600431442260742, 0.0028243064880371094, 0.0026781558990478516, 0.0029120445251464844, 0.0037865638732910156, 0.004029512405395508, 0.0026755332946777344, 0.0036253929138183594, 0.003275632858276367, 0.0027022361755371094], "test_MSE": [-3.135864918685621, -2.361914356543201, -2.4537087305341165, -2.440489481129469, -2.551531655279979, -2.240096733199207, -2.810556910210645, -2.139926071330751, -2.129833388183737, -2.17647605827581, -3.1098674902125687, -2.8377521045828638, -2.4036404065034866, -2.837493056348054, -2.3677353368378173], "test_MAPE": [-679940380371120.8, -666384970470583.5, -681131741132402.1, -679231556597778.0, -685998438190983.4, -687062826328626.1, -635787069205528.5, -700326381107978.9, -679354334457882.1, -650592929502644.2, -659830462395010.9, -666484987702339.4, -694959616237087.4, -685133634728963.4, -698220515927611.9], "test_R2": [0.1545668691934875, 0.1466359834953619, 0.164964966910495, 0.1469383663410505, 0.1408796737205853, 0.13808757606429933, 0.15412485538545506, 0.1381477658339516, 0.16307832845477288, 0.1425932686120177, 0.14735259586754335, 0.16388422508232747, 0.13805031914610144, 0.14320224994169595, 0.13737609936462736]}