{"fit_time": [0.18595671653747559, 0.17126917839050293, 0.20158767700195312, 0.17801356315612793, 0.158829927444458, 0.17119622230529785, 0.18175148963928223, 0.17568016052246094, 0.1549844741821289, 0.16744589805603027, 0.1824948787689209, 0.17877864837646484, 0.1589984893798828, 0.16448235511779785, 0.15197134017944336], "score_time": [0.004976987838745117, 0.005536794662475586, 0.006778717041015625, 0.0081024169921875, 0.0052258968353271484, 0.004418849945068359, 0.0043604373931884766, 0.005564212799072266, 0.005097150802612305, 0.0043413639068603516, 0.004559040069580078, 0.004907369613647461, 0.004378557205200195, 0.004303693771362305, 0.004656314849853516], "test_MSE": [-0.004031630010478014, -0.0027396055594205403, -0.0033137629257484033, -0.003182692451674411, -0.0029832649623826933, -0.0028302913229032436, -0.003472222301540193, -0.0031973339366012632, -0.003016923764057186, -0.002784815268114073, -0.0036810414266359452, -0.0035722491695789776, -0.003064122011077607, -0.00358149659683346, -0.002939789517992267], "test_MAPE": [-0.06906894224203083, -0.08648369266191194, -0.0627519165480659, -0.09392091769518296, -0.09576977921290454, -0.08547106331092383, -0.08206911150252483, -0.11579470246877925, -0.07785482859671235, -0.0722909270884897, -0.06890176928963852, -0.06878349907529999, -0.08579357185406922, -0.10555933644190632, -0.06976308075324127], "test_R2": [0.9989130674724852, 0.9990101754547751, 0.998872275221619, 0.9988875048045678, 0.9989955117497538, 0.9989110009320518, 0.9989549876998474, 0.9987122782260786, 0.9988144946484793, 0.99890294251229, 0.9989907510764355, 0.9989474718817765, 0.9989012004531128, 0.9989185459963882, 0.9989289627680921]}