{"fit_time": [1.127194881439209, 0.9155006408691406, 1.055840253829956, 1.171156883239746, 0.8736231327056885, 1.0457792282104492, 0.9917054176330566, 1.0353336334228516, 0.9907121658325195, 0.9191672801971436, 1.0691230297088623, 1.1324219703674316, 0.911137580871582, 0.9342482089996338, 0.8793354034423828], "score_time": [0.056394100189208984, 0.03898310661315918, 0.050681114196777344, 0.057155609130859375, 0.03983473777770996, 0.0465695858001709, 0.039388179779052734, 0.04019784927368164, 0.04652810096740723, 0.041028499603271484, 0.04139065742492676, 0.05086350440979004, 0.03988957405090332, 0.03809237480163574, 0.03752446174621582], "test_MSE": [-0.006233524360928169, -0.0055801544872890975, -0.0061393386079743595, -0.006504188541495247, -0.006197704841753269, -0.0075259614987006375, -0.006870485603912833, -0.005789316430898055, -0.006612179304693769, -0.007366072411726411, -0.0068138777527115375, -0.007612417940951146, -0.006131420633347363, -0.005803799843304166, -0.005779066895183428], "test_MAPE": [-13836880861180.855, -13991045579420.48, -14084851170379.992, -14045202180692.955, -14185992539026.447, -15986995610846.723, -12882164100148.182, -15560774355550.305, -13139152074006.678, -14336425602105.746, -14153630754087.816, -15170080949966.332, -15790452076229.893, -15319744758578.514, -14169727082860.639], "test_R2": [0.9973338904517837, 0.9980735387323807, 0.9978842331196408, 0.9975747355133188, 0.9976907064125861, 0.9978683347767915, 0.9980410790521561, 0.997594677389245, 0.9978346837658206, 0.9977460212676871, 0.9979327057910434, 0.9975582279585326, 0.997858015769356, 0.9981021451761805, 0.9978722748689022]}