{"fit_time": [0.8042953014373779, 0.880791187286377, 0.8178365230560303, 0.7237324714660645, 0.7138850688934326, 0.7433152198791504, 0.7809112071990967, 0.7530043125152588, 0.7738907337188721, 0.7666077613830566, 0.8286266326904297, 0.6658987998962402, 0.8172211647033691, 0.6929836273193359, 0.7936224937438965], "score_time": [0.006716251373291016, 0.01118326187133789, 0.0054094791412353516, 0.005217075347900391, 0.004869937896728516, 0.00552821159362793, 0.00522613525390625, 0.00793004035949707, 0.010689258575439453, 0.012671232223510742, 0.006287097930908203, 0.005059480667114258, 0.004996776580810547, 0.004865407943725586, 0.005059719085693359], "test_MSE": [-0.002975479395165371, -0.003105519542973023, -0.003545439890328748, -0.002468195149026411, -0.0026905693164545647, -0.0035471044221107827, -0.002974071159369873, -0.0023280575932364232, -0.002847573759436736, -0.0033655822039115376, -0.0030791443447537913, -0.0025927654495248773, -0.002318966982371246, -0.002686652815814298, -0.0030128112316500284], "test_MAPE": [-163066773221.12152, -0.2893696499992064, -0.08776900370575784, -0.23927874117608133, -60723516144.952805, -0.17777745004576895, -0.07585396662281077, -0.13238656996644727, -0.38957532182727456, -0.13676500232379843, -0.10273701313731307, -0.11842624765502831, -0.10546769880105034, -0.14500316025031282, -0.09749981131773493], "test_R2": [0.998727372579837, 0.9989278678343045, 0.9987781543297647, 0.9990796659717129, 0.9989974813858312, 0.9989953125403301, 0.999152029328007, 0.9990327477112384, 0.9990674938767987, 0.9989701498593211, 0.9990658040100708, 0.9991683401734059, 0.9991898793110673, 0.9991214588469476, 0.9988907492698902]}