{"fit_time": [0.10982084274291992, 0.1297469139099121, 0.1640644073486328, 0.1813831329345703, 0.10009884834289551, 0.18136334419250488, 0.12756919860839844, 0.11384272575378418, 0.10673189163208008, 0.1561450958251953, 0.11723971366882324, 0.12333965301513672, 0.1057889461517334, 0.06751394271850586, 0.06722235679626465], "score_time": [0.0054836273193359375, 0.006680488586425781, 0.004453182220458984, 0.009021997451782227, 0.004712820053100586, 0.004633665084838867, 0.0056726932525634766, 0.00452733039855957, 0.010069847106933594, 0.004592180252075195, 0.004927635192871094, 0.00594639778137207, 0.009196758270263672, 0.0031905174255371094, 0.003618001937866211], "test_MSE": [-1.2104697389414893, -1.3627026372798445, -1.3252266946865427, -1.2835327835821781, -1.2805691139822266, -1.5330205701531145, -1.5580225830919738, -1.1648248865125788, -1.3754820413470525, -1.5190848027196235, -1.4098541537149614, -1.5206107151095136, -1.3096857784983453, -1.4112159475194772, -1.306059204633125], "test_MAPE": [-866367944723239.2, -869635251434159.2, -873790482105200.2, -897457346153328.4, -848386567470601.2, -837438314777623.6, -902086923197109.0, -823342473552027.9, -819857255176955.5, -845930118730859.2, -839706239006235.9, -857865300402244.6, -858494921367359.6, -832733731124757.8, -845253990081985.0], "test_R2": [0.48227603808734587, 0.5295481772086936, 0.5432943304440305, 0.521399716866549, 0.5228540050443948, 0.5657848320878511, 0.5557747659794807, 0.5160430992948439, 0.5495655128655168, 0.5351681810161104, 0.5722577608193234, 0.5122463376404898, 0.5424671617887958, 0.5385294004339436, 0.5191377703698805]}