{"fit_time": [1.127941608428955, 1.0471994876861572, 0.9344494342803955, 1.051377534866333, 0.830394983291626, 0.950676441192627, 0.974156379699707, 1.0157623291015625, 0.835900068283081, 0.9857442378997803, 0.9541008472442627, 1.0558123588562012, 0.8331656455993652, 0.8859021663665771, 0.820603609085083], "score_time": [0.047731876373291016, 0.04016423225402832, 0.0357515811920166, 0.04727363586425781, 0.03391599655151367, 0.05572199821472168, 0.04123115539550781, 0.044677734375, 0.0353083610534668, 0.0379939079284668, 0.04668474197387695, 0.04355144500732422, 0.03650403022766113, 0.03257131576538086, 0.032891273498535156], "test_MSE": [-0.0034800324729608143, -0.0034810920452345183, -0.0037731301282534413, -0.004029800697344561, -0.0034719395032486115, -0.0049955884003352324, -0.0035377703428435677, -0.004023358623384427, -0.003602871936214071, -0.0043315735066522644, -0.004189432613426756, -0.004050577849718966, -0.004082196569417744, -0.004087224226117637, -0.0034135079223950515], "test_MAPE": [-14729673979848.219, -15747587931986.086, -13169814739659.822, -13109595129390.867, -13658235616617.941, -15465066126828.148, -13535593388957.02, -14471338671833.283, -14217234255787.324, -12169778231479.809, -11441857727167.826, -14927329979862.254, -13655461799348.678, -15344240565304.432, -15033965803766.977], "test_R2": [0.9985115727047738, 0.998798207288089, 0.9986996866811882, 0.9984973786572573, 0.9987063392279144, 0.9985850416502533, 0.9989913067528574, 0.998328390651381, 0.9988201534269321, 0.9986745616909899, 0.9987289484644623, 0.9987007298046493, 0.9985739029825282, 0.9986634690335645, 0.9987432215747952]}