{"fit_time": [1.0493381023406982, 1.2390837669372559, 1.2388274669647217, 1.3766188621520996, 0.9648065567016602, 1.1147308349609375, 1.1239979267120361, 1.1526784896850586, 1.2658748626708984, 0.9591829776763916, 1.1104495525360107, 1.0857813358306885, 1.077742576599121, 0.9396209716796875, 0.942176342010498], "score_time": [0.04494476318359375, 0.05439162254333496, 0.06342554092407227, 0.05088233947753906, 0.045113563537597656, 0.04459095001220703, 0.04805111885070801, 0.04684948921203613, 0.06206870079040527, 0.04615044593811035, 0.05514192581176758, 0.04860830307006836, 0.042696237564086914, 0.044202327728271484, 0.041348934173583984], "test_MSE": [-0.012486514670695375, -0.012961248545497985, -0.0123240630723263, -0.014610295757734097, -0.012326646048578853, -0.01685362511013037, -0.014075294126287767, -0.014624658082405177, -0.012884231628050498, -0.015356566460309197, -0.015365458425481747, -0.014721256551572323, -0.012474601183253399, -0.01292834310297576, -0.01213054853824073], "test_MAPE": [-15922308735206.582, -16599546331925.887, -14497190142908.07, -16652627532678.42, -17184059465787.35, -16263243310621.229, -17287910371880.93, -16267115858129.008, -16104546243347.373, -14693735852269.139, -14846814551587.988, -17001409801553.535, -16417659523198.428, -15862099386276.096, -17131603073133.834], "test_R2": [0.9946594552198835, 0.9955253311785963, 0.9957528251583945, 0.9945521518610535, 0.9954070344746763, 0.9952263526011312, 0.9959868355600153, 0.9939238041001822, 0.9957807502453327, 0.9953009728566088, 0.9953382017738255, 0.9952779848739615, 0.9956420541639607, 0.9957724044618312, 0.9955337992366331]}