{"fit_time": [0.6827738285064697, 0.6443397998809814, 0.565082311630249, 0.5126864910125732, 0.5266280174255371, 0.6411457061767578, 0.7327966690063477, 0.6287569999694824, 0.7908804416656494, 0.5959405899047852, 0.4972069263458252, 0.6465809345245361, 0.5041060447692871, 0.5920431613922119, 0.5608563423156738], "score_time": [0.047197818756103516, 0.044272661209106445, 0.034332990646362305, 0.03142142295837402, 0.033959388732910156, 0.032093048095703125, 0.046543121337890625, 0.032825469970703125, 0.03799748420715332, 0.03780770301818848, 0.03161931037902832, 0.03869056701660156, 0.03203320503234863, 0.03138089179992676, 0.031096935272216797], "test_MSE": [-0.0062597313379770345, -0.006162056516458952, -0.006902555812717822, -0.006214131583410024, -0.006604162804975059, -0.006285814743571589, -0.0061657639812518015, -0.006507166767846672, -0.005863728174393857, -0.006305099047462194, -0.006646243974035971, -0.006077779253718838, -0.005611358276837211, -0.005924414503454478, -0.006212387628788944], "test_MAPE": [-19793817349124.73, -19235474261193.094, -19073558129089.01, -19576227924885.785, -18660503174472.234, -22705742668299.84, -19987416814725.4, -19972002283512.086, -18456346784257.195, -19420624744225.438, -19039323245018.574, -19308538412136.95, -20122191277779.15, -20646876401818.473, -19688172904937.26], "test_R2": [0.997322681596617, 0.9978726461364323, 0.9976212097245443, 0.9976828911787136, 0.9975392582891295, 0.9982195959027008, 0.9982420101112711, 0.9972964277310669, 0.9980797819865809, 0.9980706734384688, 0.9979835649864177, 0.9980504812569333, 0.9980396972153389, 0.9980627039272107, 0.9977127357198595]}