{"fit_time": [0.49857544898986816, 0.8337955474853516, 0.7682969570159912, 0.8029239177703857, 0.6290464401245117, 0.543769121170044, 0.48500847816467285, 0.5791904926300049, 0.6913580894470215, 0.4772195816040039, 0.6669867038726807, 0.6355412006378174, 0.48302698135375977, 0.5323023796081543, 0.4541890621185303], "score_time": [0.030683040618896484, 0.03468179702758789, 0.041036367416381836, 0.03008747100830078, 0.03778982162475586, 0.03288125991821289, 0.03430628776550293, 0.03076767921447754, 0.0364377498626709, 0.028820037841796875, 0.0469510555267334, 0.032062530517578125, 0.03572344779968262, 0.026938199996948242, 0.026401996612548828], "test_MSE": [-0.003243186405689422, -0.003842314395663147, -0.003673104954623708, -0.0037037953790012485, -0.003890704276690475, -0.004576051192882663, -0.003469407477496582, -0.0036670361613703006, -0.003094841704017643, -0.0038294270060520654, -0.0040618362088405075, -0.0040850185868353634, -0.003782198324041043, -0.003623662993882538, -0.0041246861665753054], "test_MAPE": [-14318642900566.91, -16931760802873.178, -13788456427361.6, -15708809181533.316, -13277676330804.414, -14768044178725.174, -14513890061984.799, -15803075498455.482, -13068685426281.02, -15114687672144.594, -14222452275738.186, -14447261643062.533, -15400042322176.771, -12700461977031.734, -15026023438761.904], "test_R2": [0.9986128729524101, 0.9986735009078831, 0.9987341578128657, 0.9986189386514062, 0.9985503055298542, 0.9987038720316104, 0.9990107984535469, 0.9984764341181412, 0.9989865200752848, 0.9988282158325181, 0.9987676605338386, 0.9986896825356172, 0.9986787060207218, 0.9988150545369392, 0.9984813814109285]}