{"fit_time": [0.23101258277893066, 0.2030189037322998, 0.21080899238586426, 0.1749105453491211, 0.161895751953125, 0.1765275001525879, 0.1903855800628662, 0.1997690200805664, 0.16007161140441895, 0.20921111106872559, 0.18436479568481445, 0.20601344108581543, 0.16083431243896484, 0.16931724548339844, 0.16839146614074707], "score_time": [0.0054056644439697266, 0.006730794906616211, 0.005423784255981445, 0.004419565200805664, 0.005540132522583008, 0.006910562515258789, 0.00567317008972168, 0.007597446441650391, 0.004696369171142578, 0.009996175765991211, 0.004583835601806641, 0.010137557983398438, 0.004251003265380859, 0.00491786003112793, 0.007036685943603516], "test_MSE": [-0.0027802791120772334, -0.0033376432365442763, -0.002976092243433651, -0.0028741678819584086, -0.0030382077240087516, -0.0038052000063635537, -0.003782414027070905, -0.0027616884622213016, -0.0036865665840426754, -0.003321384504948093, -0.003513568931104772, -0.003191471313865128, -0.003218131625230672, -0.0031538317552607976, -0.0029716090853267665], "test_MAPE": [-0.085552093019184, -0.18902026918280376, -0.05529683711009291, -0.10610967036947933, -0.06350295704615, -0.07077129186161572, -0.1064559855124553, -0.09599799458616537, -0.13522967656678145, -0.081528348486195, -0.09174564917134187, -0.10362552967917951, -0.14804062114090563, -0.07109000131857113, -0.061503344438723], "test_R2": [0.998810860717273, 0.998847730751007, 0.9989743655133515, 0.9989282879411624, 0.9988679497017964, 0.998922209139348, 0.9989215536574549, 0.9988525844490743, 0.9987927456130622, 0.9989836741186431, 0.9989340019049869, 0.9989762982687249, 0.9988757601858385, 0.9989686903456634, 0.9989059189925769]}