{"fit_time": [0.04771256446838379, 0.024164438247680664, 0.04497385025024414, 0.03330039978027344, 0.030404329299926758, 0.030757904052734375, 0.02312612533569336, 0.03233146667480469, 0.02323460578918457, 0.03437972068786621, 0.02418684959411621, 0.02447962760925293, 0.030364990234375, 0.02973461151123047, 0.019483089447021484], "score_time": [0.003317117691040039, 0.0032646656036376953, 0.0033638477325439453, 0.0031480789184570312, 0.0052187442779541016, 0.0029838085174560547, 0.0031099319458007812, 0.0033996105194091797, 0.004013776779174805, 0.004297494888305664, 0.0036208629608154297, 0.004111051559448242, 0.002893209457397461, 0.002792835235595703, 0.0025069713592529297], "test_MSE": [-2.0501658602304156, -2.457249014722231, -2.4631898157680916, -2.2915216193134142, -2.2884665121072354, -2.9770874078442406, -2.9495429807628932, -2.062048225076672, -2.585523689496046, -2.8048838737894455, -2.7386867873170577, -2.6970465311776364, -2.438878915898136, -2.5912303527929645, -2.333358240283999], "test_MAPE": [-677733682791284.9, -677646601099579.9, -689579712304100.4, -699583454058891.6, -659428727415483.4, -657781659212600.8, -683656829853278.6, -650220495718202.5, -646774679670781.5, -681219825271664.4, -670512261315932.1, -691112136714602.2, -664985893974524.9, -687496986773241.5, -660536928947232.0], "test_R2": [0.12313380699237664, 0.15167311898963065, 0.1511242879695407, 0.14554352655566083, 0.14730675687907802, 0.156765059873189, 0.15902283118214056, 0.14326824601038646, 0.15330843875528155, 0.14172054729404848, 0.16909701919538334, 0.13489079745096766, 0.14798861622841653, 0.152662194174482, 0.14090889450608413]}