{"fit_time": [0.5770418643951416, 0.7249670028686523, 0.738269567489624, 0.6490452289581299, 0.7251455783843994, 0.5486454963684082, 0.6679849624633789, 0.5971617698669434, 0.602015495300293, 0.6408123970031738, 0.5466222763061523, 0.633676290512085, 0.5712378025054932, 0.5681545734405518, 0.5842325687408447], "score_time": [0.03591442108154297, 0.04746508598327637, 0.0550839900970459, 0.03713583946228027, 0.03757882118225098, 0.037009239196777344, 0.03693890571594238, 0.047464847564697266, 0.04522824287414551, 0.04118776321411133, 0.03586244583129883, 0.035645484924316406, 0.03645133972167969, 0.03380560874938965, 0.03316545486450195], "test_MSE": [-0.016603684919599935, -0.016067108230701673, -0.01709012674951674, -0.020402840460804397, -0.019076153768186995, -0.019195472438974265, -0.01862716345233977, -0.019314225191591212, -0.016287743196751525, -0.018525467909600326, -0.018593115180729862, -0.01830825484856943, -0.016889886179645458, -0.018235287464576356, -0.01838956543152216], "test_MAPE": [-27555541664394.613, -25713563845352.12, -25927667726947.754, -27261329726336.99, -27837980559125.26, -28705650826294.61, -27207654713379.883, -25828479019401.12, -26368663208571.21, -24631532529596.305, -26055160815151.812, -27635235729848.445, -27512090545490.64, -27124383836297.016, -30552188558102.402], "test_R2": [0.9928985209110294, 0.9944530815841032, 0.9941103225499237, 0.992392243231984, 0.9928921365740717, 0.9945630440644317, 0.9946890012163158, 0.991975401048282, 0.9946661889920264, 0.9943313059741428, 0.9943589479097584, 0.9941274132392538, 0.9940995942021317, 0.99403702243138, 0.9932293670884432]}