{"fit_time": [8.06186056137085, 8.134538173675537, 7.987622499465942, 8.269397258758545, 8.269604444503784, 8.769443273544312, 8.756853818893433, 8.257601499557495, 8.252135753631592, 8.431207180023193, 8.23219895362854, 10.726032018661499, 6.604311466217041, 10.717196941375732, 6.460794925689697], "score_time": [0.42254638671875, 0.4761340618133545, 0.7221183776855469, 0.31608057022094727, 0.4114840030670166, 0.41409730911254883, 0.33153343200683594, 0.40374207496643066, 0.39166831970214844, 0.29762864112854004, 0.4262979030609131, 0.3884875774383545, 0.3742198944091797, 0.23939275741577148, 0.24624919891357422], "test_MSE": [-3.0453543662572455, -3.0252708543133875, -3.0453237102814135, -3.027241060623739, -2.755736774803433, -2.7940841533040595, -3.18803628284555, -3.2154935862192, -2.324226191420518, -3.091268838423069, -3.388989908686601, -3.203165461914402, -3.1500161277790646, -3.3819550090547446, -2.55117736149855], "test_MAPE": [-0.7510051694428489, -0.7449741527857553, -0.7495692130959218, -0.7544161999138302, -0.739192876633635, -0.7525491885681459, -0.7499640959356599, -0.748240700847336, -0.748240700847336, -0.748671549619417, -0.7549906649432716, -1.3749726795135995, -0.747809852075255, -0.7562832112595146, -2.335380901789661], "test_R2": [-0.027586153142334258, -0.027819932814025172, -0.030117907848744352, -0.03270746250186374, -0.025836997418627883, -0.027701225587045464, -0.02451318984330042, -0.02828194544556073, -0.028802402314368925, -0.024697159736253305, -0.026827818867150466, 0.049601827331326453, -0.02708856274794247, -0.02662405640608223, 0.02074303043743031]}