{"fit_time": [0.1714181900024414, 0.19724655151367188, 0.1932823657989502, 0.18514394760131836, 0.15717101097106934, 0.19089913368225098, 0.1970655918121338, 0.18112611770629883, 0.15761160850524902, 0.19084954261779785, 0.19579815864562988, 0.1763167381286621, 0.15597105026245117, 0.15883302688598633, 0.15536856651306152], "score_time": [0.005753278732299805, 0.004621982574462891, 0.004788637161254883, 0.004759073257446289, 0.004314422607421875, 0.00748753547668457, 0.005960226058959961, 0.00448918342590332, 0.0042154788970947266, 0.009201526641845703, 0.004611968994140625, 0.009307861328125, 0.004463911056518555, 0.0041806697845458984, 0.004130363464355469], "test_MSE": [-0.003129284066015447, -0.0035106583807597794, -0.0029446727013127177, -0.003445156644727407, -0.003361506888984764, -0.0026749344633690735, -0.0031165991493062877, -0.0033962513207781097, -0.002611244209453621, -0.003119706926122772, -0.003610009243361798, -0.0036147915049084, -0.003899748560466936, -0.0034635357190445607, -0.002894723366213617], "test_MAPE": [-0.06853699633197419, -0.07223743477727083, -0.08878941638547366, -0.46472690307733017, -0.06624603562677762, -0.07000107775636294, -0.17334402118088824, -0.08541754938558964, -0.07876904084186637, -0.17409168128296626, -0.07484794815287486, -0.1060419008656816, -0.06622925417803924, -0.06423213811289587, -0.09573661019157759], "test_R2": [0.9989440936624271, 0.998807272196504, 0.9990039285242043, 0.9988247255817266, 0.9987486620038142, 0.9990161236113384, 0.9989984439784767, 0.998913913580696, 0.9988441510875181, 0.9989658761519952, 0.9989062056785858, 0.9989274699413155, 0.99872845503592, 0.9989486113564867, 0.9988888745745003]}