{"fit_time": [0.021901369094848633, 0.02256631851196289, 0.025214672088623047, 0.024807453155517578, 0.018100738525390625, 0.017088890075683594, 0.022748947143554688, 0.01842522621154785, 0.023761987686157227, 0.020746946334838867, 0.0217437744140625, 0.019310712814331055, 0.03387570381164551, 0.024550199508666992, 0.025122642517089844], "score_time": [0.002966165542602539, 0.002845287322998047, 0.003666400909423828, 0.003908395767211914, 0.004213571548461914, 0.003660440444946289, 0.002667665481567383, 0.003134489059448242, 0.0028944015502929688, 0.004098415374755859, 0.003138303756713867, 0.0036025047302246094, 0.002704620361328125, 0.005566596984863281, 0.002531766891479492], "test_MSE": [-2.529676941309233, -2.4866265508530714, -2.478536210553612, -2.4726637715559816, -2.3065042000897464, -2.312301191136125, -2.6785976306087176, -2.653646188154746, -1.9254355338973872, -2.5641524846609838, -2.798890552831604, -2.885251368413753, -2.6049102518568463, -2.797374815331176, -2.276958975322422], "test_MAPE": [-672902780419938.1, -678868826230428.2, -688789673965693.6, -668741156115927.9, -710435138897887.2, -646071143981206.9, -683620022411613.6, -692466103493928.9, -680006262621401.2, -665340189330953.9, -668224267390340.1, -673207152074007.6, -703322169236336.6, -646786261270339.5, -670491085160177.5], "test_R2": [0.1464175645320479, 0.15518164901256826, 0.1616048805836453, 0.15648001662023925, 0.1413921079881465, 0.14950494055560415, 0.13920095025010293, 0.15139110319657656, 0.147719481827024, 0.15003194303116407, 0.1519659960493197, 0.1439288226492813, 0.15064767349194952, 0.15083072586285262, 0.12600041861346833]}