{"fit_time": [10.828401565551758, 10.781334161758423, 10.671306133270264, 7.726929426193237, 3.645066738128662, 10.770265579223633, 7.426990032196045, 10.672452449798584, 10.732006549835205, 4.477131605148315, 9.528615474700928, 9.18138837814331, 10.060723066329956, 9.338738203048706, 4.695044040679932], "score_time": [0.36391305923461914, 0.37019824981689453, 0.35822153091430664, 0.19162464141845703, 0.36371731758117676, 0.3685307502746582, 0.28775644302368164, 0.3728446960449219, 0.3098599910736084, 0.38488173484802246, 0.35428810119628906, 0.43027544021606445, 0.3710811138153076, 0.36535120010375977, 0.21007227897644043], "test_MSE": [-3.0453543662572455, -3.0252708543133875, -3.0453237102814135, -3.027241060623739, -2.755736774803433, -2.7940841533040595, -3.18803628284555, -3.2154935862192, -2.324226191420518, -3.091268838423069, -3.388989908686601, -3.45332978589311, -3.1500161277790646, -3.3819550090547446, -2.6619660128844327], "test_MAPE": [-0.7510051694428489, -0.7449741527857553, -0.7495692130959218, -0.7544161999138302, -0.739192876633635, -0.7525491885681459, -0.7499640959356599, -0.748240700847336, -0.748240700847336, -0.748671549619417, -0.7549906649432716, -0.7525491885681459, -0.747809852075255, -0.7562832112595146, -0.7493896309062186], "test_R2": [-0.027586153142334258, -0.027819932814025172, -0.030117907848744352, -0.03270746250186374, -0.025836997418627883, -0.027701225587045464, -0.02451318984330042, -0.02828194544556073, -0.028802402314368925, -0.024697159736253305, -0.026827818867150466, -0.024623409923248962, -0.02708856274794247, -0.02662405640608223, -0.021782652274937808]}