{"fit_time": [8.855971097946167, 9.103516101837158, 10.802629709243774, 10.977660655975342, 6.859663724899292, 10.641993999481201, 7.6723597049713135, 7.774233818054199, 10.855305433273315, 10.735741376876831, 10.748459815979004, 10.766297340393066, 4.740777015686035, 5.510251045227051, 5.50082802772522], "score_time": [0.30616211891174316, 0.44115328788757324, 0.3772411346435547, 0.36863279342651367, 0.4006991386413574, 0.4015779495239258, 0.29661107063293457, 0.3016321659088135, 0.40050578117370605, 0.248002290725708, 0.30744457244873047, 0.36252355575561523, 0.381772518157959, 0.24601030349731445, 0.21232008934020996], "test_MSE": [-2.866013132168886, -2.8429068130492463, -2.890201497078681, -2.824920259571658, -2.56482452951931, -2.589600876775641, -3.18803628284555, -3.2154935862192, -2.1465580096020354, -2.8595066466925534, -3.1920599429206806, -3.2055276045809507, -2.940544761333952, -3.132776675958235, -2.4171677726138747], "test_MAPE": [-0.7385142886315189, -24675940859.135654, -6982259892475.715, -2083760018023.823, -149775303285.0278, -557395535929.3612, -0.7499640959356599, -0.748240700847336, -13099230042.04175, -143899610455.2028, -1.9490728056928266, -0.8568161240263468, -3689262334.643803, -0.7661100126484757, -3.13063057701175], "test_R2": [0.03292850186090179, 0.03413729537020771, 0.022354073762201998, 0.03631188444858657, 0.04523105460411403, 0.047510436757414176, -0.02451318984330042, -0.02828194544556073, 0.049841170735621776, 0.05212762387643832, 0.032839861670550086, 0.048900965605460756, 0.04121129222792663, 0.049016355842791626, 0.072181956591294]}