{"fit_time": [7.87560248374939, 10.951783895492554, 7.349172115325928, 10.698343992233276, 5.515998601913452, 5.448850870132446, 7.752281665802002, 8.091588973999023, 7.245633840560913, 10.717967748641968, 10.710009336471558, 6.4299774169921875, 6.052930116653442, 5.614157676696777, 5.57305383682251], "score_time": [0.35730457305908203, 0.38530755043029785, 0.38291478157043457, 0.39514756202697754, 0.36801815032958984, 0.7082643508911133, 0.31555891036987305, 0.3705170154571533, 0.36740827560424805, 0.29436278343200684, 0.27495646476745605, 0.3804612159729004, 0.36740946769714355, 0.20861411094665527, 0.20079565048217773], "test_MSE": [-3.045427612943352, -3.0253663695616577, -3.045419345644926, -3.027324952514408, -2.7557984103146316, -2.7941657071659507, -3.1881295168652986, -3.2155657132573903, -2.324282090917814, -3.0913354307939094, -3.3890784909717384, -3.453405184704449, -3.150087244729082, -3.3820424018704167, -2.6620278301326383], "test_MAPE": [-143744390643.11685, -191901416767.24902, -180912019581.41986, -150020487240.399, -137508888201.58548, -165713542444.31085, -190262362821.51364, -137614492496.33395, -124357363610.79243, -138209662381.3973, -164409703799.44333, -145997625868.2576, -140214937328.1697, -162104013066.3793, -146608424371.94278], "test_R2": [-0.027610868584727832, -0.02785238361951925, -0.03015025767751478, -0.03273608122756211, -0.02585994155041882, -0.027731222179566695, -0.02454315169896959, -0.028305010934314145, -0.028827145834306345, -0.024719233847832367, -0.02685465835534262, -0.024645781197343286, -0.02711175101207086, -0.026650585312198993, -0.021806380523729185]}