{"fit_time": [1.0986278057098389, 0.9805729389190674, 0.8024201393127441, 0.9652719497680664, 0.8418874740600586, 0.867760181427002, 0.9848546981811523, 1.030219554901123, 0.9258928298950195, 0.9420132637023926, 0.7991020679473877, 0.9890079498291016, 0.8237514495849609, 0.7773818969726562, 0.7894694805145264], "score_time": [0.05721163749694824, 0.03415703773498535, 0.034651994705200195, 0.039637088775634766, 0.033620595932006836, 0.03532266616821289, 0.035479068756103516, 0.045273780822753906, 0.03754830360412598, 0.04595375061035156, 0.03357577323913574, 0.04512739181518555, 0.03378558158874512, 0.03315019607543945, 0.03037405014038086], "test_MSE": [-0.0039445167994209855, -0.004308717977069103, -0.0038429050176173657, -0.004324612849284024, -0.0037750813135570644, -0.0038790784473966295, -0.003937149630397167, -0.0045952740571270825, -0.003942375982125712, -0.003434927752840346, -0.0039093506255856265, -0.0033928338387594304, -0.0037775237570566926, -0.003891385950446999, -0.0038832930967318043], "test_MAPE": [-11929075754074.068, -13097099556907.383, -14619808754239.705, -12740632566483.402, -12666694938381.332, -14078312966211.064, -16157765588952.793, -13140315088557.658, -12242362307636.48, -12744300729201.146, -13268108804225.293, -13808200159996.434, -13289326812994.46, -13182359525428.658, -13976975953637.39], "test_R2": [0.998668968763928, 0.9987081176630637, 0.9986741653508057, 0.998642348804859, 0.9987587977364237, 0.9986615319483778, 0.9987773595694741, 0.9985431768997818, 0.9984644434790658, 0.9988732308371878, 0.9988024755321612, 0.9985696963520693, 0.9985359334950358, 0.9988239312392301, 0.9985079193431146]}