{"fit_time": [0.2712254524230957, 0.24761724472045898, 0.2515604496002197, 0.2170872688293457, 0.23166942596435547, 0.22510004043579102, 0.24158167839050293, 0.24010467529296875, 0.3608286380767822, 0.25881147384643555, 0.22930598258972168, 0.34757113456726074, 0.2566981315612793, 0.2239089012145996, 0.2159273624420166], "score_time": [0.20205426216125488, 0.16413283348083496, 0.18659329414367676, 0.1488509178161621, 0.13677716255187988, 0.14584827423095703, 0.17102909088134766, 0.17157816886901855, 0.22411656379699707, 0.1667461395263672, 0.22266674041748047, 0.15094757080078125, 0.11645102500915527, 0.12602949142456055, 0.11977934837341309], "test_MSE": [-0.00780026065006455, -0.008269112326072189, -0.008358286149282107, -0.008188538205228439, -0.0082417015708133, -0.008235974193001613, -0.008095774934489427, -0.008350789697445158, -0.008537363301418422, -0.007940947871574032, -0.009118814045269602, -0.008016564165631315, -0.007176588960610454, -0.008212296576502806, -0.0077554429896764246], "test_MAPE": [-0.36511383622698407, -0.3088964232421057, -0.356201127367908, -0.3332065584797337, -0.31616440427947246, -0.3244401075836729, -0.372645021912848, -0.40082828376314367, -0.31391891536587774, -0.3364123826900137, -0.3353819332904601, -0.29735329830807966, -0.30953876715353407, -0.35955618340768036, -0.3132807602705148], "test_R2": [0.99736789292512, 0.997520673153117, 0.9971163207693668, 0.9974293239491655, 0.9972902256148293, 0.9971581940193255, 0.9974859421966277, 0.9973525793706614, 0.9966746946642039, 0.9973951081859611, 0.9972066964611939, 0.996620488501681, 0.9972185473360695, 0.9975180499747929, 0.9970201202478864]}