{"fit_time": [0.9283676147460938, 1.0529248714447021, 0.9301164150238037, 0.8990304470062256, 0.9330785274505615, 1.006922960281372, 0.9419820308685303, 1.066589117050171, 0.8798983097076416, 1.036916971206665, 1.1019785404205322, 1.0212888717651367, 1.006664752960205, 0.85495924949646, 0.8665578365325928], "score_time": [0.043205976486206055, 0.04862189292907715, 0.040201425552368164, 0.041534423828125, 0.040207862854003906, 0.045255184173583984, 0.047330379486083984, 0.046846628189086914, 0.04061150550842285, 0.04043245315551758, 0.04613041877746582, 0.08762335777282715, 0.04039335250854492, 0.040317535400390625, 0.035329341888427734], "test_MSE": [-0.006689276566167059, -0.007215419421747461, -0.0064239654794925344, -0.006834576432155413, -0.005888277984557132, -0.006542785470381782, -0.005834754148751905, -0.006617826600501859, -0.005814452275777546, -0.00621167934387343, -0.006573888694612867, -0.005264934984620516, -0.005886303686069497, -0.006026673857929771, -0.00637162368134034], "test_MAPE": [-14185013883392.676, -12727817530768.31, -14228743098090.693, -13751286111819.22, -16044118276354.17, -15598049972222.727, -16314708096646.406, -14465727840420.865, -14385884500679.482, -13549587719795.83, -13025687724545.787, -15158326478741.688, -12861525127723.297, -14044994887880.148, -15049149517421.424], "test_R2": [0.9977427815600634, 0.9978366017562181, 0.9977836777180561, 0.9978543811469889, 0.9980640035654988, 0.9977424253106815, 0.9981880784338585, 0.9979019743882528, 0.9977352692517885, 0.9979623650808473, 0.9979862659263344, 0.9977804820181307, 0.99771862716979, 0.998178596791499, 0.9975518261920837]}