{
    "fit_time": [
        0.7540736198425293,
        0.7089798450469971,
        0.7718374729156494,
        0.7274608612060547,
        0.6549010276794434,
        0.7136237621307373,
        0.6979951858520508,
        0.7533743381500244,
        0.7068819999694824,
        0.842038631439209,
        0.8777141571044922,
        0.850398063659668,
        0.6516621112823486,
        0.6307473182678223,
        0.6156318187713623
    ],
    "score_time": [
        0.005665779113769531,
        0.005870342254638672,
        0.01111912727355957,
        0.006060600280761719,
        0.005578756332397461,
        0.006109476089477539,
        0.00513148307800293,
        0.006621599197387695,
        0.008104562759399414,
        0.0069963932037353516,
        0.006247282028198242,
        0.0058214664459228516,
        0.005052804946899414,
        0.0051805973052978516,
        0.004695892333984375
    ],
    "test_MSE": [
        -0.003411804397025904,
        -0.003016272483279725,
        -0.0024013367356597987,
        -0.0030970676647713727,
        -0.0026123082456062097,
        -0.003453539909040806,
        -0.0026490762629073888,
        -0.002806322943896985,
        -0.002625500361003947,
        -0.002964099560886976,
        -0.0028537049557832606,
        -0.002779226651541911,
        -0.002837375478049355,
        -0.0027367235289030454,
        -0.0022349142233424393
    ],
    "test_MAPE": [
        -913336164932.3307,
        -0.41856015365649046,
        -0.21707756155966304,
        -0.11994480054673287,
        -0.15557591613360486,
        -0.6426882448381804,
        -200055265424.12076,
        -2993288113.945563,
        -0.11274840343651257,
        -302040364984.9447,
        -0.2029791736978145,
        -0.11397624444610732,
        -5318443525.6887245,
        -0.500434175359804,
        -0.09730538908139637
    ],
    "test_R2": [
        0.9988487263574398,
        0.9990956314232506,
        0.9991715185689146,
        0.9990277192981089,
        0.9991411038231253,
        0.9988083631470883,
        0.999177357213561,
        0.9991103215955095,
        0.9989773668928754,
        0.9990276779539392,
        0.9991258442038488,
        0.9988283723261908,
        0.9989003096561183,
        0.9991728974997104,
        0.9991412772099912
    ]
}
