{"fit_time": [1.0287621021270752, 0.9955570697784424, 1.2218728065490723, 0.9931585788726807, 1.0101492404937744, 0.9831805229187012, 1.015848159790039, 1.129265308380127, 1.0082323551177979, 0.9548707008361816, 0.9825756549835205, 1.0843329429626465, 0.908583402633667, 0.9508411884307861, 0.9467687606811523], "score_time": [0.04668378829956055, 0.057238101959228516, 0.05425691604614258, 0.0437779426574707, 0.047607421875, 0.04499411582946777, 0.049498558044433594, 0.05177807807922363, 0.0469052791595459, 0.04427766799926758, 0.050000905990600586, 0.051630258560180664, 0.043900489807128906, 0.0421140193939209, 0.041948556900024414], "test_MSE": [-0.014174162592103618, -0.014209015493911254, -0.013537464972671802, -0.013678480272367429, -0.013440119109291255, -0.014681913082066721, -0.012947422626453285, -0.01488572765452932, -0.013881719731232067, -0.01435216953513522, -0.013461585080963677, -0.011609477255491985, -0.013834717505497704, -0.012486627394198384, -0.013640828049886517], "test_MAPE": [-16873318306746.857, -15685586371674.693, -14964253954103.607, -15699229701793.82, -15593404619918.568, -15844106251585.938, -17888413312168.48, -16657358008127.04, -14646650281402.562, -17202346513276.467, -16263969311308.438, -16129388842923.93, -14715322816355.135, -16212130433201.299, -17051865783454.459], "test_R2": [0.9952170939776394, 0.9957397127777843, 0.9953294603845945, 0.9957058340858036, 0.9955810471681024, 0.9949340360439917, 0.9959793140062573, 0.9952808316454941, 0.9945930663762871, 0.9952920168296784, 0.9958764053024963, 0.995105838228974, 0.9946380359706266, 0.996226246228801, 0.9947587742747863]}