{"fit_time": [0.07636570930480957, 0.06897974014282227, 0.06894874572753906, 0.07190990447998047, 0.06844544410705566, 0.07370853424072266, 0.07427573204040527, 0.075103759765625, 0.09424567222595215, 0.07732152938842773, 0.07469558715820312, 0.07569575309753418, 0.0673675537109375, 0.07753992080688477, 0.06915044784545898], "score_time": [0.04088187217712402, 0.03698420524597168, 0.03654146194458008, 0.04167342185974121, 0.03870224952697754, 0.03999590873718262, 0.04317116737365723, 0.04289364814758301, 0.03756070137023926, 0.039287567138671875, 0.03896832466125488, 0.04501223564147949, 0.037760257720947266, 0.033589839935302734, 0.02945399284362793], "test_MSE": [-0.006331857957628185, -0.006778218801227796, -0.006612303183448121, -0.006710219599156179, -0.006682510615238668, -0.006927387267680526, -0.006296354870732413, -0.006973983732583721, -0.0070037448300455515, -0.006456209187571628, -0.007259531429214818, -0.006463924679430445, -0.005775536758239496, -0.006589663943597511, -0.006183465119313099], "test_MAPE": [-0.44045280768704986, -0.3571774198020018, -0.5087177709279431, -0.38432689269948017, -0.4532562592728348, -0.3498540047486145, -0.45668081839390734, -0.4156946332512091, -0.34237117260502403, -0.37063057286821266, -0.42197060813174825, -0.3240641307944562, -0.42354394451450783, -0.4762636351575881, -0.36869100872402727], "test_R2": [0.9978633883052009, 0.9979676875600123, 0.9977186996214055, 0.9978934212203617, 0.9978028692329831, 0.9976097192503989, 0.9980447331819798, 0.9977890631818973, 0.9972720394773366, 0.997882151257707, 0.9977762377069396, 0.9972750286373235, 0.9977615574488097, 0.9980084478880471, 0.9976241224993248]}