{"fit_time": [0.6197404861450195, 0.5723497867584229, 0.6478638648986816, 0.49251651763916016, 0.4826507568359375, 0.4963412284851074, 0.48909807205200195, 0.5956885814666748, 0.4798436164855957, 0.49756431579589844, 0.5532166957855225, 0.7242429256439209, 0.5729854106903076, 0.6605610847473145, 0.6286730766296387], "score_time": [0.032837629318237305, 0.032526254653930664, 0.03680777549743652, 0.03636622428894043, 0.032193899154663086, 0.030998706817626953, 0.03335857391357422, 0.035791873931884766, 0.03533220291137695, 0.037590742111206055, 0.033141374588012695, 0.07753705978393555, 0.031914472579956055, 0.029755115509033203, 0.028943538665771484], "test_MSE": [-0.00687333099498875, -0.006374411672084975, -0.0067185290239445495, -0.00658857318313943, -0.006630046635024837, -0.006134468288294911, -0.006840754225212957, -0.007094129563966898, -0.00588962545464683, -0.006314493925369644, -0.005807331099547976, -0.005994050269842804, -0.005938607049853309, -0.006228795534492403, -0.005149845550278005], "test_MAPE": [-18807921790919.016, -16018684456853.615, -17554533119428.818, -20151597168318.875, -19509079045264.97, -18015912291202.26, -20347354286966.19, -20737929072819.61, -20076779577041.62, -20551147102353.633, -21983176298285.246, -19787648874071.805, -17347015638356.768, -20728761254049.77, -20454255883130.082], "test_R2": [0.9976806745374909, 0.9980887609977367, 0.9976820508103305, 0.9979316103965599, 0.9978201187716259, 0.9978833143157797, 0.9978756756851549, 0.9977509737838814, 0.9977059892781037, 0.997928638519984, 0.9982210802379723, 0.9974731117483869, 0.9976983557941647, 0.9981175108461041, 0.9980212709316265]}