{"fit_time": [0.20154237747192383, 0.269073486328125, 0.17455244064331055, 0.28343892097473145, 0.1571052074432373, 0.20851445198059082, 0.165971040725708, 0.15985608100891113, 0.15612316131591797, 0.1884138584136963, 0.1951444149017334, 0.2693345546722412, 0.21214723587036133, 0.16570425033569336, 0.15612339973449707], "score_time": [0.008159399032592773, 0.005522251129150391, 0.00506901741027832, 0.005034208297729492, 0.004450321197509766, 0.0047757625579833984, 0.004567146301269531, 0.004770755767822266, 0.004568815231323242, 0.00910186767578125, 0.006615638732910156, 0.0045871734619140625, 0.004856586456298828, 0.004911661148071289, 0.004875659942626953], "test_MSE": [-0.003832466805148192, -0.003718007030752812, -0.0033627958779109397, -0.0036897837255404227, -0.003194975357924388, -0.0038868795566005224, -0.003555453933930292, -0.0035310922866783555, -0.0027699161568294976, -0.0030797003619837567, -0.0035217691068824154, -0.0027922623988381593, -0.0028052833364976483, -0.0033865845684308365, -0.003033167877473667], "test_MAPE": [-0.1321169197362536, -0.06804186992140081, -0.12535306238134894, -0.08074080417318005, -0.17341786300830472, -0.07241014829567614, -0.06754437381365307, -0.07756180094625832, -0.07760393562537185, -0.06497950849813847, -0.07377131152494532, -0.13367385391798123, -0.05435098866080026, -0.09371577739648411, -0.08262028964331407], "test_R2": [0.9987067787289916, 0.9988852304473866, 0.9988398070541263, 0.9988416444524922, 0.9989495297407013, 0.9986588401916685, 0.9988958911556387, 0.9988805505943096, 0.9989211169009895, 0.9989897570929358, 0.9989212007109394, 0.9988228768973554, 0.9989127477061586, 0.9989764941418419, 0.998834563601992]}