{"fit_time": [0.5180318355560303, 0.5252547264099121, 0.5157101154327393, 0.5016167163848877, 0.5232264995574951, 0.5278856754302979, 0.5602824687957764, 0.5518715381622314, 0.6258289813995361, 0.5504894256591797, 0.7209112644195557, 0.8164048194885254, 0.5245528221130371, 0.6497015953063965, 0.5390620231628418], "score_time": [0.035472869873046875, 0.04081130027770996, 0.04979205131530762, 0.035120248794555664, 0.042353153228759766, 0.03842020034790039, 0.03911113739013672, 0.04223322868347168, 0.06574201583862305, 0.03659701347351074, 0.03850555419921875, 0.036850929260253906, 0.035538673400878906, 0.03509855270385742, 0.03661179542541504], "test_MSE": [-0.01929333731408072, -0.017102519527105647, -0.020579399886230778, -0.019532490429701354, -0.017982042887003412, -0.018199203173561655, -0.01820764206838659, -0.01870181661713011, -0.018824648137990573, -0.018760345629489666, -0.016838124079751066, -0.017962089232896588, -0.017772911455684656, -0.016944319570139876, -0.017157619441169707], "test_MAPE": [-25792393154425.566, -24932030419700.863, -26880692642430.824, -26174640080612.637, -27118932699437.367, -27811425235007.695, -25420070710223.21, -26832634666648.184, -27560923867151.4, -28265866653315.33, -25217029653221.02, -29176601765525.543, -27280740368577.508, -27059573779807.758, -26181741657723.65], "test_R2": [0.9934896881116377, 0.9948721538490655, 0.992899933434809, 0.9938680501815663, 0.9940877161360946, 0.993720402321551, 0.9943458081538274, 0.9940710307752756, 0.9926677944129022, 0.9938459902332654, 0.9948420933527836, 0.9924277925252998, 0.9931116980245711, 0.9948790263487861, 0.9934075148466348]}