{"fit_time": [0.5218749046325684, 0.5055198669433594, 0.5368592739105225, 0.50177001953125, 0.4219539165496826, 0.46184468269348145, 0.42247939109802246, 0.4422321319580078, 0.4594149589538574, 0.430584192276001, 0.5390255451202393, 0.5127956867218018, 0.44332361221313477, 0.43648791313171387, 0.42435193061828613], "score_time": [0.028432369232177734, 0.028363704681396484, 0.02733445167541504, 0.030791521072387695, 0.028400897979736328, 0.03136110305786133, 0.02824854850769043, 0.031598567962646484, 0.034418344497680664, 0.03040337562561035, 0.04018831253051758, 0.050867557525634766, 0.028720617294311523, 0.028168439865112305, 0.025185108184814453], "test_MSE": [-0.0045852990970052365, -0.003582017988700452, -0.004054321674089512, -0.004439161112238831, -0.004128541428618225, -0.0037454121765733463, -0.003510843729315276, -0.0035637594895607983, -0.0032670975459465237, -0.00379826299055611, -0.0036896878116910296, -0.0032722179559629373, -0.003527540222307913, -0.003959391099277941, -0.003795841031453877], "test_MAPE": [-13737897252891.15, -16237909783129.604, -13612411154840.225, -13558814060437.64, -16591609597368.79, -13815599146112.432, -15727178876053.604, -12416160475918.871, -15803928742599.094, -15444129408412.05, -15033459595376.916, -16858461561078.707, -11798567555316.482, -15937335526301.973, -14440515798767.592], "test_R2": [0.9984527442434159, 0.9989260040237449, 0.9986012248208466, 0.9986063879936785, 0.9986425842145262, 0.9987076532206085, 0.9989097443857408, 0.9988701942292295, 0.9987274646142449, 0.9987540449412741, 0.9988697633299329, 0.9986205439164831, 0.9986328203827316, 0.9988033784767619, 0.998541521116598]}