{"fit_time": [0.20025157928466797, 0.1702132225036621, 0.161513090133667, 0.19455814361572266, 0.15443634986877441, 0.15601825714111328, 0.16757535934448242, 0.21490859985351562, 0.17360472679138184, 0.15593433380126953, 0.15970683097839355, 0.17696619033813477, 0.16018104553222656, 0.18650269508361816, 0.15387296676635742], "score_time": [0.004543781280517578, 0.006101369857788086, 0.00500178337097168, 0.004755496978759766, 0.005845069885253906, 0.004998922348022461, 0.0050432682037353516, 0.009182929992675781, 0.004541635513305664, 0.005604267120361328, 0.004101276397705078, 0.004212141036987305, 0.004345893859863281, 0.005688905715942383, 0.0052678585052490234], "test_MSE": [-0.003381012070984513, -0.0031167369088396135, -0.003194084477770946, -0.003140800233538813, -0.0031847105166239883, -0.0033014415825775006, -0.003727505120853322, -0.004076118317034706, -0.0032592576995683887, -0.0032307157628260847, -0.0032694850017372414, -0.003251983110630391, -0.003066413996764289, -0.003464911240998611, -0.003580739582570128], "test_MAPE": [-0.0672252393606801, -0.06111980400627532, -0.08996298176717356, -0.09658863914906467, -0.08084603809790467, -0.0678852825444324, -0.18215795463752446, -0.10193470311115017, -0.2692055280711669, -0.15199334894835587, -0.08997651058247767, -0.146133954487575, -0.09996941706689573, -0.06215779681216458, -0.09897593609009361], "test_R2": [0.9990559848860816, 0.9988605501515518, 0.9988842932158088, 0.9988822395262448, 0.9988295475436431, 0.998931220559721, 0.9988079475934777, 0.9987268682365663, 0.9987168925433743, 0.998946688002968, 0.9988064279055086, 0.9989929287027571, 0.9989407216092321, 0.9988666687791717, 0.998956283467907]}