{"fit_time": [5.954594850540161, 6.817944526672363, 10.688695192337036, 6.090758562088013, 4.999956130981445, 5.576632499694824, 5.551245927810669, 6.027795314788818, 10.703098058700562, 6.197470188140869, 6.001097679138184, 5.016254901885986, 5.617056846618652, 5.091060161590576, 3.7172677516937256], "score_time": [0.37427496910095215, 0.3611617088317871, 0.3182494640350342, 0.27216649055480957, 0.36220622062683105, 0.7593958377838135, 0.3666701316833496, 0.3831496238708496, 0.37503600120544434, 0.2570986747741699, 0.36139464378356934, 0.3732912540435791, 0.22100067138671875, 0.221846342086792, 0.1947643756866455], "test_MSE": [-3.669185612836256, -2.8125716394614164, -2.932741845754537, -2.8790829618940363, -2.7935937797776695, -3.1669717451738624, -3.209909627719787, -3.2957627149416897, -2.6064335895099098, -3.1518826997282874, -2.81195684874819, -3.318594170358657, -2.9662012391019292, -3.1451976461554305, -3.5261049572769494], "test_MAPE": [-0.7494256174612292, -0.7537334865020103, -0.7485640436530729, -0.7407726554645986, -0.7547034324285509, -0.7525491885681459, -0.7447939106706879, -0.7498204796782996, -0.7565704437742352, -0.7476662358178946, -0.7493896309062186, -0.7554215137153526, -0.7535545023696683, -0.7470917707884532, -0.7522619560534253], "test_R2": [-0.024476281529674182, -0.028249872244482388, -0.024418732930082676, -0.024619490632619367, -0.026708294061963844, -0.025247366801431692, -0.026525885916597547, -0.0293960750838278, -0.026103083024987317, -0.02761001108842498, -0.026544921844406266, -0.027699352201738137, -0.024660361766240424, -0.02875670980713463, -0.02779159247422025]}