{"fit_time": [20.218440532684326, 20.19897150993347, 20.26237988471985, 21.142704963684082, 20.968542098999023, 19.549238443374634, 19.409895181655884, 19.023534297943115, 20.921289682388306, 18.789080381393433, 21.016892433166504, 20.99601936340332, 11.780489206314087, 12.73996615409851, 12.326907634735107], "score_time": [0.3791935443878174, 0.41652560234069824, 0.38054633140563965, 0.3819131851196289, 0.728809118270874, 0.7126891613006592, 0.5501055717468262, 0.4170711040496826, 0.2892427444458008, 0.3724639415740967, 0.6834843158721924, 0.3814058303833008, 0.6916098594665527, 0.39145708084106445, 0.21964430809020996], "test_MSE": [-3.669185612836256, -2.8125716394614164, -2.932741845754537, -2.8790829618940363, -2.7935937797776695, -3.1669717451738624, -3.209909627719787, -3.2957627149416897, -2.6064335895099098, -3.1518826997282874, -2.81195684874819, -3.318594170358657, -2.9662012391019292, -3.1451976461554305, -3.5261049572769494], "test_MAPE": [-0.7494256174612292, -0.7537334865020103, -0.7485640436530729, -0.7407726554645986, -0.7547034324285509, -0.7525491885681459, -0.7447939106706879, -0.7498204796782996, -0.7565704437742352, -0.7476662358178946, -0.7493896309062186, -0.7554215137153526, -0.7535545023696683, -0.7470917707884532, -0.7522619560534253], "test_R2": [-0.024476281529674182, -0.028249872244482388, -0.024418732930082676, -0.024619490632619367, -0.026708294061963844, -0.025247366801431692, -0.026525885916597547, -0.0293960750838278, -0.026103083024987317, -0.02761001108842498, -0.026544921844406266, -0.027699352201738137, -0.024660361766240424, -0.02875670980713463, -0.02779159247422025]}