{"fit_time": [0.018876314163208008, 0.0185089111328125, 0.019325733184814453, 0.026988983154296875, 0.01699090003967285, 0.01825737953186035, 0.018273591995239258, 0.018281221389770508, 0.017244815826416016, 0.016791582107543945, 0.01863884925842285, 0.0180819034576416, 0.017795562744140625, 0.017121553421020508, 0.01614975929260254], "score_time": [0.0036973953247070312, 0.002803325653076172, 0.004873991012573242, 0.002952098846435547, 0.0026428699493408203, 0.007143259048461914, 0.0033674240112304688, 0.002730131149291992, 0.0026421546936035156, 0.003998279571533203, 0.002584695816040039, 0.0026237964630126953, 0.002899169921875, 0.0023636817932128906, 0.0025205612182617188], "test_MSE": [-3.059790206779374, -2.3337326837800134, -2.4597701431654944, -2.422271017308789, -2.336997910596173, -2.6416953376107255, -2.658671198470842, -2.6810505961291464, -2.19960213930642, -2.575991987593313, -2.338757507254649, -2.7296338237070614, -2.4923901713151078, -2.5837141022497674, -2.889789146228722], "test_MAPE": [-680724973535030.9, -704585667291014.9, -691079480836786.1, -693537421390767.2, -665672517295417.9, -682075812600298.9, -687148789880910.2, -661090846892775.2, -660016078945174.8, -699044303620121.6, -679336631228013.6, -655703105513844.2, -664132835931542.8, -698672246602488.4, -680971751094108.4], "test_R2": [0.14567350249715016, 0.14680916913139097, 0.140792219059929, 0.13795256031929748, 0.14110091618061604, 0.14480096233749984, 0.1497596119832345, 0.16260265089948112, 0.134058682463855, 0.1601479473958035, 0.146203241501898, 0.15468937496852053, 0.13901545824463846, 0.15489787353687634, 0.15768219480034718]}