{"fit_time": [0.05153346061706543, 0.03509187698364258, 0.020953893661499023, 0.026569366455078125, 0.02574014663696289, 0.07589387893676758, 0.02214956283569336, 0.05880570411682129, 0.020992279052734375, 0.04255104064941406, 0.021971464157104492, 0.046958208084106445, 0.021057844161987305, 0.028870582580566406, 0.022339820861816406], "score_time": [0.0029909610748291016, 0.002991199493408203, 0.003275632858276367, 0.0034224987030029297, 0.002900838851928711, 0.007387399673461914, 0.002824544906616211, 0.0030579566955566406, 0.003175973892211914, 0.0028870105743408203, 0.0029685497283935547, 0.003024578094482422, 0.003030061721801758, 0.007444858551025391, 0.002685070037841797], "test_MSE": [-2.5745440893019444, -3.1008893676879152, -2.7513054501391965, -2.620099766820915, -2.464692822658631, -2.202594666800935, -2.105084174734919, -2.1548527504268815, -2.2495495210963647, -2.557298188781669, -2.706503258158141, -2.245564235078337, -2.482452668576484, -3.0088185418822215, -2.6026281401052174], "test_MAPE": [-673384260346681.6, -654265024631708.4, -678754889662645.8, -702125073453003.6, -664359765408951.4, -681344244195241.1, -690069715510378.0, -687913452747246.1, -713352532985423.4, -639461523633108.1, -690958527829112.5, -709192026071509.6, -677042950911077.8, -645841352562373.4, -692345434122100.2], "test_R2": [0.1475071582065458, 0.14866506182787287, 0.16467580020160322, 0.13236029605430188, 0.14939901076859996, 0.14285130317402983, 0.15096494132621663, 0.13801048735261456, 0.1369198424233502, 0.1526283728594533, 0.15433972028799103, 0.13716236973778806, 0.15536926248501282, 0.16421181050664768, 0.14134380144646164]}