{"fit_time": [0.17638087272644043, 0.26424646377563477, 0.19501733779907227, 0.3007481098175049, 0.15905308723449707, 0.21477985382080078, 0.2000126838684082, 0.21048426628112793, 0.15522480010986328, 0.20730352401733398, 0.1915268898010254, 0.15773248672485352, 0.16503024101257324, 0.1617591381072998, 0.15187621116638184], "score_time": [0.0061571598052978516, 0.012451410293579102, 0.005486726760864258, 0.011496543884277344, 0.005303382873535156, 0.004544496536254883, 0.004540205001831055, 0.030023813247680664, 0.0054361820220947266, 0.0060579776763916016, 0.00513148307800293, 0.005442380905151367, 0.004286050796508789, 0.004211902618408203, 0.004796028137207031], "test_MSE": [-0.0035694603657727146, -0.003764910110653496, -0.0034757690882482603, -0.003612709321123951, -0.0031749528843568473, -0.0032561745164384377, -0.0029121066621678217, -0.003282135213561383, -0.0030981509815475408, -0.0031781439560856824, -0.003598227768890145, -0.0029755084191586713, -0.0030692105353623393, -0.004006299232652198, -0.003044051901444697], "test_MAPE": [-0.0816322948902577, -0.1231736785761708, -0.0762243550078284, -0.05844464290391851, -0.0951952791636281, -0.06762259834847806, -0.19951118982670313, -0.07088538822449418, -0.07586979547970461, -0.06732468916614932, -0.0549290398956489, -0.09028135358763931, -0.05959734082336578, -0.1048151735994633, -0.07982422728583755], "test_R2": [0.9988180666924559, 0.9989663612156964, 0.9989447213023265, 0.9988036600416842, 0.998904278034419, 0.9987328464081606, 0.9988254718360184, 0.9986870721757577, 0.9988113386203442, 0.9989469084883534, 0.9988757160028036, 0.998856687957037, 0.9989557305197048, 0.9988871320966627, 0.9989957097621374]}