{"fit_time": [0.7859315872192383, 0.8208856582641602, 0.797346830368042, 0.7567954063415527, 0.730583667755127, 0.7910444736480713, 0.8127110004425049, 0.7065622806549072, 0.7271676063537598, 0.7064845561981201, 0.7510740756988525, 0.8085298538208008, 0.690117597579956, 0.6632204055786133, 0.6608121395111084], "score_time": [0.009162187576293945, 0.008319377899169922, 0.009371757507324219, 0.004813671112060547, 0.005829334259033203, 0.020637989044189453, 0.005930900573730469, 0.00818490982055664, 0.004817962646484375, 0.008283376693725586, 0.007468461990356445, 0.010205745697021484, 0.004979133605957031, 0.004846811294555664, 0.004598855972290039], "test_MSE": [-0.0022884253751884655, -0.0025878989024354614, -0.002361961411535154, -0.0022066291148570747, -0.0029153652611717865, -0.002862010547970255, -0.004700923679115887, -0.0029165593201640966, -0.0033804494213013014, -0.003365754723263422, -0.0027096972949892735, -0.0028994658438605274, -0.0024119655657195756, -0.0027766113630353297, -0.003122026862843747], "test_MAPE": [-0.12731604198230478, -3261335464.5510273, -0.11685502858083972, -200055265424.1588, -0.13922926302688302, -20463499273.96363, -0.09444789946332915, -0.15590528037841903, -0.10392131718274686, -0.15448063695328262, -0.12747550010053316, -0.26739094907446154, -0.32426772294936, -0.14277289205753996, -0.09920693086111278], "test_R2": [0.9991938085633525, 0.9989706089442228, 0.9992014806598253, 0.9992069532526888, 0.9991311852254143, 0.9990966482559844, 0.9986919745382168, 0.998974751613192, 0.9987705179366697, 0.9988201157422764, 0.9989543005507768, 0.9990383733145762, 0.9990138933062669, 0.9990619600759445, 0.9990450784715269]}