{"fit_time": [0.9131617546081543, 0.8705189228057861, 0.9550678730010986, 1.0543034076690674, 0.8857967853546143, 0.8935177326202393, 0.8009624481201172, 0.94789719581604, 1.0122666358947754, 0.8158097267150879, 0.9382238388061523, 0.995699405670166, 0.917116641998291, 0.9457037448883057, 0.8323936462402344], "score_time": [0.04072260856628418, 0.03392362594604492, 0.03642702102661133, 0.03800344467163086, 0.03639626502990723, 0.042212724685668945, 0.035393714904785156, 0.03931736946105957, 0.03452324867248535, 0.03559136390686035, 0.03406882286071777, 0.03968954086303711, 0.03636312484741211, 0.0305178165435791, 0.03343772888183594], "test_MSE": [-0.003384752704754555, -0.0037750350130239963, -0.004152120151838472, -0.0035231206764903154, -0.0038628016376456085, -0.003997251965183619, -0.004200876797897135, -0.003868327947791131, -0.004087179355969511, -0.004294078341008062, -0.003470219730164522, -0.0041418400455071605, -0.003507945874558477, -0.004048683777266462, -0.003786774624444422], "test_MAPE": [-13564905984753.176, -13670079727290.932, -14789059279217.8, -13441671861682.242, -13097961549611.453, -13087743602831.396, -14712647351721.63, -14460089434195.646, -14264434546915.852, -12142680176867.37, -11756869554222.578, -14344572275610.936, -13222101705520.193, -14220783637046.896, -14027631637639.162], "test_R2": [0.9988075824209397, 0.9984984006624079, 0.9985962733227648, 0.9987338155859252, 0.9988488375097359, 0.9987383259168703, 0.9988311118859736, 0.9986401795565422, 0.9985134776233854, 0.9984946866742936, 0.9986608072911957, 0.9986263318386901, 0.9985658133112181, 0.9986322079231138, 0.9988417548050615]}