{"fit_time": [0.7665448188781738, 1.0193099975585938, 0.8384168148040771, 0.9417867660522461, 0.7445650100708008, 0.8675136566162109, 0.8563265800476074, 0.882279634475708, 0.7586710453033447, 0.8189682960510254, 0.7755777835845947, 0.8735544681549072, 0.7461028099060059, 0.7289867401123047, 0.7149655818939209], "score_time": [0.029443025588989258, 0.035657644271850586, 0.030351877212524414, 0.03168821334838867, 0.0288846492767334, 0.03711700439453125, 0.029317140579223633, 0.034551143646240234, 0.030095338821411133, 0.031139135360717773, 0.03178095817565918, 0.03357195854187012, 0.030195236206054688, 0.02817821502685547, 0.02655625343322754], "test_MSE": [-0.005949547728403112, -0.004845502087106821, -0.005609260877654056, -0.005188275019692949, -0.005910493622414528, -0.005862209845997234, -0.005740093243965548, -0.005428972694032498, -0.006150789320713189, -0.004852382244473585, -0.0046659544349325855, -0.0052451568737141, -0.006105107089379877, -0.005807312459553025, -0.005327390700278541], "test_MAPE": [-26693979398358.625, -26563038423291.35, -28652521532800.39, -26851744201974.516, -23971877781290.93, -22927963419862.992, -25525543532869.086, -26550955670105.86, -28070844690688.32, -24527072377922.75, -27894397573399.07, -24379557796184.96, -23615169541578.395, -26013843003347.33, -24173992736184.062], "test_R2": [0.9979040284719055, 0.998072599936372, 0.9981036509432298, 0.9981353710051133, 0.9982386000640674, 0.9981496792554024, 0.998402827055144, 0.9980915713052365, 0.9977629349821098, 0.9982989700992944, 0.9981993612379759, 0.998260409644184, 0.9975039913287491, 0.9980380794334247, 0.9983705328961682]}