{"fit_time": [0.11633968353271484, 0.12205028533935547, 0.13956022262573242, 0.11175036430358887, 0.1304950714111328, 0.12750005722045898, 0.11695480346679688, 0.13758563995361328, 0.11466288566589355, 0.12124490737915039, 0.11432957649230957, 0.12734341621398926, 0.09993815422058105, 0.10049200057983398, 0.09689521789550781], "score_time": [0.0042073726654052734, 0.0059888362884521484, 0.004800081253051758, 0.005342960357666016, 0.0034973621368408203, 0.003470897674560547, 0.003440380096435547, 0.010389328002929688, 0.0048351287841796875, 0.005317211151123047, 0.009355306625366211, 0.004115104675292969, 0.0036520957946777344, 0.004299163818359375, 0.003503561019897461], "test_MSE": [-1.3799205458104757, -1.2551114733182989, -1.3502485122879138, -1.3655626788608024, -1.5028969603558813, -1.4127695761790384, -1.5608834751229996, -1.3110949712817168, -1.2635767824925792, -1.3428479843554613, -1.276931326873421, -1.4299311165591468, -1.1800478948976536, -1.399587009594473, -1.5376044783045408], "test_MAPE": [-858322033739726.8, -873056255327746.5, -868689969733770.2, -831661238007942.4, -860488118971037.1, -793269976210838.6, -831504798781065.4, -858482738335980.6, -850608016265499.9, -879135954362246.5, -874427850703479.5, -854537672343587.8, -841080265340294.8, -845112703043366.0, -847666359895724.9], "test_R2": [0.5138665479993247, 0.500753092239733, 0.5435151709768007, 0.5092265241001728, 0.5521181852485075, 0.5540799591257612, 0.5656863485344752, 0.5391151501822002, 0.5404324111682222, 0.5292570827262438, 0.5072193533659555, 0.5257540546950253, 0.5175498586618398, 0.5271687965888445, 0.5296992360686554]}