{"fit_time": [0.9209578037261963, 0.797107458114624, 0.9409403800964355, 0.8080267906188965, 0.7535586357116699, 0.8376693725585938, 0.7816240787506104, 0.8777294158935547, 0.7715208530426025, 0.8334634304046631, 0.8190793991088867, 0.8736050128936768, 0.7712323665618896, 0.759742021560669, 0.7336945533752441], "score_time": [0.03199481964111328, 0.031861305236816406, 0.03632473945617676, 0.0368955135345459, 0.03073406219482422, 0.0330965518951416, 0.033310890197753906, 0.03396296501159668, 0.03193831443786621, 0.03174185752868652, 0.031397342681884766, 0.038806915283203125, 0.029837846755981445, 0.029149532318115234, 0.02901482582092285], "test_MSE": [-0.0035365072922798526, -0.0036169466525433343, -0.003967327393468525, -0.0036537417954783, -0.0035685434052672087, -0.0037952443318057445, -0.004371797663753987, -0.0035528269410847967, -0.004175399827421241, -0.0040090905416965954, -0.003816852245505927, -0.004416436408317991, -0.003720328749350999, -0.004060907795150351, -0.003600055648855473], "test_MAPE": [-18283685416528.375, -16370969961540.248, -16871083397877.16, -15894153375062.844, -14957944188246.002, -14443452137836.082, -15304683010908.42, -15964737139957.912, -16383331033741.305, -15085951218858.377, -17468262699547.768, -15636218285549.607, -14341336888635.076, -15406792458391.053, -15871926718628.412], "test_R2": [0.9987541206606125, 0.9985612836228467, 0.9986587470747752, 0.998686871288469, 0.9989365300892005, 0.9988020866699694, 0.9987835533932705, 0.9987510865749338, 0.9984813915088632, 0.998594590751001, 0.9985270383159505, 0.9985352601708661, 0.9984789828118761, 0.9986280782069569, 0.9988988657709172]}