{"fit_time": [0.5006725788116455, 0.5276141166687012, 0.44260168075561523, 0.4600553512573242, 0.4278254508972168, 0.462780237197876, 0.5310764312744141, 0.4811534881591797, 0.4227466583251953, 0.44803595542907715, 0.47904467582702637, 0.5061132907867432, 0.42030906677246094, 0.4172677993774414, 0.40710973739624023], "score_time": [0.03450751304626465, 0.02521204948425293, 0.023850679397583008, 0.025760412216186523, 0.02564525604248047, 0.025998830795288086, 0.031580209732055664, 0.028153181076049805, 0.025038719177246094, 0.024552345275878906, 0.029171466827392578, 0.03232145309448242, 0.025147676467895508, 0.023572444915771484, 0.0236818790435791], "test_MSE": [-0.007686537057674424, -0.006613684759985789, -0.005561569265163914, -0.006663308599058294, -0.01243816527524132, -0.0059703329366030565, -0.005868202464653603, -0.005611951799956154, -0.00651420895401598, -0.005236210203492581, -0.005614315981427051, -0.004999733321193704, -0.005498691670476449, -0.006040859911270151, -0.005466066628248097], "test_MAPE": [-28426357053247.42, -31484650955537.1, -28716149035725.125, -29944787378844.168, -28640650495463.992, -27372836664185.074, -28029085009942.453, -25443228515556.957, -29759399773902.133, -24596010948136.94, -30295054273808.63, -24947768839982.875, -27450402136171.99, -27449164532620.74, -28727594176486.008], "test_R2": [0.9972921029365617, 0.9973692682000631, 0.9981197742696956, 0.9976052544692557, 0.9962932734694367, 0.9981155517842313, 0.9983671808430403, 0.9980272492693806, 0.9976307579059517, 0.9981644170484169, 0.9978333789754305, 0.9983418059599347, 0.9977519178797176, 0.9979591786420541, 0.9983281166598843]}