{"fit_time": [0.25781702995300293, 0.21619057655334473, 0.1673591136932373, 0.31737470626831055, 0.16905784606933594, 0.238006591796875, 0.2061474323272705, 0.2173600196838379, 0.16866397857666016, 0.2001481056213379, 0.24776291847229004, 0.16234278678894043, 0.20246458053588867, 0.15419816970825195, 0.15021848678588867], "score_time": [0.010734796524047852, 0.006841897964477539, 0.0047266483306884766, 0.004518747329711914, 0.005419731140136719, 0.0053653717041015625, 0.0050013065338134766, 0.0052335262298583984, 0.00661778450012207, 0.005588054656982422, 0.004485368728637695, 0.004712581634521484, 0.0043544769287109375, 0.004125118255615234, 0.004050016403198242], "test_MSE": [-0.0033865766563063865, -0.00287530541643677, -0.0028289286547607292, -0.002764248148761989, -0.0037836314791025527, -0.0033583401970260587, -0.004157186376561597, -0.003216081032337242, -0.003603214898786634, -0.0034874635771527003, -0.003456286171122209, -0.003486218467427628, -0.0026473745300590068, -0.004029887474784521, -0.0034816223744761764], "test_MAPE": [-0.0723792812338955, -0.06914180719758824, -0.07056038148627136, -0.0829897822084988, -0.12415722233992368, -0.08165161328658992, -0.09222706782593562, -0.06894739460687167, -0.06256334823183024, -0.09620077190528835, -0.10221623826408188, -0.05650631163465156, -0.10225697366794821, -0.09393368098729114, -0.19312949491523448], "test_R2": [0.9988069398594046, 0.998856286976465, 0.9990436108601229, 0.9990065489536157, 0.9988724311926148, 0.9989399890660318, 0.9988432686848165, 0.9988694617430028, 0.998689497301611, 0.9987774500186759, 0.9986661843918199, 0.9988437729947417, 0.998917648832963, 0.9986385579951431, 0.9989350904699223]}