{"fit_time": [0.45333075523376465, 0.5011646747589111, 0.5491900444030762, 0.46715235710144043, 0.49627113342285156, 0.4908277988433838, 0.44252848625183105, 0.5226585865020752, 0.45210862159729004, 0.5764923095703125, 0.48673200607299805, 0.6773133277893066, 0.44060373306274414, 0.49459171295166016, 0.45707225799560547], "score_time": [0.026491165161132812, 0.026096105575561523, 0.03290605545043945, 0.029380321502685547, 0.030268430709838867, 0.04055428504943848, 0.02606344223022461, 0.037312984466552734, 0.028641462326049805, 0.03313159942626953, 0.027410268783569336, 0.029450178146362305, 0.026831626892089844, 0.026160478591918945, 0.025031089782714844], "test_MSE": [-0.003813462119607353, -0.004082271223620952, -0.004133212694653189, -0.00416699867612579, -0.004980051131103088, -0.004654956204825863, -0.005562450996634708, -0.0035933395995321545, -0.004590265350077598, -0.0044240103006123205, -0.003893845671073627, -0.004244551705084382, -0.003986057823101261, -0.004714468171938762, -0.003916513044494016], "test_MAPE": [-16658718612189.082, -18611471176634.914, -16969865069423.71, -15947745069355.793, -14652818718635.23, -16688235872871.018, -16612683645622.059, -18240260975150.2, -16789812648625.293, -17696652417882.906, -17297771967271.377, -15111496780109.35, -17105351353438.318, -17465964572567.69, -15547871195357.545], "test_R2": [0.9986565519950356, 0.9983761910170073, 0.9986026654552366, 0.998502410430506, 0.9985158833925477, 0.998530731199112, 0.9984522557628742, 0.9987368452950012, 0.9983305033708582, 0.9984491382947125, 0.9984973257783697, 0.9985922668494568, 0.998370342281485, 0.9984072818310686, 0.9988020722476019]}