{"fit_time": [0.508796215057373, 0.7601242065429688, 0.7680497169494629, 0.5742852687835693, 0.4756350517272949, 0.5733239650726318, 0.687666654586792, 0.6011264324188232, 0.46744298934936523, 0.5155653953552246, 0.5776052474975586, 0.5555880069732666, 0.4672203063964844, 0.5291972160339355, 0.4031252861022949], "score_time": [0.029314756393432617, 0.03592061996459961, 0.04094290733337402, 0.029950857162475586, 0.029741287231445312, 0.0375676155090332, 0.03246188163757324, 0.03594565391540527, 0.029185771942138672, 0.030611753463745117, 0.037454843521118164, 0.03145861625671387, 0.028565406799316406, 0.02558302879333496, 0.026726484298706055], "test_MSE": [-0.0037842926353636916, -0.003869963277529767, -0.003765060475849695, -0.0031563620763252367, -0.004146091154532044, -0.003644691598799667, -0.00418366127970967, -0.003512291420255019, -0.004056131455885031, -0.0036515206442492994, -0.003676963968574024, -0.0033566418415111455, -0.0036082472137246155, -0.0038190070131271566, -0.004000245850079577], "test_MAPE": [-14715633631120.244, -14765236696788.395, -14325962784403.787, -15213523943362.191, -15459706831882.77, -13526579117315.383, -15156356949304.592, -14837552556740.514, -13448715148581.041, -14386279988338.166, -14183353017595.59, -16041163434799.56, -14383008807826.756, -14942784630329.295, -15729258035938.76], "test_R2": [0.9986668281389132, 0.9984606409545883, 0.9987271283975214, 0.9988656260079627, 0.9987644137426579, 0.9988496064368074, 0.998835902079915, 0.9987653358916035, 0.9985247698604522, 0.9987199388906375, 0.9985810226094769, 0.9988867479246075, 0.9985248061661129, 0.9987098010559731, 0.9987764612384064]}