{"fit_time": [0.026435136795043945, 0.0483403205871582, 0.03295326232910156, 0.0254056453704834, 0.024665355682373047, 0.03450942039489746, 0.02642083168029785, 0.02673959732055664, 0.04225349426269531, 0.03833746910095215, 0.027483701705932617, 0.03320622444152832, 0.033425331115722656, 0.025135040283203125, 0.016451597213745117], "score_time": [0.00429081916809082, 0.004045724868774414, 0.0028886795043945312, 0.004461765289306641, 0.00286102294921875, 0.0032148361206054688, 0.003152608871459961, 0.0032188892364501953, 0.003303050994873047, 0.008185386657714844, 0.0031082630157470703, 0.0038831233978271484, 0.004275083541870117, 0.002959012985229492, 0.0021555423736572266], "test_MSE": [-2.441668372487937, -2.168219736475118, -2.518665545699293, -2.391908540744387, -2.83844700696574, -2.6856219166953523, -3.0291926902108908, -2.4252477882466246, -2.3096180471670817, -2.424589044204473, -2.233488805592156, -2.6007804348385433, -2.086505592846826, -2.5352390482436897, -2.8074461399003647], "test_MAPE": [-677917360450249.9, -668013976696150.1, -669812398927215.2, -679733146727047.9, -657211538142851.5, -640189533828328.5, -640705454991256.0, -684786678241469.1, -670502776030662.8, -658997638127748.8, -685416793885743.8, -690908888300217.6, -675544652617198.9, -654362054785824.1, -672774615097745.9], "test_R2": [0.1398224498054138, 0.13754513300870364, 0.14850296035726562, 0.14036515002379812, 0.1541078130501239, 0.1523227460032901, 0.15713135589798233, 0.14746072013053124, 0.15998330155677043, 0.15004666711650938, 0.13807419811331456, 0.13743427108667294, 0.14695418505948077, 0.14350438958178913, 0.14129798467604604]}