{"fit_time": [0.21045994758605957, 0.17386460304260254, 0.19109177589416504, 0.19978761672973633, 0.15688443183898926, 0.17123913764953613, 0.1728668212890625, 0.18262910842895508, 0.1555042266845703, 0.16794300079345703, 0.18220973014831543, 0.1757504940032959, 0.1596393585205078, 0.1601696014404297, 0.14875340461730957], "score_time": [0.009760856628417969, 0.0052182674407958984, 0.004726409912109375, 0.005048513412475586, 0.00474858283996582, 0.0051746368408203125, 0.005294322967529297, 0.0046749114990234375, 0.0049135684967041016, 0.004714012145996094, 0.005509853363037109, 0.0074062347412109375, 0.00436091423034668, 0.00408172607421875, 0.004155397415161133], "test_MSE": [-0.003190095545084517, -0.003105077740184667, -0.0038909896199525273, -0.0036751373841427933, -0.0038356883388325842, -0.003436874883303223, -0.00286274343930874, -0.002632208871976383, -0.002998836697010157, -0.0034766565512491677, -0.0032210177872031114, -0.0038234921973598463, -0.0027510377689765456, -0.004015221356237353, -0.002476422335468347], "test_MAPE": [-0.09627598111123258, -0.0994748963327726, -0.07011436202031773, -0.08368306561543087, -0.06169911245403426, -0.09319567805260984, -0.13967787096870185, -0.07560227583366155, -0.09515183402297502, -0.07434100558369744, -0.16261071192010307, -0.23811846342765794, -0.06391094263556597, -0.06676457822265205, -0.09118788190044247], "test_R2": [0.9988697002043628, 0.998892296288327, 0.9987478863664567, 0.9987920105367661, 0.9987933856960252, 0.998970439495822, 0.9989317405927062, 0.9989576607735088, 0.9989279197397931, 0.9989008819862084, 0.9990509895389733, 0.9988253324672749, 0.9989364416750187, 0.9988298407460136, 0.9990036949020094]}