{"fit_time": [0.030987977981567383, 0.030239582061767578, 0.0197451114654541, 0.04163813591003418, 0.0207672119140625, 0.02335333824157715, 0.021908044815063477, 0.03968238830566406, 0.022890090942382812, 0.022507190704345703, 0.023669004440307617, 0.030802249908447266, 0.028597593307495117, 0.025910139083862305, 0.02180194854736328], "score_time": [0.003576517105102539, 0.003445863723754883, 0.003087759017944336, 0.003616809844970703, 0.0028657913208007812, 0.003068685531616211, 0.0029892921447753906, 0.0038619041442871094, 0.00548553466796875, 0.0032923221588134766, 0.0034942626953125, 0.0029861927032470703, 0.0029375553131103516, 0.003139019012451172, 0.002474069595336914], "test_MSE": [-2.4064349186666303, -2.4167705942630597, -2.6561820161240575, -2.5849271587143634, -2.700734710436517, -2.812585151917796, -2.2739856983616447, -2.1761664395129565, -2.376267847989334, -2.68350845675835, -2.887794156749843, -2.754700259212018, -2.225358094879269, -2.8718548626429716, -2.1361247124001714], "test_MAPE": [-661282856990742.5, -669576192953115.8, -674387011690084.8, -663569727647060.8, -679872469943662.9, -664068546734641.9, -680243462061495.9, -673180395005716.2, -673139105109213.9, -676067463721432.2, -662284654015824.9, -698206104256913.6, -700071347790316.1, -680707466467412.0, -680711445240432.6], "test_R2": [0.14736318760917888, 0.13784259798656673, 0.14524528708408535, 0.15035427398525314, 0.15041451625190894, 0.1574535921805209, 0.1514410334608487, 0.13825089360214038, 0.15048730218165496, 0.15162960692067673, 0.1491674231246467, 0.15369071261083456, 0.13967079821157768, 0.16305298127406453, 0.14060218629646537]}