{"fit_time": [0.4572031497955322, 0.4164280891418457, 0.3928370475769043, 0.3998234272003174, 0.3772108554840088, 0.4258706569671631, 0.4440615177154541, 0.4038081169128418, 0.4032876491546631, 0.48154282569885254, 0.5026984214782715, 0.5154571533203125, 0.3777775764465332, 0.3757157325744629, 0.4051952362060547], "score_time": [0.0054395198822021484, 0.009072542190551758, 0.00643467903137207, 0.006398439407348633, 0.004936695098876953, 0.005095243453979492, 0.005555152893066406, 0.005133390426635742, 0.0058650970458984375, 0.005833625793457031, 0.004885673522949219, 0.004999399185180664, 0.00487518310546875, 0.0062177181243896484, 0.006239414215087891], "test_MSE": [-0.0032280138832190297, -0.0040657932916027106, -0.0029556078099678734, -0.0033048421280762277, -0.00336127416744629, -0.0038370358201310372, -0.003536441571275972, -0.0034770722819319876, -0.0035613598851868345, -0.00334947016932901, -0.003032458489550872, -0.003981032288604506, -0.0031794013939580768, -0.0038246359125001152, -0.003158936792603156], "test_MAPE": [-0.07205054241672446, -0.06559361497476987, -0.09084197730683348, -0.10670004488597011, -0.07361646972213616, -0.1207020432504715, -0.06629261778741823, -0.11238624527023063, -0.11795383314845116, -0.069125636470933, -0.1095282840384191, -0.13863335651630485, -0.0660182664635959, -0.06693961847259222, -0.12616647009997695], "test_R2": [0.9987830841295543, 0.9990079653434224, 0.9990100903043513, 0.9989076856748139, 0.9988670617035196, 0.9988592367537598, 0.998928465785102, 0.9987440500704868, 0.9987327069762225, 0.9988219567928937, 0.9988463347707762, 0.9986849887048967, 0.9989085049788969, 0.9987690476298795, 0.9987142492841188]}