{"fit_time": [3.8616819381713867, 4.0118935108184814, 3.660921096801758, 5.62752366065979, 4.151639938354492, 5.601075172424316, 4.326092481613159, 3.6476521492004395, 3.721695899963379, 5.483422756195068, 5.473681688308716, 5.628668308258057, 2.6234371662139893, 2.8695642948150635, 2.4650700092315674], "score_time": [0.2848167419433594, 0.2895524501800537, 0.4466066360473633, 0.40193915367126465, 0.4175834655761719, 0.39963769912719727, 0.41083860397338867, 0.26609039306640625, 0.3702504634857178, 0.19336581230163574, 0.3501400947570801, 0.3539721965789795, 0.19264817237854004, 0.18660616874694824, 0.18465089797973633], "test_MSE": [-2.5130965911431145, -4.002590660991403, -2.8726978178886995, -2.8839894929081065, -2.858294995413356, -3.2355277572913868, -3.116829455434161, -2.6304361253241444, -2.666827598239469, -2.7516163309744015, -2.4956716518478568, -2.903433033777451, -2.804247047225962, -2.9828937724973708, -2.266982675951871], "test_MAPE": [-2559336942664.2783, -4231174707485.5767, -1884282842396.6416, -13006493085167.92, -1853620548980.3257, -6027632473701.877, -4635474949223.6455, -3870489809220.935, -1144211297128.4155, -848402103700.4768, -3655257717021.324, -4651725259925.862, -5327178510860.622, -4050816762578.1187, -1482552296873.0134], "test_R2": [0.05259790187912228, 0.023386491389440933, 0.037859010587806496, 0.04678562100529826, 0.036593951691100135, 0.03806705990510406, 0.055607356664249985, 0.049862701055459424, 0.05102204780723507, 0.03222815448547589, 0.05054937496517742, 0.040940400076068584, 0.037296235761064556, 0.03996086344515748, 0.07729252281316934]}