{"fit_time": [0.050375938415527344, 0.04932594299316406, 0.05390572547912598, 0.05571126937866211, 0.05000948905944824, 0.05972456932067871, 0.04861927032470703, 0.08310890197753906, 0.05346870422363281, 0.1282486915588379, 0.06510782241821289, 0.06254911422729492, 0.04797196388244629, 0.05312752723693848, 0.03920698165893555], "score_time": [0.0034606456756591797, 0.003829479217529297, 0.0032296180725097656, 0.0036993026733398438, 0.004199504852294922, 0.0041692256927490234, 0.0052013397216796875, 0.0034830570220947266, 0.0036971569061279297, 0.005040645599365234, 0.018250703811645508, 0.004068613052368164, 0.004365682601928711, 0.0031583309173583984, 0.0037207603454589844], "test_MSE": [-2.141173279793065, -3.1857069457637803, -2.33917661679273, -2.422294079129519, -2.320724363230079, -2.657832729834702, -2.6709201330246093, -2.2100689405911655, -2.2775770771441666, -2.2005425507427896, -2.1270168273477306, -2.380952777159866, -2.300376079945302, -2.4615531297462154, -2.0839746155792134], "test_MAPE": [-556303233131218.56, -550229927777086.2, -560446591450867.8, -575915418539681.1, -523076408008457.3, -538744170887377.5, -570750267030463.8, -581100892415405.8, -545428310125720.44, -526844879991534.56, -559721697569371.4, -536429364329284.6, -550259526266870.0, -584754891578271.9, -563432635849721.9], "test_R2": [0.19280776359113294, 0.2227023192681965, 0.2165490952525857, 0.19938489649221514, 0.21778546595735637, 0.20981767307394805, 0.19071692544229224, 0.20170312691559877, 0.1895349995416642, 0.22604648711637554, 0.1908000178270236, 0.21352564659297635, 0.21027617252222042, 0.20775343625901443, 0.15178047875681466]}