{"fit_time": [0.7213475704193115, 0.6984238624572754, 0.8330662250518799, 0.6931769847869873, 0.7075092792510986, 0.7663800716400146, 0.6778476238250732, 0.819817304611206, 0.6571230888366699, 0.6613607406616211, 0.6632184982299805, 0.7682974338531494, 0.651280403137207, 0.6471614837646484, 0.6555030345916748], "score_time": [0.006310462951660156, 0.004892110824584961, 0.010025262832641602, 0.004901885986328125, 0.0059604644775390625, 0.0052890777587890625, 0.0053675174713134766, 0.008597612380981445, 0.005724430084228516, 0.006684780120849609, 0.0065081119537353516, 0.005251884460449219, 0.004846811294555664, 0.004738807678222656, 0.00628972053527832], "test_MSE": [-0.0027194978616886913, -0.0037939573802758452, -0.0026269395864581737, -0.0022661419386888707, -0.002239174842201423, -0.0025099592562819123, -0.003071024223229266, -0.002673567867515614, -0.002287104133790839, -0.0037235919385840517, -0.0031375471877641116, -0.0027946074428401944, -0.0030141379829767617, -0.00296042842253774, -0.0027975753148535287], "test_MAPE": [-0.34487584149701944, -0.11478425782324111, -0.1422687036795032, -0.2705740611644012, -0.2900413999943537, -0.15076042112053378, -3537151453.8764577, -0.32163853572523715, -0.20191944589899471, -0.2223626321856547, -0.12321738964215481, -0.09416458173874835, -0.16308185810359674, -0.1087396451635571, -0.13464646392601554], "test_R2": [0.999160337432845, 0.9990179066255453, 0.999087637297625, 0.9993015162757783, 0.9990081933339765, 0.9992440370178888, 0.998911459030518, 0.999020453467045, 0.999180043124021, 0.9985686460538735, 0.9989552914615716, 0.999041566064167, 0.9989620811105944, 0.9990870308499501, 0.9990028449326975]}