{"fit_time": [45.730998277664185, 50.44240355491638, 45.271661043167114, 48.540605783462524, 50.38297128677368, 46.70611548423767, 46.12265586853027, 47.62101745605469, 47.75545907020569, 48.07703495025635, 49.00245666503906, 47.83110165596008, 42.86637258529663, 42.48346710205078, 41.706236362457275], "score_time": [0.1857008934020996, 0.20901107788085938, 0.19153475761413574, 0.18370914459228516, 0.20360207557678223, 0.17732477188110352, 0.18165230751037598, 0.19594097137451172, 0.18253588676452637, 0.1835494041442871, 0.2038118839263916, 0.17839550971984863, 0.16584491729736328, 0.16214895248413086, 0.15919065475463867], "test_MSE": [-0.0009933639148279987, -0.001185529826759321, -0.0009130682152783098, -0.0011020861303085046, -0.0007524932604468064, -0.0007176782724821163, -0.0009280189890375825, -0.0009658455111846654, -0.0007424917144213529, -0.0007861643328787954, -0.0011202117825916112, -0.0009570629889347176, -0.0009794357669758163, -0.0012969271936378833, -0.0007823022777595663], "test_MAPE": [-24762859614.256676, -47885309671.15984, -136053427080.26947, -43604617414.18301, -81280179061.64027, -88940303414.14626, -26396140003.16593, -24804047225.397835, -59843664693.29211, -134052817354.6953, -78381693452.51309, -55610194101.17523, -26780213753.518055, -52000061971.16943, -115203987191.5118], "test_R2": [0.9996932924615997, 0.9996931170091337, 0.9996828821688026, 0.9996603084689584, 0.9996666951513643, 0.9997838458111604, 0.9996710587033526, 0.9996461318101005, 0.9997338069668091, 0.9996977973315202, 0.9996270032786485, 0.9996717672638872, 0.9996627311393025, 0.9996000394710989, 0.999721159721317]}