{"fit_time": [0.10153460502624512, 0.11930131912231445, 0.11643791198730469, 0.09406638145446777, 0.11472654342651367, 0.09690713882446289, 0.10926175117492676, 0.08963179588317871, 0.08922123908996582, 0.11565399169921875, 0.11010527610778809, 0.10204482078552246, 0.07708168029785156, 0.0661773681640625, 0.06732439994812012], "score_time": [0.008409738540649414, 0.007971525192260742, 0.005972623825073242, 0.004759788513183594, 0.008933782577514648, 0.003984212875366211, 0.00471949577331543, 0.00601506233215332, 0.0037186145782470703, 0.003767251968383789, 0.0035753250122070312, 0.005906581878662109, 0.004105567932128906, 0.0033392906188964844, 0.002917766571044922], "test_MSE": [-1.461863270797593, -1.6145296482627127, -1.346813097730467, -1.5138643390687185, -1.1936800007398323, -1.5215358657911622, -1.2769914544933796, -1.2651115838192053, -1.2823012852614561, -1.257873330009181, -1.3736417742629632, -1.3751511140075328, -1.4061152886707642, -1.4580714252992706, -1.2993366169393832], "test_MAPE": [-837894609788225.8, -860981777650111.2, -860329156210575.5, -890280873136262.1, -879256273740245.6, -869861601313367.8, -867571120737687.2, -868256182088758.9, -838536273518570.0, -860273958433324.8, -855073262452284.5, -823506878926428.2, -885965409974378.6, -825688035232699.4, -855354114090425.4], "test_R2": [0.5486402530115679, 0.5820672950458671, 0.532238181732883, 0.5333877444010009, 0.4712785444352552, 0.5417356725556934, 0.5473635455624324, 0.536486176098925, 0.54027814457921, 0.5164717336560296, 0.5426187386405026, 0.5283804535982315, 0.5158039787706926, 0.5503440584027496, 0.5368703445323962]}