{"fit_time": [18.09353995323181, 19.208401679992676, 17.479071855545044, 19.30177068710327, 17.886757612228394, 18.57844352722168, 18.62577772140503, 19.404844284057617, 18.752325296401978, 19.810604333877563, 18.527531147003174, 17.572933673858643, 16.230090618133545, 15.678897380828857, 15.744455099105835], "score_time": [0.01201009750366211, 0.01346135139465332, 0.011976957321166992, 0.011576175689697266, 0.011648178100585938, 0.011960744857788086, 0.01056361198425293, 0.010957956314086914, 0.012634992599487305, 0.011645078659057617, 0.011588811874389648, 0.011841535568237305, 0.010650396347045898, 0.010001897811889648, 0.009751319885253906], "test_MSE": [-0.071022188180785, -0.08175541223734427, -0.07709554000711899, -0.07132352905492258, -0.06942769798711221, -0.0776854561544262, -0.07176932501040552, -0.0788299804235244, -0.06885949723192272, -0.07288310546645789, -0.07499020721407651, -0.08116613125502932, -0.0694815959087485, -0.08622393557650161, -0.07530340678177062], "test_MAPE": [-78399507393121.69, -83335515269350.48, -78702567241481.5, -90507010965830.38, -82579331162703.25, -87632952208507.75, -85264391875060.52, -82411110802741.14, -80601882406680.23, -82490123523781.66, -84850539033045.28, -80167893980437.2, -89838952839470.84, -82517186370848.78, -86054472087202.98], "test_R2": [0.9780714396973981, 0.9788370188074529, 0.973223938767165, 0.9780162383704267, 0.9692481121292941, 0.9766022779237603, 0.9745609787005385, 0.9711181320829828, 0.9753129656854803, 0.9719836323807709, 0.9750305238179089, 0.9721633981780176, 0.9760740014999184, 0.9734093239417851, 0.9731591949432413]}