{"fit_time": [0.04082751274108887, 0.03881072998046875, 0.036473989486694336, 0.04535555839538574, 0.08407211303710938, 0.029604434967041016, 0.08609867095947266, 0.03749895095825195, 0.07477617263793945, 0.03655219078063965, 0.051328420639038086, 0.03348374366760254, 0.03352689743041992, 0.03793191909790039, 0.02629232406616211], "score_time": [0.005203962326049805, 0.0035555362701416016, 0.020483970642089844, 0.007686614990234375, 0.003376007080078125, 0.0032227039337158203, 0.0028121471405029297, 0.003182649612426758, 0.004022359848022461, 0.003503561019897461, 0.004094600677490234, 0.0049762725830078125, 0.0025501251220703125, 0.005015373229980469, 0.003567218780517578], "test_MSE": [-2.66794422618175, -3.096690528300029, -2.3779038065541305, -2.719146291106882, -1.9045091162077268, -2.750724851080975, -2.3020598801371923, -2.221168803959377, -2.2894903915835587, -2.176875635698082, -2.4684743096592054, -2.416829778474548, -2.384552276890593, -2.6480281106107344, -2.3132567080382227], "test_MAPE": [-574661203363208.1, -556219343947592.06, -572472372517640.2, -596473566505750.1, -584528157557999.4, -589551369086077.6, -558735492535166.1, -591729525666623.6, -572064572264916.1, -584352148765271.8, -582354168097623.4, -554941874556299.2, -574059121678411.2, -568789205420421.9, -567813555894830.9], "test_R2": [0.17625495149650383, 0.1983992054336785, 0.17412994416790384, 0.16188858443052268, 0.15642816212588528, 0.17152194555104827, 0.1840225567823699, 0.18620423761757443, 0.179187619255752, 0.16320596274360977, 0.1780725407894409, 0.1711280656765629, 0.17887904769517582, 0.18337225955287806, 0.17547326209783443]}