{"fit_time": [9.194990634918213, 8.506863355636597, 8.585071563720703, 7.941862344741821, 8.397496461868286, 8.934844017028809, 8.727607011795044, 9.489437580108643, 8.355469226837158, 8.790482997894287, 8.81970477104187, 9.327362537384033, 8.447740316390991, 8.005739212036133, 7.796188831329346], "score_time": [0.01501011848449707, 0.013702630996704102, 0.01340031623840332, 0.012878656387329102, 0.013291358947753906, 0.013640642166137695, 0.014125347137451172, 0.014651775360107422, 0.012953042984008789, 0.013532876968383789, 0.013045549392700195, 0.012981176376342773, 0.011820077896118164, 0.011542081832885742, 0.011805057525634766], "test_MSE": [-0.0998343403559593, -0.11769406924468157, -0.10601739431655396, -0.10277678776520303, -0.09573279367968593, -0.10960814262115127, -0.09747807819766223, -0.11804704477442435, -0.10474230533740465, -0.11029480399693282, -0.11384690297449948, -0.10558532315223249, -0.10664550638535032, -0.12106477962578506, -0.10183907013715385], "test_MAPE": [-72785742411632.38, -72274749395350.33, -75039221747408.86, -82442334202201.34, -75585717692751.88, -84967968013310.42, -80756660119533.11, -75709340585038.53, -74873651985697.28, -76170525432468.42, -75545804179217.61, -71750847326070.28, -68991869782634.93, -76110063947329.94, -83796560462880.73], "test_R2": [0.9691755012223289, 0.969534036882248, 0.9631790860832735, 0.9683215282078429, 0.9575966909152942, 0.966987632109097, 0.9654483735615268, 0.9567497145521084, 0.962448507613447, 0.9576025231705996, 0.9620924166256606, 0.9637886326058946, 0.9632766030710146, 0.9626647251071925, 0.9637009433499545]}