{"fit_time": [19.311164617538452, 18.127819061279297, 18.039379119873047, 19.206308126449585, 19.901490449905396, 17.534494400024414, 19.260992288589478, 17.470061779022217, 17.456947803497314, 18.418534994125366, 19.968719244003296, 18.488946437835693, 16.577330589294434, 16.465476036071777, 16.456945419311523], "score_time": [0.22871613502502441, 0.2084643840789795, 0.18215155601501465, 0.1902625560760498, 0.19505929946899414, 0.17427587509155273, 0.18475699424743652, 0.21279215812683105, 0.17418265342712402, 0.1788158416748047, 0.20174670219421387, 0.17657685279846191, 0.16483807563781738, 0.16224002838134766, 0.1549685001373291], "test_MSE": [-0.0007772697018344249, -0.0007938558957208432, -0.0009585565081081503, -0.000656878608193809, -0.00044357690803485206, -0.0006582270991065913, -0.0006400107239447942, -0.0005715184684025384, -0.0005387190286381215, -0.0004743936092188889, -0.0007149362064322952, -0.0007405400498234647, -0.0007013654968424487, -0.0007805254306808436, -0.0006303001436797516], "test_MAPE": [-118699842.14936158, -140621567.42195904, -230146293.56840158, -221302862.60790938, -35645527.1835011, -64698178.0817246, -586256345.5452487, -0.16789764091166343, -69450813.20694043, -91976282.55653882, -5993500095.007734, -1056843604.0132593, -254279755.50364727, -143020045.83589143, -0.21625421732358996], "test_R2": [0.9997600129485636, 0.9997945046458581, 0.9996670836243722, 0.9997975329749741, 0.9998035247065162, 0.9998017516342141, 0.9997731447740946, 0.9997906060507962, 0.9998068621514752, 0.9998176424334964, 0.9997619478163694, 0.9997460256121437, 0.9997584846806412, 0.9997592930693355, 0.9997753386731522]}