{"fit_time": [28.258963584899902, 28.93858575820923, 26.436264514923096, 29.9141206741333, 25.49606227874756, 28.82072401046753, 27.38126516342163, 27.906894207000732, 25.987356901168823, 27.150084972381592, 29.66085124015808, 26.327970266342163, 25.88232922554016, 24.09166646003723, 24.404132843017578], "score_time": [0.2018578052520752, 0.20107316970825195, 0.18288683891296387, 0.20592665672302246, 0.17879772186279297, 0.2098369598388672, 0.21014165878295898, 0.1920185089111328, 0.19558477401733398, 0.18198108673095703, 0.21245312690734863, 0.20140337944030762, 0.17352867126464844, 0.16723012924194336, 0.15900635719299316], "test_MSE": [-0.0007176719768934273, -0.000818793449118214, -0.0009494336568826487, -0.0007593059693047753, -0.0004616469528693817, -0.0007023433194165108, -0.0006731725196672621, -0.0006000092189691262, -0.0006041739714619333, -0.000474824390893066, -0.0006733747845901943, -0.0007036632289293844, -0.0007081698843135041, -0.0008192148184984975, -0.0005444320737686944], "test_MAPE": [-3569313762.7854233, -750639764.1798172, -1796090754.4686985, -2624362474.9, -1513671869.6917863, -454589199.27033234, -455634443.92738473, -437020693.24128443, -119949740.08578594, -2491804306.603796, -942159523.0247408, -100270819.86497901, -1964749426.3775551, -1153490942.997938, -94039498.71856266], "test_R2": [0.9997784141318945, 0.9997880493793614, 0.9996702520829239, 0.9997659622055401, 0.999795520869306, 0.9997884644745196, 0.9997613903981465, 0.999780167559117, 0.9997833956946391, 0.9998174768404187, 0.9997757865157321, 0.9997586728255049, 0.9997561415887433, 0.9997473616146707, 0.9998059450988582]}