{"fit_time": [5.911207675933838, 5.654993057250977, 6.260501146316528, 5.696675539016724, 6.000352621078491, 5.909373044967651, 6.436958074569702, 6.8329949378967285, 6.2655510902404785, 6.444617033004761, 6.595728158950806, 6.0802695751190186, 5.718043327331543, 5.613396644592285, 5.566742181777954], "score_time": [0.013050317764282227, 0.013162374496459961, 0.015670061111450195, 0.012499332427978516, 0.01331782341003418, 0.012887954711914062, 0.013318777084350586, 0.013634443283081055, 0.01253819465637207, 0.015105247497558594, 0.013852119445800781, 0.012569189071655273, 0.011435747146606445, 0.010972023010253906, 0.010765790939331055], "test_MSE": [-0.10421598121292358, -0.11370232657565185, -0.11281321857673185, -0.11128020655845075, -0.10624121466104648, -0.11798434791827525, -0.09738094243737361, -0.11401100939336424, -0.10146488466089333, -0.106977069253387, -0.11195846938984055, -0.11022076209143258, -0.1062705485082033, -0.10756479704490586, -0.10835148674229762], "test_MAPE": [-79478558077085.33, -74765088274001.16, -79863762059239.69, -80815518114236.11, -79341306060734.11, -88994993938919.4, -79131205383109.77, -82158557570770.95, -78004003879581.88, -82625767007986.06, -82084431123311.55, -81951952377326.47, -75855078884421.58, -74848490334008.1, -66983176457625.94], "test_R2": [0.9678226412469123, 0.9705673284126598, 0.9608188275456032, 0.9657005539758577, 0.9529421539929126, 0.964464841701507, 0.9654828038515506, 0.9582284443470153, 0.9636235059790559, 0.9588778650436356, 0.9627212080261028, 0.9621988701517106, 0.963405719875096, 0.9668279967231256, 0.9613796870878888]}