{"fit_time": [0.30249881744384766, 0.2921788692474365, 0.30855441093444824, 0.31006479263305664, 0.2522852420806885, 0.25925350189208984, 0.26245999336242676, 0.28920865058898926, 0.24970197677612305, 0.26293230056762695, 0.26353001594543457, 0.2865142822265625, 0.2517218589782715, 0.25023341178894043, 0.2615339756011963], "score_time": [0.008444786071777344, 0.006088733673095703, 0.006121397018432617, 0.009058713912963867, 0.005062103271484375, 0.0055332183837890625, 0.004723787307739258, 0.004896879196166992, 0.004385232925415039, 0.0044269561767578125, 0.0051844120025634766, 0.006735086441040039, 0.004666566848754883, 0.004891157150268555, 0.004675865173339844], "test_MSE": [-0.004492131203710727, -0.004152360034011169, -0.003274553689674686, -0.0031193635669237267, -0.0024526583924277803, -0.003177821665138765, -0.00350703902707845, -0.00317530187873989, -0.003002097690501875, -0.002620977993101428, -0.003030537443572933, -0.0035377064351761896, -0.0033994405003312388, -0.003613498882332937, -0.002959719350695597], "test_MAPE": [-0.15448946064094057, -0.09205048429272501, -0.08142163966395101, -0.09970915397642581, -0.07460548234795318, -0.24201455016043172, -0.09509413246560817, -0.09807986909683879, -0.1327182716637752, -0.13214718279595222, -0.07051164517431109, -0.06670424280339197, -0.17318599586730618, -0.07387459237495028, -0.09120500551010326], "test_R2": [0.9986130254148601, 0.9989251315001709, 0.9988627143658785, 0.9990385312392714, 0.9989136342114773, 0.9990428866378673, 0.9987569112501065, 0.9988366272709227, 0.9989237085415924, 0.9989924923957798, 0.9989909224773815, 0.9987867140656287, 0.9988294021280274, 0.9988856298709354, 0.9989450510473589]}