{"fit_time": [0.4177706241607666, 0.4522740840911865, 0.414595365524292, 0.39291834831237793, 0.36691927909851074, 0.3879239559173584, 0.39345550537109375, 0.4187185764312744, 0.3875710964202881, 0.4232776165008545, 0.39096927642822266, 0.4314301013946533, 0.40690088272094727, 0.3820459842681885, 0.35515260696411133], "score_time": [0.009397506713867188, 0.0073909759521484375, 0.008645772933959961, 0.005452394485473633, 0.005234241485595703, 0.004729032516479492, 0.005429506301879883, 0.0047740936279296875, 0.004601478576660156, 0.005476713180541992, 0.0064237117767333984, 0.005606889724731445, 0.005513191223144531, 0.005117177963256836, 0.004598379135131836], "test_MSE": [-0.004445573908521664, -0.004269738702325955, -0.004204370701521591, -0.003066030422526357, -0.0024407851013066198, -0.0032198192652563326, -0.003575627486205449, -0.0031492205379203874, -0.0030218439916414345, -0.0025867687151064915, -0.00308890950964973, -0.003736102665955117, -0.003191647681422444, -0.003643368672809505, -0.0029644221959211126], "test_MAPE": [-0.16148905347114173, -0.0934394246727594, -0.08924791935976872, -0.10236483819496463, -0.07170337557163416, -0.24171143612648793, -0.0991335281743315, -0.09945253123847311, -0.13120045743457345, -0.13285066402316745, -0.07115774066876306, -0.0638858447845269, -0.1736643056897292, -0.07471507124253919, -0.09577060599717448], "test_R2": [0.9986274002810989, 0.9988947471808706, 0.9985397795081391, 0.9990549698977187, 0.998918893295788, 0.9990302375755581, 0.9987325997037406, 0.9988461829987892, 0.9989166292332411, 0.9990056424900596, 0.9989714863407477, 0.9987186724232123, 0.9989009556179627, 0.9988764182997264, 0.9989433747865188]}