{"fit_time": [0.05729174613952637, 0.059847354888916016, 0.07527470588684082, 0.11200666427612305, 0.0644996166229248, 0.04261350631713867, 0.10263943672180176, 0.04235029220581055, 0.0962228775024414, 0.09730696678161621, 0.04102587699890137, 0.06532955169677734, 0.04993414878845215, 0.05156898498535156, 0.04862380027770996], "score_time": [0.004605293273925781, 0.0039594173431396484, 0.003992319107055664, 0.0062713623046875, 0.0034558773040771484, 0.004139423370361328, 0.004666328430175781, 0.0044248104095458984, 0.014374256134033203, 0.0049669742584228516, 0.004074573516845703, 0.004092216491699219, 0.0033376216888427734, 0.0041735172271728516, 0.002992391586303711], "test_MSE": [-2.5762849361194378, -2.957127536076521, -2.310161716622158, -2.6152720879197893, -1.8988402655081997, -2.670901076848273, -2.2267139958824043, -2.1561890738273095, -2.210019412810367, -2.1126185534265343, -2.3767192279116713, -2.3366402976789367, -2.3195202979698273, -2.556078256449822, -2.2459664461785627], "test_MAPE": [-541454628998380.0, -529317129551329.7, -546497774093371.25, -564493423731927.9, -580310284725557.8, -553947841346751.06, -550105880104158.0, -554486079711292.3, -540054495748027.25, -555039000361094.5, -544397059443013.75, -518488092134000.9, -548916304714971.9, -544394163516099.0, -537622802762217.25], "test_R2": [0.2045553505817702, 0.23452609781637712, 0.19765745753497055, 0.19390530812023898, 0.15893908883268737, 0.195563697727422, 0.21072930864476258, 0.21001162628968606, 0.20767900909809212, 0.18790647498903335, 0.2086242143131649, 0.19862971707602683, 0.20127281988427514, 0.2117287567278835, 0.19945789809215975]}