{"fit_time": [10.257370710372925, 9.97959017753601, 10.886022090911865, 10.81494665145874, 10.408089399337769, 10.12128472328186, 11.287426471710205, 9.965247631072998, 11.617892980575562, 10.512176513671875, 10.092742204666138, 10.814954996109009, 10.204146385192871, 10.013697624206543, 10.201122045516968], "score_time": [0.21550893783569336, 0.1893913745880127, 0.20671820640563965, 0.19549202919006348, 0.18040943145751953, 0.1785595417022705, 0.17980599403381348, 0.1659691333770752, 0.1974477767944336, 0.1911792755126953, 0.1800556182861328, 0.1753547191619873, 0.16010117530822754, 0.16447949409484863, 0.15679025650024414], "test_MSE": [-0.0007498559512602095, -0.0008005812922721661, -0.0010867106363316044, -0.0008798436152251212, -0.0004500143329719305, -0.0006870590865893489, -0.0007908148995334507, -0.0006270742818029637, -0.0007277103211220221, -0.000529462445887546, -0.0006201483593494293, -0.0007440568838957342, -0.0007745907042768301, -0.0008123303695041967, -0.0006296159225455427], "test_MAPE": [-276537858.331234, -13266929.987709895, -1813540586.122254, -119773709.52771497, -781671313.5104429, -0.23268828893474827, -393945527.0127315, -14509723.090263149, -103769104.16699715, -27367212.894274503, -161809122.0550783, -1371618710.5385954, -820303101.1259904, -1231031629.5198946, -103769104.24465224], "test_R2": [0.9997684771214931, 0.9997927637282009, 0.9996225743987512, 0.9997288093765871, 0.9998006733521493, 0.9997930678616855, 0.9997196914270791, 0.9997702514134358, 0.9997391062904792, 0.9997964738957043, 0.9997935093092364, 0.9997448194845602, 0.9997332695689224, 0.9997494847160093, 0.9997755825538325]}