{"fit_time": [0.19535183906555176, 0.18451356887817383, 0.18632745742797852, 0.16571283340454102, 0.16102838516235352, 0.16520166397094727, 0.18514132499694824, 0.16410207748413086, 0.17342233657836914, 0.16058588027954102, 0.1554853916168213, 0.17339181900024414, 0.15872454643249512, 0.1659390926361084, 0.1541590690612793], "score_time": [0.005147218704223633, 0.0050504207611083984, 0.005095958709716797, 0.006797313690185547, 0.004654407501220703, 0.005263805389404297, 0.004663944244384766, 0.005572319030761719, 0.0049326419830322266, 0.004775047302246094, 0.005003213882446289, 0.004469394683837891, 0.004533290863037109, 0.004105091094970703, 0.004221439361572266], "test_MSE": [-0.00351091447114149, -0.0040402476858634705, -0.004253061011428555, -0.003384836096686058, -0.0024287645223881513, -0.0032804866996781084, -0.003734828074947363, -0.0031712526346868216, -0.0030105258833806113, -0.0026573308664023026, -0.0031834248006706316, -0.003109295131140802, -0.0031378871716744505, -0.003476051335648523, -0.0030265642289375896], "test_MAPE": [-0.3026347075699733, -0.07411272020097256, -0.08296124404704605, -0.08534839759995236, -0.07828823100629899, -0.13218421946630046, -0.0708112044890493, -0.07353748897494522, -0.06615043796998306, -0.10199752763389883, -0.06940757265821892, -0.06474721242782214, -0.1683493110682603, -0.07198198176358778, -0.07409377573203538], "test_R2": [0.9989159824321137, 0.9989541525943146, 0.9985228688707741, 0.9989567057198274, 0.9989242176188717, 0.9990119654324834, 0.9986761702031525, 0.9988381108401343, 0.9989206869237304, 0.9989785183004679, 0.998940015600825, 0.9989336412962614, 0.9989194680579659, 0.9989280174419092, 0.9989212251618829]}