{"fit_time": [0.019652843475341797, 0.031473636627197266, 0.024553775787353516, 0.024634599685668945, 0.022004365921020508, 0.02217388153076172, 0.023277997970581055, 0.02326512336730957, 0.03128480911254883, 0.023844480514526367, 0.023759841918945312, 0.024686574935913086, 0.021695852279663086, 0.021643638610839844, 0.020872116088867188], "score_time": [0.002889871597290039, 0.008582830429077148, 0.003931999206542969, 0.003027200698852539, 0.0029449462890625, 0.0031905174255371094, 0.0027875900268554688, 0.0029327869415283203, 0.00274658203125, 0.0027511119842529297, 0.002675771713256836, 0.003403186798095703, 0.0027077198028564453, 0.0025281906127929688, 0.002537965774536133], "test_MSE": [-2.7522313446172335, -3.216329243262695, -2.4643310162148797, -2.799169433824645, -1.964509915498733, -2.8428779691720645, -2.390148176175653, -2.2995125752022125, -2.363878938833012, -2.251079657801675, -2.5454707084944928, -2.494955055027448, -2.469068935507896, -2.7450354891597484, -2.388321380714189], "test_MAPE": [-666187923875411.5, -664840009062045.9, -680557992979803.0, -698832857780273.9, -675532426990254.0, -682943298940721.1, -667741917903337.8, -697481865806524.5, -671559030708389.0, -699468660036231.4, -677505959280500.9, -662412071452511.0, -682156747823451.4, -678360619585113.6, -669025493736829.0], "test_R2": [0.1502307581185096, 0.16742985667295052, 0.14411289963010565, 0.1372233762212942, 0.12985176818737, 0.1437667755065024, 0.15279918887650235, 0.15750050788175762, 0.15251834787885965, 0.1346818329226539, 0.15243506333406986, 0.1443343503422424, 0.14977572298217945, 0.15345606794080768, 0.14871755034386447]}