{"fit_time": [4.298471212387085, 3.7316315174102783, 4.495831489562988, 4.2512712478637695, 3.8539538383483887, 4.096613645553589, 4.191159963607788, 3.6581575870513916, 3.8585317134857178, 3.5570569038391113, 4.018106698989868, 4.06740140914917, 3.656670570373535, 3.387583017349243, 3.327599287033081], "score_time": [0.011242866516113281, 0.011407613754272461, 0.0140533447265625, 0.011980533599853516, 0.010959863662719727, 0.011009693145751953, 0.012649297714233398, 0.01092529296875, 0.011194705963134766, 0.01083683967590332, 0.010763168334960938, 0.012670278549194336, 0.011081457138061523, 0.010359525680541992, 0.009967327117919922], "test_MSE": [-0.10837456508943374, -0.12084581180369308, -0.11378928200619574, -0.10982479881663311, -0.11016071295051101, -0.12208504005495173, -0.09926816717505271, -0.11070008565750485, -0.1076772700356497, -0.1083013700854526, -0.11275141313323667, -0.11333052101632685, -0.1057761322591725, -0.11732187851247683, -0.10998986337040946], "test_MAPE": [-84947622397781.55, -90693151665829.83, -88435311477891.53, -93451447127229.45, -94003570306573.52, -97788247459587.89, -91375014329007.39, -91087219938342.72, -92180081342219.28, -88123995563463.45, -97619086165763.12, -81225769312175.31, -89066789028004.36, -98100349838821.12, -77887393596181.17], "test_R2": [0.9665386515579808, 0.9687181854703993, 0.9604798308390228, 0.966149148391949, 0.9512060749437496, 0.9632297732641995, 0.9648138669444287, 0.9594415064524305, 0.9613962842146406, 0.958368801952647, 0.962457181686531, 0.961132352386035, 0.9635759721883599, 0.963819001705175, 0.9607957115472849]}