{"fit_time": [0.10301780700683594, 0.09571981430053711, 0.11649703979492188, 0.11192798614501953, 0.09687161445617676, 0.11102986335754395, 0.09894824028015137, 0.13192129135131836, 0.0926656723022461, 0.20587563514709473, 0.10220599174499512, 0.13817405700683594, 0.08689570426940918, 0.08035731315612793, 0.06436920166015625], "score_time": [0.013236761093139648, 0.004284381866455078, 0.008130788803100586, 0.005314826965332031, 0.009074687957763672, 0.0035724639892578125, 0.0033500194549560547, 0.0038247108459472656, 0.0038471221923828125, 0.0035657882690429688, 0.003560304641723633, 0.0033693313598632812, 0.0040225982666015625, 0.004204988479614258, 0.0027191638946533203], "test_MSE": [-1.2618607880473656, -1.1792977647252114, -1.497668472966898, -1.4918209940434028, -1.2903489928091103, -1.364215955029751, -1.2270703775809442, -1.2172742841098825, -1.5466948873278583, -1.3315365414782674, -1.3154172160535527, -1.4707901312237712, -1.5329245303664703, -1.397127459310885, -1.3410342446721197], "test_MAPE": [-819540605957004.4, -863360951385353.0, -818719166261295.5, -833618955579538.5, -836307749818298.1, -843087427672973.8, -885440587078615.9, -876996245487673.4, -856030343751242.5, -842884286813057.6, -850119128110406.9, -867450970067467.0, -854795443140741.2, -843375276584694.8, -887551271062445.5], "test_R2": [0.5319211912020319, 0.5159976825656765, 0.5415693246554611, 0.5455655882294714, 0.5137551277527491, 0.5357135332980119, 0.5290097850290867, 0.5048259055108668, 0.5259709900502091, 0.5408623810320691, 0.5548266678217366, 0.5027480984518966, 0.5459238545729272, 0.5477058073474523, 0.5443430429401385]}