{"fit_time": [1.0233898162841797, 0.9034912586212158, 0.909796953201294, 0.8819506168365479, 0.849818229675293, 1.0270183086395264, 0.9692835807800293, 1.3861026763916016, 1.3295261859893799, 1.278104305267334, 0.8612375259399414, 1.2152986526489258, 0.8665316104888916, 0.8341727256774902, 0.907611608505249], "score_time": [0.039869070053100586, 0.04866385459899902, 0.042197227478027344, 0.04031038284301758, 0.03935861587524414, 0.04009413719177246, 0.042252302169799805, 0.08850717544555664, 0.04103899002075195, 0.04739212989807129, 0.040196895599365234, 0.04782557487487793, 0.04563546180725098, 0.03998088836669922, 0.03619885444641113], "test_MSE": [-0.005733053979232758, -0.005812489675553861, -0.00676943404040586, -0.006036201818111642, -0.006285308537562218, -0.006248119212903288, -0.006165163708990523, -0.00582245454270651, -0.00587579800247377, -0.006681169998857105, -0.0059511102106183595, -0.00717559537838871, -0.008748202482512808, -0.005602527623725686, -0.005908543650653101], "test_MAPE": [-14604514200625.924, -13992406819433.578, -14458063433686.832, -14549045728924.852, -15314322914286.68, -14714832463013.486, -16460354264701.334, -14960583607502.416, -15038937784529.354, -13561205239747.264, -13693453989298.309, -14585016299397.4, -15997513215903.531, -15130850782911.875, -12877567042152.033], "test_R2": [0.9978733620199687, 0.9976144629819708, 0.9979279017520507, 0.9981612687892888, 0.9976314942206231, 0.9978735645319231, 0.9976336061617324, 0.9976314880766605, 0.9981991931746864, 0.9976962130669057, 0.997985980774549, 0.9975740397145072, 0.9974086460331316, 0.9981862852300989, 0.9979923935341635]}