{"fit_time": [0.8178637027740479, 0.681427001953125, 0.8256731033325195, 0.7952699661254883, 0.6316840648651123, 0.7868704795837402, 0.7776460647583008, 0.7680890560150146, 0.6398611068725586, 0.6939311027526855, 0.7519059181213379, 0.6664340496063232, 0.6649773120880127, 0.649848461151123, 0.6173365116119385], "score_time": [0.0075206756591796875, 0.005144596099853516, 0.00676274299621582, 0.004961967468261719, 0.004965066909790039, 0.005225658416748047, 0.004829883575439453, 0.009047985076904297, 0.004827260971069336, 0.005557060241699219, 0.005156278610229492, 0.00487518310546875, 0.006279468536376953, 0.004936933517456055, 0.00504302978515625], "test_MSE": [-0.0024463316655549128, -0.0031342020698289378, -0.0025567728563532124, -0.0024620998998859845, -0.002454872836817449, -0.0027396791103051366, -0.002455425872799387, -0.0028963205437932175, -0.002612296838639084, -0.0021799389166413078, -0.0029360265956212563, -0.0037632119871046526, -0.0037957923757561242, -0.0036491059484959985, -0.002563660514953316], "test_MAPE": [-0.12358805465023687, -32613354644.50654, -0.3404384727987242, -0.39665769043264054, -0.08571143077682156, -234910683306.64508, -88428786340.54309, -0.08952123049969561, -0.12532803767701384, -0.1851873174427958, -0.25933086013222006, -225861728210.28622, -221369555796.0932, -0.08293174553227195, -0.26918236636475484], "test_R2": [0.999092549651448, 0.9987136742640582, 0.9992173814643246, 0.9992500018942002, 0.9990749252058369, 0.9990675992834338, 0.999057526299384, 0.9988218079348716, 0.9991993867088715, 0.9992483180652548, 0.9990063679211543, 0.9987277149358084, 0.9988756271188297, 0.9988186693934906, 0.9991289187775635]}