{"fit_time": [1.146899938583374, 1.309685230255127, 0.9840292930603027, 1.1544404029846191, 1.16957688331604, 0.9291770458221436, 1.1080758571624756, 1.1035776138305664, 1.168006181716919, 0.9164705276489258, 1.1832613945007324, 1.2101120948791504, 0.9102253913879395, 0.9454679489135742, 0.9305932521820068], "score_time": [0.0426328182220459, 0.06870889663696289, 0.04297637939453125, 0.049898624420166016, 0.04306817054748535, 0.04334402084350586, 0.04327082633972168, 0.049643754959106445, 0.046045541763305664, 0.043314456939697266, 0.047388315200805664, 0.05581998825073242, 0.04259848594665527, 0.04176688194274902, 0.03966832160949707], "test_MSE": [-0.0567033849663977, -0.04909543713403115, -0.06120840452100666, -0.06258623399777152, -0.053156146606016606, -0.05542831103171547, -0.05116015173817203, -0.04986144607223674, -0.05472398250079314, -0.05918736832249968, -0.05489452782498714, -0.06637810715644542, -0.06965737215456186, -0.05684184651669291, -0.05310827887444019], "test_MAPE": [-14565444389357.719, -16774093622265.494, -15991785338369.467, -17533785928190.455, -15625111089469.576, -16227479222999.984, -16054329604240.152, -15328768681008.47, -15933054105712.498, -15707936597883.21, -14618728451611.357, -15425559917804.678, -15271362799196.227, -14814718597509.777, -17045083427208.387], "test_R2": [0.9789662590823863, 0.9798504618094828, 0.9812643380509039, 0.9809351533828311, 0.9799690596422836, 0.981135967081097, 0.9803630408611044, 0.9797168996905303, 0.9832282659896956, 0.9795911366169489, 0.9814221833407971, 0.9775585657640746, 0.9793664003530813, 0.9815985027652178, 0.9819548554835521]}