{"fit_time": [1.1941173076629639, 0.9489920139312744, 1.1780133247375488, 1.0737767219543457, 0.9252815246582031, 1.1243922710418701, 1.1793265342712402, 1.2516205310821533, 0.9188289642333984, 1.1035125255584717, 1.1167399883270264, 1.1724028587341309, 0.922093391418457, 0.960538387298584, 0.8800759315490723], "score_time": [0.07732462882995605, 0.04457879066467285, 0.07176756858825684, 0.04759478569030762, 0.044716835021972656, 0.053873538970947266, 0.052230119705200195, 0.08986878395080566, 0.043956756591796875, 0.04621458053588867, 0.05102801322937012, 0.04733562469482422, 0.0447688102722168, 0.04127812385559082, 0.04057621955871582], "test_MSE": [-0.013734097898894506, -0.012391930659612742, -0.015701385586275273, -0.013911831220143734, -0.013289255266474164, -0.01322507499293352, -0.012997151174641258, -0.012185755032437249, -0.0131110942571139, -0.01435215054759134, -0.01282233743130049, -0.016825646755289067, -0.017592660910200317, -0.013205146014177306, -0.012213326135803282], "test_MAPE": [-15123251304596.438, -16651349796627.3, -17371970404317.105, -17605531926532.39, -18623916153386.68, -14918362257331.422, -17265011240563.854, -17763585441357.652, -17380373781987.07, -14479312859521.41, -15421568646999.012, -16986625137122.02, -15702831242305.488, -15095291805394.229, -16445098741517.7], "test_R2": [0.9949054283599881, 0.994914157105915, 0.9951938650455118, 0.995762216202601, 0.9949921825294409, 0.9954990825919464, 0.9950112633002992, 0.9950429658355382, 0.9959817291173727, 0.9950511217497835, 0.9956605686690558, 0.9943115032755334, 0.9947887795545945, 0.9957250780409919, 0.9958501529362657]}