{"fit_time": [0.039530277252197266, 0.03143191337585449, 0.04745054244995117, 0.03748154640197754, 0.03489112854003906, 0.030506372451782227, 0.03992938995361328, 0.04696774482727051, 0.027660131454467773, 0.04248523712158203, 0.03296184539794922, 0.0328981876373291, 0.03729867935180664, 0.025513648986816406, 0.025478124618530273], "score_time": [0.005385398864746094, 0.0035789012908935547, 0.008690118789672852, 0.003407001495361328, 0.003325223922729492, 0.0029942989349365234, 0.003785371780395508, 0.0038585662841796875, 0.0039212703704833984, 0.004087924957275391, 0.00421452522277832, 0.004012107849121094, 0.0034584999084472656, 0.003327608108520508, 0.00235748291015625], "test_MSE": [-2.2092511469135885, -2.0259244593039183, -2.6801491825464865, -2.7008221500663874, -2.1998749216990046, -2.413738214043939, -2.1312561184969177, -2.0596485429430915, -2.707229886076995, -2.394612647476617, -2.4222585703249164, -2.4774092876681624, -2.762394137823057, -2.52769764395876, -2.4109381062862543], "test_MAPE": [-554424304611968.7, -571576051346552.1, -544754754208985.1, -563304769141494.0, -572448363488890.6, -565430508337818.8, -590480223542984.2, -589303263490609.5, -555301426089551.3, -563936947583241.5, -551340273522449.44, -574324935105655.0, -556772256429974.5, -565386784959915.2, -574950766206293.5], "test_R2": [0.18049308213859727, 0.16852879520342834, 0.1796164358425032, 0.17728297834470297, 0.17101659611268594, 0.17852742975903124, 0.18195337794084976, 0.1621571115638194, 0.17029175364983506, 0.17429472262751866, 0.18024113871336234, 0.16242538411586527, 0.1817357884192995, 0.18170460574300507, 0.18081083646103635]}