{"fit_time": [0.600318431854248, 0.698336124420166, 0.6059069633483887, 0.7270004749298096, 0.5727627277374268, 0.5552067756652832, 0.6624207496643066, 0.6236741542816162, 0.5716845989227295, 0.726050615310669, 0.7191762924194336, 0.7777822017669678, 0.5591459274291992, 0.5739912986755371, 0.5401394367218018], "score_time": [0.03279471397399902, 0.03686785697937012, 0.033463239669799805, 0.037425994873046875, 0.03365159034729004, 0.032845258712768555, 0.046751976013183594, 0.03261613845825195, 0.03307652473449707, 0.032360076904296875, 0.04095721244812012, 0.036470651626586914, 0.03507351875305176, 0.03159141540527344, 0.030336856842041016], "test_MSE": [-0.006330912044180557, -0.006192788677515661, -0.006590330461125119, -0.0062799036511231405, -0.006358005914063374, -0.00626852868882596, -0.0063918714281376255, -0.006214643016903689, -0.006862612022122871, -0.005979557621727257, -0.006674306907056197, -0.007468946126708076, -0.007675266867786049, -0.006003500439968353, -0.006301619454421181], "test_MAPE": [-15531059700706.09, -16723493186942.543, -15610532695852.406, -15133736268319.871, -16119940863033.365, -16121362241938.135, -15787444722232.838, -16137508630249.123, -17073683419117.922, -16574584811393.443, -18562957910874.316, -15949329769177.564, -16569321731163.756, -15274318205173.639, -14425707136483.387], "test_R2": [0.9976515905745591, 0.9974583823009305, 0.9979827246826848, 0.998087033006595, 0.9976040995183011, 0.9978666185323338, 0.9975465882373105, 0.9974719500209283, 0.9978967557149319, 0.9979381415654779, 0.9977412311397986, 0.9974748622626562, 0.9977264662901473, 0.9980564776917891, 0.9978588341374885]}