{"fit_time": [0.7071218490600586, 0.7047634124755859, 0.7171566486358643, 0.6191534996032715, 0.6083660125732422, 0.8987715244293213, 0.8858222961425781, 0.6867809295654297, 0.6052184104919434, 0.7607824802398682, 0.6938526630401611, 0.7581665515899658, 0.7957332134246826, 0.8311419486999512, 0.837148904800415], "score_time": [0.04112982749938965, 0.0409235954284668, 0.04049324989318848, 0.03562211990356445, 0.03628277778625488, 0.0408778190612793, 0.04237198829650879, 0.0352175235748291, 0.03608226776123047, 0.08286786079406738, 0.03631448745727539, 0.09681916236877441, 0.03715252876281738, 0.035761356353759766, 0.034264564514160156], "test_MSE": [-0.05888822496301857, -0.05602655648122218, -0.06239324732279918, -0.0643140108684092, -0.0540835623633254, -0.059241735177017356, -0.05699983139172755, -0.052453763181965915, -0.06399606600477757, -0.05746024093245558, -0.06256838264357524, -0.07101069142958, -0.07448723979270258, -0.057461776450981994, -0.05711627091393888], "test_MAPE": [-25422147331556.023, -25972224739412.16, -24949936751497.08, -25650280157932.168, -25953287689942.02, -23943599842192.71, -25416105864433.473, -25121269513462.44, -25708586174203.42, -24470246084905.98, -25316838371278.73, -26522479008541.25, -25083213023742.723, -23719860830895.08, -24336660340715.906], "test_R2": [0.9781558073172476, 0.9770058216119022, 0.9809016621345665, 0.980408842740325, 0.9796195796497035, 0.9798381364730246, 0.9781215785736588, 0.9786623729546949, 0.980386570061445, 0.9801866810371108, 0.9788251400008201, 0.9759923590769375, 0.9779357182571234, 0.9813978119067983, 0.9805930189280027]}