{"fit_time": [0.2881646156311035, 0.31052160263061523, 0.26341700553894043, 0.299149751663208, 0.24938726425170898, 0.2666809558868408, 0.252549409866333, 0.30409955978393555, 0.24312829971313477, 0.3066596984863281, 0.2954103946685791, 0.3001723289489746, 0.24704408645629883, 0.26153993606567383, 0.25135326385498047], "score_time": [0.009698629379272461, 0.0044705867767333984, 0.004686832427978516, 0.004305124282836914, 0.004446506500244141, 0.004304409027099609, 0.006518125534057617, 0.007037162780761719, 0.0046041011810302734, 0.00512385368347168, 0.004599094390869141, 0.005006313323974609, 0.004866361618041992, 0.004137992858886719, 0.004926204681396484], "test_MSE": [-0.003109054911081877, -0.0026303474876732207, -0.003293228808787135, -0.0039871076617127394, -0.0031914215557793777, -0.003248149863608834, -0.002993161264858108, -0.002814334440117428, -0.003421404950998437, -0.003100683170343852, -0.003019862670276391, -0.003479362570782848, -0.005447505424072129, -0.0032656616152436416, -0.003073553333483131], "test_MAPE": [-0.08982990414815249, -0.07338124277715304, -0.08118650752737466, -0.10103296005874234, -0.06561938750543028, -0.06672539682206409, -0.08323614758981794, -0.11905521963940072, -0.07372458764225094, -0.09813453893581123, -0.1335728903441795, -0.07351706232332028, -0.08273257625006575, -0.06247440205491284, -0.11052667934687305], "test_R2": [0.9988467169016967, 0.9989204640950133, 0.9989919550727501, 0.9987854582204228, 0.9987973700329716, 0.9988945503694386, 0.9988511256621179, 0.9988551590005914, 0.9989514123213008, 0.9989308289756547, 0.9989779954897648, 0.9988236801309935, 0.9983863639623769, 0.9989428024094011, 0.9989556672658731]}