{"fit_time": [0.6337490081787109, 0.7759809494018555, 0.765357494354248, 0.7710769176483154, 0.6232616901397705, 0.8311071395874023, 0.7526640892028809, 0.7728033065795898, 0.6253819465637207, 0.8339107036590576, 0.7668106555938721, 0.7159483432769775, 0.7102315425872803, 0.5928258895874023, 0.6023998260498047], "score_time": [0.03746390342712402, 0.03708052635192871, 0.04899764060974121, 0.03674054145812988, 0.03737235069274902, 0.06609892845153809, 0.043337345123291016, 0.05533027648925781, 0.03766632080078125, 0.0422825813293457, 0.03672528266906738, 0.03747868537902832, 0.03815579414367676, 0.0345306396484375, 0.0339505672454834], "test_MSE": [-0.016177461616354014, -0.015424594449487846, -0.016994530986443872, -0.017255469309521047, -0.015330668529630243, -0.01784769741477565, -0.017386798527680086, -0.01505354096498787, -0.015799485410486716, -0.01449086648171009, -0.01645919332597575, -0.017090244701760255, -0.019816699527061648, -0.014546837272890835, -0.014885145653435438], "test_MAPE": [-24871719145382.96, -27782180031227.223, -26145148460411.0, -23303464181279.418, -24153155126642.82, -24384100764707.562, -25065391746977.19, -26317305600905.55, -24381204433225.734, -23237281981996.117, -24265928498175.055, -25155970090582.4, -21988764466809.05, -25460196808071.785, -23873571178320.176], "test_R2": [0.9939990789519061, 0.9936695042742014, 0.9947980381119692, 0.9947436863559326, 0.9942229125591624, 0.9939258558434821, 0.9933263713917111, 0.9938763813435493, 0.9951577945409852, 0.9950032900142507, 0.9944297566973667, 0.9942220467111771, 0.9941299846417204, 0.9952907302936874, 0.9949423214203634]}