{"fit_time": [0.06428885459899902, 0.08282876014709473, 0.06904315948486328, 0.06967687606811523, 0.05839657783508301, 0.07985472679138184, 0.10105037689208984, 0.06367897987365723, 0.05321526527404785, 0.07649111747741699, 0.10258126258850098, 0.043039798736572266, 0.07603573799133301, 0.06395173072814941, 0.05217862129211426], "score_time": [0.0034461021423339844, 0.0076100826263427734, 0.01228022575378418, 0.0035839080810546875, 0.0038352012634277344, 0.0037178993225097656, 0.0033469200134277344, 0.003178119659423828, 0.0034165382385253906, 0.003281116485595703, 0.009606122970581055, 0.006746768951416016, 0.003946781158447266, 0.0030400753021240234, 0.0029730796813964844], "test_MSE": [-2.1535041087630544, -1.9757572207952117, -2.592451939386708, -2.6073350603416823, -2.16910027617056, -2.3370160285465387, -2.0695966438352387, -2.010837885627088, -2.631226021379677, -2.296603408989105, -2.330505662912109, -2.4386181022085096, -2.6686145990266597, -2.454658134735229, -2.307694603078336], "test_MAPE": [-521160858751327.1, -550358691657983.5, -512642974814982.1, -534110065920107.5, -543019777138384.9, -524624046461919.0, -563815974631215.6, -560223621820106.0, -530995592312482.9, -519364046661086.25, -534064352911332.5, -559396235389717.3, -529884578425748.8, -526176818684671.3, -541034225285802.7], "test_R2": [0.20117207260940473, 0.18911821750522706, 0.2064602314710169, 0.2057607587197049, 0.18261346925849753, 0.20463845147147386, 0.20562032464292024, 0.18201276230201358, 0.19358531790094047, 0.20809006131650265, 0.21129284385414426, 0.17554009730548126, 0.20951474990960617, 0.205349796907088, 0.21589094026511346]}