{"fit_time": [0.895071268081665, 0.753490686416626, 0.950800895690918, 0.942314863204956, 0.7350618839263916, 0.7838397026062012, 0.8614928722381592, 0.8926422595977783, 0.7401177883148193, 1.1039299964904785, 0.8870599269866943, 1.2154037952423096, 1.0246601104736328, 0.75710129737854, 0.7934415340423584], "score_time": [0.037633419036865234, 0.03723263740539551, 0.04376864433288574, 0.04482412338256836, 0.03724074363708496, 0.03766822814941406, 0.04094243049621582, 0.048548221588134766, 0.037618160247802734, 0.04320693016052246, 0.043440818786621094, 0.052664995193481445, 0.039153337478637695, 0.03573250770568848, 0.03460264205932617], "test_MSE": [-0.016479845934405667, -0.01599620534042928, -0.017251479880003563, -0.016796912102243444, -0.015270199037741414, -0.017196700996257787, -0.018419801609180563, -0.016518597109667788, -0.016722528789481994, -0.014970492561981621, -0.017434150338768623, -0.019692484893559917, -0.021096127811070748, -0.01643901233536615, -0.016495246919983386], "test_MAPE": [-23791424893242.91, -26137786919472.594, -25433974033651.26, -25393683064265.797, -23436324932646.383, -24443920671552.387, -26577909630150.504, -25170918619133.28, -23330982486646.566, -25268397192021.8, -25311056298717.633, -24934638601073.402, -27264497137077.79, -23917523195381.94, -24431018838610.367], "test_R2": [0.9938869115141558, 0.9934349061903572, 0.9947193870240082, 0.9948833707923257, 0.9942456994025064, 0.9941474108149476, 0.9929298706267097, 0.993280412251548, 0.9948749014231049, 0.994837906361883, 0.994099804453456, 0.993342268654344, 0.9937509980366758, 0.9946781735891892, 0.9943952408021106]}