{"fit_time": [0.7910013198852539, 0.8704023361206055, 0.8904683589935303, 0.8922944068908691, 0.8641746044158936, 0.9511511325836182, 0.9949185848236084, 1.0847735404968262, 0.7763979434967041, 0.8466193675994873, 0.8846559524536133, 0.8704452514648438, 0.7729394435882568, 0.7715625762939453, 0.7368056774139404], "score_time": [0.03684663772583008, 0.04212069511413574, 0.040775299072265625, 0.03731989860534668, 0.03717923164367676, 0.03795933723449707, 0.06779193878173828, 0.04206275939941406, 0.03744935989379883, 0.04896402359008789, 0.04410433769226074, 0.038266658782958984, 0.0392918586730957, 0.036246299743652344, 0.03448605537414551], "test_MSE": [-0.061572667518483865, -0.05711998805705884, -0.06551975320595675, -0.06728163376973875, -0.05561777570631145, -0.06322068248867851, -0.05856664115914794, -0.05345254742908521, -0.06506760699576429, -0.06065281282521898, -0.06529239615144852, -0.07268808244491491, -0.07386657477239436, -0.0632591194346375, -0.058195097272964944], "test_MAPE": [-23289170893167.53, -25419962043614.805, -22859695752588.516, -24469401136264.484, -23886615860516.133, -24501271624951.555, -26533266013880.453, -24713911892345.227, -22498940893063.656, -24668834352835.098, -25171363185971.59, -27296521299450.707, -25071174008281.754, -22144265680117.4, -25243869489979.83], "test_R2": [0.977160031328683, 0.9765570601264735, 0.9799446504665268, 0.9795048536069725, 0.9790414388714198, 0.9784839730198606, 0.9775201851388089, 0.9782560782587391, 0.9800581655912165, 0.9790858251375048, 0.9779032589767623, 0.9754252585407645, 0.9781195689128082, 0.9795210292647796, 0.9802264550330814]}