{"fit_time": [0.4300980567932129, 0.4443185329437256, 0.4305119514465332, 0.39622926712036133, 0.37544846534729004, 0.4193460941314697, 0.432009220123291, 0.36455488204956055, 0.3721954822540283, 0.3806447982788086, 0.4409642219543457, 0.369326114654541, 0.3676114082336426, 0.36553406715393066, 0.35024094581604004], "score_time": [0.006285190582275391, 0.005697488784790039, 0.008920669555664062, 0.0054357051849365234, 0.004808187484741211, 0.004893302917480469, 0.005568504333496094, 0.005407094955444336, 0.0052490234375, 0.005019426345825195, 0.005556344985961914, 0.004764080047607422, 0.00823211669921875, 0.0045244693756103516, 0.005436897277832031], "test_MSE": [-0.00313483978434621, -0.002591126987765377, -0.003627104237824132, -0.003813712420720459, -0.0031432698999940894, -0.0031524128046099085, -0.00308550271918086, -0.0027389102367655948, -0.0033675199139614814, -0.003195770507903633, -0.003113391021436207, -0.003410626338468451, -0.005368461342708145, -0.003348487740855097, -0.003036066959901611], "test_MAPE": [-0.09245557074402715, -0.07562351719137403, -0.08315928631971381, -0.09194000371680343, -0.0657965500557925, -0.0663324997799131, -0.08466628888532508, -0.06698318996999696, -0.07463414031513968, -0.10598716955491565, -0.5119197109017828, -0.07494767324232077, -0.08357115880847785, -0.06345734876189235, -0.10753652057372143], "test_R2": [0.9988371521756375, 0.9989365608039312, 0.998889757062191, 0.9988382774022541, 0.9988155151207319, 0.9989271327627842, 0.9988156819563477, 0.9988858407557922, 0.9989679269364113, 0.9988980411606746, 0.9989463429256727, 0.998846918811685, 0.9984097780516381, 0.9989159889820618, 0.9989684043954321]}