{"fit_time": [0.6988070011138916, 0.7743575572967529, 0.7090151309967041, 0.8342125415802002, 0.7447068691253662, 0.6944904327392578, 0.7144970893859863, 0.7953441143035889, 0.7551500797271729, 0.7581346035003662, 0.672126293182373, 0.8082489967346191, 0.6666314601898193, 0.7682018280029297, 0.6738111972808838], "score_time": [0.033005714416503906, 0.036542654037475586, 0.0351412296295166, 0.03950667381286621, 0.03518414497375488, 0.03539395332336426, 0.0341947078704834, 0.03894519805908203, 0.03768324851989746, 0.04044771194458008, 0.03303074836730957, 0.03827166557312012, 0.0335848331451416, 0.031249523162841797, 0.03518104553222656], "test_MSE": [-0.006984414142067233, -0.0068483821120490194, -0.007358439095192009, -0.006433094495778159, -0.007114909971242041, -0.007896137446507162, -0.008014686368793659, -0.006136634572426961, -0.006418248655240364, -0.006118317207089058, -0.0060446031364049975, -0.007500808187682693, -0.008397825100453159, -0.007127726117604761, -0.006635700299419099], "test_MAPE": [-16917092122792.709, -16584758075012.09, -17845760691786.434, -17750080979922.066, -18892152492178.535, -17150998902998.07, -19221344779606.668, -18071075780337.07, -17411228303180.508, -17566783924032.877, -16874776000674.277, -17478957293809.34, -17134769838178.3, -16964144177606.688, -17970857703696.293], "test_R2": [0.9974091783477721, 0.9971893164626834, 0.9977476095245512, 0.9980403684324555, 0.9973188738013538, 0.997312691042708, 0.9969236981637482, 0.9975036830176411, 0.998032943613778, 0.9978902947782157, 0.9979543401993767, 0.9974640901816703, 0.9975124332763643, 0.9976925304070677, 0.9977453200629237]}