{"fit_time": [0.7030398845672607, 0.5808870792388916, 0.6224067211151123, 0.6509475708007812, 0.533721923828125, 0.5742409229278564, 0.5794193744659424, 0.6130824089050293, 0.5435831546783447, 0.5726649761199951, 0.6388709545135498, 0.585317850112915, 0.5968685150146484, 0.5517261028289795, 0.5011396408081055], "score_time": [0.040196895599365234, 0.035936594009399414, 0.03721785545349121, 0.04247140884399414, 0.036034584045410156, 0.03788590431213379, 0.036972999572753906, 0.04340481758117676, 0.03688836097717285, 0.03620481491088867, 0.04588890075683594, 0.03539276123046875, 0.040813446044921875, 0.03564715385437012, 0.03533625602722168], "test_MSE": [-0.019097115356463325, -0.01795999360480012, -0.018299106698183163, -0.018222625105465063, -0.017676785318017422, -0.019861377674999903, -0.018338752830278585, -0.01922775218141662, -0.018754142907849956, -0.01692870018209694, -0.018380016205320236, -0.020847952626968876, -0.02091635491287314, -0.016830190393783768, -0.01767814394884526], "test_MAPE": [-27844600541375.605, -32117942941055.586, -25554548679844.11, -25525369005200.004, -27661579485220.91, -27416566213183.36, -27266725741748.25, -28250483680528.695, -27217930609312.445, -26702420748212.047, -26676941023793.02, -28018446362117.027, -23908790065081.59, -24541413055119.652, -26626603432908.04], "test_R2": [0.9929160529495784, 0.9926289366554898, 0.9943987124031319, 0.9944490740150584, 0.9933388205310336, 0.9932405358326436, 0.9929609798299759, 0.9921783570886354, 0.9942522550065296, 0.994162681344666, 0.9937796974528272, 0.9929516224870781, 0.9938042495719267, 0.9945515369226944, 0.9939933157484979]}