{"fit_time": [0.5707225799560547, 0.6690680980682373, 0.5622882843017578, 0.6003882884979248, 0.5627522468566895, 0.6927647590637207, 0.6079394817352295, 0.6857209205627441, 0.5471539497375488, 0.6009602546691895, 0.624617338180542, 0.6072547435760498, 0.5369999408721924, 0.5432968139648438, 0.5056190490722656], "score_time": [0.03509163856506348, 0.04189348220825195, 0.035279273986816406, 0.03600263595581055, 0.03530764579772949, 0.04515957832336426, 0.03572726249694824, 0.04229164123535156, 0.03725862503051758, 0.035599470138549805, 0.0472109317779541, 0.03835582733154297, 0.03535795211791992, 0.0323338508605957, 0.03250002861022949], "test_MSE": [-0.06164114854995337, -0.05990941737193301, -0.0672385520088436, -0.06768517340143566, -0.05800953506052485, -0.06249088523375346, -0.06047102877515657, -0.05613064633123168, -0.06716875960650527, -0.059510405105774156, -0.06601784349216387, -0.07520459528476246, -0.07585724897615356, -0.06060320985033469, -0.05987161054749764], "test_MAPE": [-23380174802772.562, -24911531855093.79, -23598053148429.906, -23870343102942.543, -23228822464307.63, -26154250476630.83, -24724995012860.582, -26827964515086.24, -25349080221416.617, -23700183135311.445, -24370681610827.52, -24330725742474.156, -24321834138626.86, -21822742149107.086, -22659050256837.93], "test_R2": [0.9771346287486685, 0.9754122345420436, 0.9794185326305628, 0.9793819284732678, 0.978140147261075, 0.9787323464446462, 0.9767892181551384, 0.977166656411803, 0.9794142071091763, 0.9794797477553656, 0.9776577476621431, 0.9745744636052265, 0.9775299001774347, 0.9803808309050558, 0.9796568089258482]}