{"fit_time": [0.17451071739196777, 0.1769702434539795, 0.18042254447937012, 0.18901705741882324, 0.1602458953857422, 0.2114856243133545, 0.1704566478729248, 0.17059016227722168, 0.1539909839630127, 0.1623213291168213, 0.16022586822509766, 0.1882007122039795, 0.15648698806762695, 0.15647268295288086, 0.1592874526977539], "score_time": [0.006220340728759766, 0.005196809768676758, 0.0048999786376953125, 0.012406349182128906, 0.00432586669921875, 0.009683609008789062, 0.004487037658691406, 0.0050699710845947266, 0.005068778991699219, 0.006609201431274414, 0.0048182010650634766, 0.004311323165893555, 0.0047016143798828125, 0.005425453186035156, 0.0039255619049072266], "test_MSE": [-0.0028999449380677617, -0.002619080688694007, -0.0033579175299538765, -0.003872907467570549, -0.003235672258400855, -0.003205284046900035, -0.0030676854346170803, -0.002688002919366327, -0.00343758260597989, -0.003109449133862568, -0.003044574690238258, -0.0034817881278316645, -0.004025780580739812, -0.0034268044010569844, -0.0030013130495918404], "test_MAPE": [-0.0888511665438701, -0.11233743831737052, -0.08509925189649528, -0.15718779722222564, -0.08180618824116921, -0.06775300901439942, -0.05828798133287978, -0.1641272530747885, -0.07240836455482562, -0.08794769101645356, -0.1275254453677681, -0.0645704348789813, -0.08370929538791302, -0.07132690789793097, -0.11222182043829444], "test_R2": [0.9989242848458023, 0.9989250881662014, 0.998972154098992, 0.998820245569747, 0.9987806949494378, 0.9989091389824135, 0.9988225208197415, 0.9989065493053156, 0.9989464542149302, 0.9989278063146216, 0.9989696322631497, 0.9988228600868355, 0.9988075010268115, 0.998890635410803, 0.998980213087925]}