{"fit_time": [0.5647592544555664, 0.6204135417938232, 0.5069167613983154, 0.5215859413146973, 0.5011422634124756, 0.5740017890930176, 0.5426950454711914, 0.5918891429901123, 0.49622583389282227, 0.5534248352050781, 0.524630069732666, 0.5758073329925537, 0.49581050872802734, 0.7372443675994873, 0.7642998695373535], "score_time": [0.032531023025512695, 0.03616762161254883, 0.03190302848815918, 0.035714149475097656, 0.032675981521606445, 0.04688739776611328, 0.04913187026977539, 0.04324507713317871, 0.032634735107421875, 0.03557562828063965, 0.03204512596130371, 0.06383943557739258, 0.10251617431640625, 0.030396461486816406, 0.030217409133911133], "test_MSE": [-0.006471891465668652, -0.005580396561603171, -0.005915433370865897, -0.00619131742167184, -0.006939417644225321, -0.005903660619054662, -0.006585319374557136, -0.00624293462232098, -0.005759163129257152, -0.005262850712405925, -0.005679432620554786, -0.006821250868996149, -0.0071311755357408285, -0.0056619086135258, -0.005728772672826114], "test_MAPE": [-19940982186811.68, -20034333360356.383, -18851255553304.906, -19396731266189.39, -19750621821363.355, -20423829263213.61, -20856090673496.633, -20316951542361.06, -19181931459990.355, -19147850012632.62, -19192878778407.84, -21333354678257.26, -21613567291512.277, -16720248664414.668, -21802226313533.707], "test_R2": [0.9975992952022801, 0.9977097176397618, 0.9981893081385431, 0.9981140179003808, 0.9973850049368885, 0.9979907948449637, 0.9974723365142354, 0.9974604412999465, 0.9982349392768618, 0.9981852749287713, 0.9980779239364377, 0.9976938382346074, 0.9978876346255227, 0.9981670617321556, 0.9980534761627763]}