{"fit_time": [0.028478384017944336, 0.022421836853027344, 0.023373842239379883, 0.03104114532470703, 0.022684097290039062, 0.0230104923248291, 0.029375553131103516, 0.02393817901611328, 0.024540185928344727, 0.026885509490966797, 0.024678707122802734, 0.025774002075195312, 0.029213428497314453, 0.0194242000579834, 0.018995046615600586], "score_time": [0.0035431385040283203, 0.0033178329467773438, 0.004593372344970703, 0.003569364547729492, 0.0027022361755371094, 0.003953695297241211, 0.0029425621032714844, 0.0028510093688964844, 0.003819704055786133, 0.004781246185302734, 0.003200054168701172, 0.003163576126098633, 0.0028400421142578125, 0.002348661422729492, 0.0023238658905029297], "test_MSE": [-2.2822752037620133, -2.094871235091819, -2.7776492094995318, -2.7981908362307557, -2.2754366666618218, -2.5029134510662026, -2.2009079655232147, -2.1200319826070415, -2.8034948642318493, -2.4711199421440857, -2.5016823841358864, -2.5675203570277936, -2.8620344158094086, -2.6171767021349432, -2.489774437269406], "test_MAPE": [-637138187576399.6, -670503438069931.6, -641291569633701.0, -660379154415628.5, -672583236491911.1, -676942290217203.5, -670302445126566.2, -681018421481339.6, -669466011708737.1, -679907899442935.0, -657488819289707.6, -683041971243596.5, -681370093850241.2, -673952645614197.4, -683197108523828.1], "test_R2": [0.15340529728389996, 0.14023195596644045, 0.14977204503840902, 0.14762279672864598, 0.1425425079156335, 0.14817823499867822, 0.15521869425570556, 0.13759377736046852, 0.14078859005793853, 0.14791363880964525, 0.15336193763781836, 0.1319601942574541, 0.15222078460726696, 0.152737414448183, 0.15402380784915326]}