{"fit_time": [0.01590728759765625, 0.02636241912841797, 0.017642736434936523, 0.019785642623901367, 0.020245790481567383, 0.019221782684326172, 0.015549659729003906, 0.01720738410949707, 0.02332305908203125, 0.01803898811340332, 0.026999235153198242, 0.017301082611083984, 0.01801156997680664, 0.015612602233886719, 0.01584768295288086], "score_time": [0.003185749053955078, 0.003717184066772461, 0.002930879592895508, 0.002772808074951172, 0.0025131702423095703, 0.003675222396850586, 0.0026390552520751953, 0.0027806758880615234, 0.008111953735351562, 0.002563953399658203, 0.0035572052001953125, 0.0030057430267333984, 0.0031654834747314453, 0.0026023387908935547, 0.002561330795288086], "test_MSE": [-2.4082607437914523, -2.5712468361304675, -2.2539443231259324, -2.707126027577611, -2.5615726998933566, -2.3072805595561596, -2.0817329239182594, -2.6378942329324504, -2.504895987214714, -2.506589732364921, -2.2463328009317043, -2.593907212355073, -2.417548852277909, -2.613506773320311, -2.675571353395283], "test_MAPE": [-654291954509390.6, -645501912108166.0, -653870321592150.9, -683599549437731.2, -679230459748403.1, -717987156483572.5, -652376247959953.6, -651946524357479.4, -679354470533554.1, -639234779472431.8, -653005262314819.0, -673940578306202.8, -632802422320888.4, -706725146718793.9, -679966253188715.9], "test_R2": [0.14816447071425443, 0.15689026766852132, 0.14249730974361086, 0.15092866916775705, 0.15045851609545846, 0.139403129939354, 0.15475806012399618, 0.15148181028369345, 0.15147757330019807, 0.15847633788290882, 0.13524088929366873, 0.14451073384122803, 0.14617802257478163, 0.14322192883631402, 0.1409048440692795]}