{"fit_time": [20.078171014785767, 19.726434230804443, 19.556922435760498, 21.239166975021362, 19.57736086845398, 19.418378591537476, 20.14369821548462, 19.277127981185913, 21.0422043800354, 19.34726047515869, 20.00275754928589, 19.25934362411499, 21.278466939926147, 21.146982669830322, 15.056363105773926], "score_time": [0.6973936557769775, 0.6931345462799072, 0.7001829147338867, 1.414076805114746, 1.3618783950805664, 0.4396789073944092, 0.7099263668060303, 0.7292776107788086, 0.7465901374816895, 0.6969943046569824, 0.3471255302429199, 0.3615756034851074, 0.352858304977417, 0.2585906982421875, 0.22395801544189453], "test_MSE": [-2.7708206137815297, -2.9599560123583766, -2.696695656590942, -3.0804391495255583, -3.096918151022783, -2.6135479591417083, -2.537216471488512, -3.1896592951747724, -3.0327017853242926, -3.8911235262858668, -2.4374905385896852, -3.1041691851436903, -2.7281376844523644, -2.959101527006206, -3.1901952618726988], "test_MAPE": [-29805387846736.348, -48755460000851.445, -0.7531591039632395, -52980596475611.75, -0.7549906649432716, -18769694026548.547, -0.7524055723107855, -0.7509694097371823, -0.748671549619417, -593186004084170.8, -29044731106918.918, -0.7437885968691655, -6769642730752.987, -14111414185672.266, -0.7446502944133276], "test_R2": [0.019921970583415827, 0.02943284704316329, -0.02594538676200142, 0.033841593782089285, -0.027087945487682674, 0.025167882564132826, -0.030181032161312515, -0.02600168618011245, -0.027314304256423227, -0.30634562062960646, 0.061651884515219746, -0.02377733697736195, 0.03648527712994298, 0.0299266393463562, -0.02433496773317767]}