{"fit_time": [21.13510513305664, 21.302919149398804, 41.85806179046631, 20.96285057067871, 14.998171329498291, 15.24327278137207, 21.21149730682373, 17.647706985473633, 17.221590518951416, 21.36382293701172, 21.40186905860901, 20.83366107940674, 20.731297969818115, 15.973194360733032, 15.045654773712158], "score_time": [0.7239282131195068, 0.5239467620849609, 0.8140244483947754, 0.42144155502319336, 0.7243912220001221, 0.3945603370666504, 0.5899741649627686, 0.5256738662719727, 0.7427258491516113, 0.7409803867340088, 0.6927602291107178, 0.7057101726531982, 0.6864526271820068, 0.29566431045532227, 0.2323627471923828], "test_MSE": [-2.902224654770605, -2.939102185241918, -2.696695656590942, -3.233921184922477, -3.096918151022783, -2.751023015847631, -2.38509610553125, -3.1896592951747724, -2.8595583349828204, -2.8756055954006343, -2.6758480074719397, -3.1041691851436903, -2.9107423500812, -2.944049998210313, -2.969484562540825], "test_MAPE": [-0.7535898908673176, -755283579549.6473, -0.7531591039632395, -0.7443925713285177, -0.7549906649432716, -0.7429268993250036, -45055314344566.586, -0.7509694097371823, -74896185910493.44, -3205456659931.693, -118327582369991.33, -0.7437885968691655, -0.7613097802671263, -640270805535.5662, -331060172328.1579], "test_R2": [-0.026557477746581126, 0.036270799880357196, -0.02594538676200142, -0.0142969837077489, -0.027087945487682674, -0.026109194695723925, 0.03158410194357175, -0.02600168618011245, 0.0313372730548902, 0.03458866036173436, -0.030107356473176194, -0.02377733697736195, -0.02800643998567054, 0.03486093679737312, 0.04653269663222159]}