{"fit_time": [21.104508876800537, 21.622907876968384, 21.090633869171143, 21.008644342422485, 20.54460835456848, 20.96529793739319, 20.98110842704773, 20.429629802703857, 21.088762044906616, 21.20000982284546, 21.104026079177856, 21.022220611572266, 20.946383953094482, 15.09524941444397, 15.026995658874512], "score_time": [0.7094285488128662, 0.6819498538970947, 0.7386519908905029, 0.6871809959411621, 0.38708066940307617, 0.45070862770080566, 0.4501657485961914, 0.3194425106048584, 0.7149045467376709, 0.7097160816192627, 0.374100923538208, 0.3694021701812744, 0.2281181812286377, 0.25130152702331543, 0.25191211700439453], "test_MSE": [-2.7029339615890318, -2.9376545872809383, -2.696695656590942, -3.1380432386948676, -3.096918151022783, -2.735893013933223, -2.537216471488512, -3.1896592951747724, -3.0327017853242926, -2.9768431087068876, -2.6463094616508878, -3.1041691851436903, -2.9107423500812, -3.1267169108374726, -3.045579343484188], "test_MAPE": [-1792295565412.011, -24220311432893.4, -0.7531591039632395, -136330945980594.83, -0.7549906649432716, -392914394430.1959, -0.7524055723107855, -0.7509694097371823, -0.748671549619417, -44961707018401.97, -11745843140647.234, -0.7437885968691655, -0.7613097802671263, -0.7472353870458136, -70634191176106.56], "test_R2": [0.0439344295544456, 0.03674546606652629, -0.02594538676200142, 0.015774470140959895, -0.027087945487682674, -0.02046582712275047, -0.030181032161312515, -0.02600168618011245, -0.027314304256423227, 0.0006007436950816736, -0.01873605538850298, -0.02377733697736195, -0.02800643998567054, -0.025022208202971408, 0.022099538601472513]}