{"fit_time": [10.803200006484985, 5.957183599472046, 10.690374374389648, 10.773919582366943, 3.2766377925872803, 5.510324954986572, 10.747216701507568, 6.437767505645752, 6.559088230133057, 5.452920436859131, 10.742877006530762, 5.606555461883545, 5.737395286560059, 5.469967842102051, 4.6925950050354], "score_time": [0.27280282974243164, 0.37877368927001953, 0.3598597049713135, 0.37799739837646484, 0.2232072353363037, 0.2747535705566406, 0.3964872360229492, 0.2789735794067383, 0.26050353050231934, 0.3661644458770752, 0.22852540016174316, 0.37043333053588867, 0.2780923843383789, 0.22882556915283203, 0.19735431671142578], "test_MSE": [-2.702791288459492, -3.0716959222590177, -2.5259342933999163, -3.093184955569955, -2.9249313919064535, -2.751023015847631, -2.4701818993445293, -3.076966338712184, -2.8603300598911434, -3.0639540721655827, -2.660341254398204, -2.92676207910199, -2.7713827254729853, -2.941044620076472, -3.1901952618726988], "test_MAPE": [-93999388360906.4, -248965290764243.3, -1955320087068.3003, -7651486890672.994, -27856645226231.38, -0.7429268993250036, -172111833649263.16, -24601431334958.05, -21895658907043.414, -0.7578629900904782, -0.7594427689214419, -13838359072803.047, -59527874542088.97, -724781552513.3351, -0.7446502944133276], "test_R2": [0.043984895037109784, -0.007206577925016999, 0.039019983866619645, 0.02984395998506606, 0.029951187759522102, -0.026109194695723925, -0.0029631161900882663, 0.010247691151864524, 0.031075854658558666, -0.028644543650425236, -0.02413780200981952, 0.0347328033376304, 0.021212135326305614, 0.03584618087897096, -0.02433496773317767]}