{"fit_time": [0.20164823532104492, 0.1736588478088379, 0.18805599212646484, 0.16583037376403809, 0.15177106857299805, 0.17343997955322266, 0.15189814567565918, 0.17783164978027344, 0.1522808074951172, 0.16332674026489258, 0.16669654846191406, 0.17777132987976074, 0.149078369140625, 0.15649914741516113, 0.16437292098999023], "score_time": [0.006918191909790039, 0.012027263641357422, 0.0061228275299072266, 0.012354850769042969, 0.005185365676879883, 0.0071065425872802734, 0.005995273590087891, 0.0061037540435791016, 0.005051136016845703, 0.004244804382324219, 0.004205942153930664, 0.0049822330474853516, 0.004205226898193359, 0.003951549530029297, 0.0049626827239990234], "test_MSE": [-0.003359284796390358, -0.0036089466543732665, -0.0029099846875119896, -0.0034958641078525793, -0.0031587812355800965, -0.0032797114438221993, -0.002483753967908234, -0.0032254044330397654, -0.0031811292522748846, -0.0039993546720957845, -0.0030766095436253237, -0.003445428640729523, -0.003315106912531299, -0.003514261547180939, -0.0037484788668183267], "test_MAPE": [-0.08375207588987324, -0.07379271085597447, -0.1059023962290162, -0.1571125795289174, -0.1428130077861095, -0.08209163756555861, -0.07342991610397032, -0.08808136914955379, -0.08047962550380153, -0.11534194065605838, -0.08682778311392256, -0.08322875190246186, -0.12878377990081422, -0.11483178247971362, -0.08670421214291346], "test_R2": [0.9988117739534924, 0.9988166293468945, 0.9988929097881682, 0.9989035464325541, 0.9989523952615843, 0.9987766943245955, 0.9989915262434059, 0.9989625003548442, 0.9989224065483903, 0.998657318528712, 0.9988156135494115, 0.9988636728386349, 0.9988291814096056, 0.9988479301983468, 0.9987964065946118]}