{"fit_time": [0.3833456039428711, 0.46118664741516113, 0.4058661460876465, 0.48067474365234375, 0.37525343894958496, 0.4178917407989502, 0.42055583000183105, 0.3929431438446045, 0.37580323219299316, 0.40024662017822266, 0.432877779006958, 0.37657618522644043, 0.36649465560913086, 0.36239004135131836, 0.36019086837768555], "score_time": [0.005468130111694336, 0.0076847076416015625, 0.00827336311340332, 0.006443977355957031, 0.005900859832763672, 0.00750279426574707, 0.007609367370605469, 0.004718303680419922, 0.006171464920043945, 0.004857063293457031, 0.005425453186035156, 0.004851341247558594, 0.004839181900024414, 0.0048618316650390625, 0.00456690788269043], "test_MSE": [-0.0031042936117132163, -0.0030158376390869907, -0.003684641777212588, -0.0037536450765890328, -0.003889979655102415, -0.00334843653888491, -0.002919469362000246, -0.0026536901027753887, -0.0031047859979941982, -0.0036613673550362474, -0.0032635593159223452, -0.0038248748989343014, -0.002583400793718256, -0.0037532964362990066, -0.0024857100185833887], "test_MAPE": [-0.0763368196388231, -0.06739193721668925, -0.1180633777404486, -0.07555385094753594, -0.08072522346915455, -0.09010451770795265, -0.06536320376464949, -0.07036248793761082, -0.16208919979122197, -0.07336235616766025, -0.1693908952655071, -0.2388588272812905, -0.055469950512591945, -0.06539718591092612, -0.09279841700755338], "test_R2": [0.9989001011457718, 0.9989241317525206, 0.9988142887402441, 0.9987662056605547, 0.9987763069677746, 0.9989969323503947, 0.9989105727857275, 0.9989491543324989, 0.9988900430010293, 0.9988424870976735, 0.9990384555020788, 0.9988249076685404, 0.9990012505637301, 0.9989061737403178, 0.9989999583156026]}