{"fit_time": [0.04462552070617676, 0.06075739860534668, 0.05475759506225586, 0.10350513458251953, 0.0550847053527832, 0.07729887962341309, 0.051212310791015625, 0.0906209945678711, 0.05109238624572754, 0.05743718147277832, 0.08346366882324219, 0.054436683654785156, 0.05241060256958008, 0.060759544372558594, 0.044182777404785156], "score_time": [0.004708766937255859, 0.003739595413208008, 0.0038361549377441406, 0.003818035125732422, 0.003740549087524414, 0.0036139488220214844, 0.00477147102355957, 0.012016534805297852, 0.004686832427978516, 0.00432896614074707, 0.004037618637084961, 0.0038518905639648438, 0.003356456756591797, 0.0028460025787353516, 0.003326416015625], "test_MSE": [-2.265722098124864, -2.2964352262890313, -2.5041222987385847, -2.4186232486373997, -2.527649505974482, -2.6319566977367614, -2.1094029860867383, -2.0348412062763392, -2.211917715095478, -2.521306942536843, -2.676725155426456, -2.572380152816444, -2.1150369602810732, -2.6647845252085687, -2.0146586409036766], "test_MAPE": [-541483939882188.4, -547434979218069.56, -536724501457203.9, -535803340733515.75, -556963962392408.2, -541828009023687.5, -530281878173666.9, -543853919249582.44, -517401087492090.7, -562500259820968.5, -518843656649809.1, -577262673208565.6, -556932441281537.0, -531733236077063.44, -548230226339800.9], "test_R2": [0.19721989881237667, 0.18077097044736057, 0.19417783737277183, 0.20501709337653906, 0.2048629137913871, 0.2115631913570809, 0.21285660715545263, 0.19421485446552966, 0.20924226320155848, 0.2029083580763147, 0.2113548134117036, 0.20970377566710074, 0.18232123451109283, 0.22339965959568497, 0.1894699680684171]}