{"fit_time": [40.03003001213074, 41.53452730178833, 37.2301824092865, 38.89985394477844, 33.55289840698242], "score_time": [0.38072657585144043, 0.3723773956298828, 0.4023313522338867, 0.3980703353881836, 0.3637545108795166], "test_MSE": [-0.001135359440323262, -0.0011987576171371608, -0.0013348143612362997, -0.001240099512122728, -0.001165364204611809], "test_R2": [0.9995763366979356, 0.999587932889668, 0.9995393271453894, 0.9995965266420257, 0.9996131161981223]}