{"fit_time": [0.7708609104156494, 0.7863366603851318, 0.6737196445465088, 0.7122864723205566, 0.5467140674591064], "score_time": [0.09122061729431152, 0.09930896759033203, 0.09188079833984375, 0.09857583045959473, 0.08011007308959961], "test_MSE": [-0.00381525140048119, -0.005611660119589482, -0.004061449092950197, -0.004211058212118165, -0.004305306061787034], "test_R2": [0.9985763257439656, 0.9980710190812656, 0.9985983074487059, 0.9986299085026165, 0.9985707016134188]}