{"fit_time": [0.8727202415466309, 0.9046802520751953, 0.943986177444458, 0.8010945320129395, 0.6508386135101318], "score_time": [0.1277775764465332, 0.12074923515319824, 0.11861896514892578, 0.12087368965148926, 0.10445356369018555], "test_MSE": [-0.006389271583158125, -0.006582164050471756, -0.0066449512958660795, -0.00746985982517199, -0.00698187782036431], "test_R2": [0.9976158212099452, 0.9977374130672996, 0.9977066858350399, 0.997569639050901, 0.9976821190965893]}