{"fit_time": [0.950779914855957, 0.9110102653503418, 0.8450334072113037, 0.9551670551300049, 0.7286171913146973], "score_time": [0.1564958095550537, 0.14287352561950684, 0.13202166557312012, 0.14224481582641602, 0.12340903282165527], "test_MSE": [-0.01307360254812743, -0.014413694709346237, -0.013813762709058682, -0.01469356106826583, -0.014369834308900827], "test_R2": [0.9951215399910351, 0.9950453624292511, 0.995232576390471, 0.9952193671823429, 0.9952294260388477]}