{"fit_time": [212.30978298187256, 221.55256533622742, 205.1927993297577, 220.0487458705902, 168.6987955570221], "score_time": [68.12890601158142, 60.825411558151245, 74.32091951370239, 61.721291303634644, 1.7947745323181152], "test_MSE": [-0.0010753780508483142, -0.001253090995013999, -0.001264876351852498, -0.0011954243761219422, -0.001128768211334345], "test_R2": [0.9995987189608779, 0.999569256054838, 0.9995634642414263, 0.9996110619490426, 0.9996252655304569]}