{"fit_time": [0.5971651077270508, 0.6763839721679688, 0.63616943359375, 0.6918115615844727, 0.5054457187652588], "score_time": [0.010421276092529297, 0.009063005447387695, 0.009114980697631836, 0.008117914199829102, 0.008176326751708984], "test_MSE": [-0.0030979991642415103, -0.002994864106751616, -0.003410579716662809, -0.0033375329036615608, -0.003410498333341855], "test_R2": [0.9988439708967041, 0.9989705300048448, 0.9988229363276425, 0.9989141148796316, 0.9988677646384888]}