{"fit_time": [104.11160469055176, 99.73725032806396, 102.68443155288696, 102.7744152545929, 82.089195728302], "score_time": [0.9180998802185059, 1.1014256477355957, 1.0638225078582764, 1.1340806484222412, 0.8668804168701172], "test_MSE": [-0.0011017178673608959, -0.0012409575698781416, -0.0012540008061175695, -0.0011903364689139723, -0.0011203538461896701], "test_R2": [0.9995888901672437, 0.9995734268608147, 0.9995672176238026, 0.9996127173282974, 0.9996280589761151]}