{"fit_time": [0.11206293106079102, 0.11786985397338867, 0.11022758483886719, 0.08733892440795898, 0.045116424560546875], "score_time": [0.007624387741088867, 0.006514310836791992, 0.00657343864440918, 0.011953353881835938, 0.00404047966003418], "test_MSE": [-1.295497305607476, -1.3529149012648183, -1.3494562943014965, -1.3984102987135725, -1.4027767344092323], "test_R2": [0.516580699630264, 0.5349420717585905, 0.5342739025579515, 0.5450193363256172, 0.5342987247711128]}