{"fit_time": [22.23066806793213, 22.428539752960205, 22.092930793762207, 21.832470417022705, 18.861917734146118], "score_time": [0.4698922634124756, 0.4346776008605957, 0.47681307792663574, 0.43933725357055664, 0.3584275245666504], "test_MSE": [-0.0007331042633085128, -0.0010269707834826237, -0.0008653518681681205, -0.0008703848599187173, -0.0008025525678613727], "test_R2": [0.9997264396085328, 0.9996469837796269, 0.9997013486467269, 0.9997168153855973, 0.9997335643334229]}