{"fit_time": [0.32982659339904785, 0.3809223175048828, 0.3805830478668213, 0.2820460796356201, 0.31940197944641113], "score_time": [0.008647680282592773, 0.013221979141235352, 0.027881383895874023, 0.007494926452636719, 0.00722813606262207], "test_MSE": [-0.0036689845435922586, -0.004130441083584089, -0.0038577698899542007, -0.004150385334939682, -0.004463734877772068], "test_R2": [0.9986309057275121, 0.9985801809328443, 0.9986686014780436, 0.9986496487647921, 0.9985181055731313]}