{"fit_time": [0.5838570594787598, 0.6141762733459473, 0.6705899238586426, 0.5438852310180664, 0.43700718879699707], "score_time": [0.11889171600341797, 0.08405756950378418, 0.08135247230529785, 0.07974863052368164, 0.06815505027770996], "test_MSE": [-0.0049891382756485384, -0.005055937841146635, -0.005135724616283698, -0.005101848796037347, -0.005306032414955772], "test_R2": [0.9981382857963329, 0.998262045916175, 0.9982275520939958, 0.998340084771027, 0.9982384751604172]}