{"fit_time": [0.7167825698852539, 0.7965788841247559, 0.8027300834655762, 0.7957568168640137, 0.5850167274475098], "score_time": [0.11353707313537598, 0.11084794998168945, 0.12523865699768066, 0.1234736442565918, 0.1018376350402832], "test_MSE": [-0.017648698756418273, -0.017785724686912557, -0.016993363346873635, -0.017650081403934974, -0.016691076706538407], "test_R2": [0.9934143270168645, 0.9938862434973295, 0.9941352285158293, 0.9942574466460548, 0.9944588076516313]}