{"fit_time": [0.08796811103820801, 0.10910367965698242, 0.045142173767089844, 0.03596806526184082, 0.02993941307067871], "score_time": [0.005705356597900391, 0.004517316818237305, 0.004694461822509766, 0.004304170608520508, 0.0035071372985839844], "test_MSE": [-2.161197687162993, -2.3471270816241603, -2.306076315070021, -2.426147437727805, -2.3926764743725717], "test_R2": [0.19354160802432419, 0.19318646215001023, 0.20412396669947497, 0.2106392720328537, 0.20566654835865184]}