{"fit_time": [0.7253720760345459, 0.7351770401000977, 0.7388169765472412, 0.7072820663452148, 0.504136323928833], "score_time": [0.09897494316101074, 0.1075444221496582, 0.10487580299377441, 0.09725069999694824, 0.08470559120178223], "test_MSE": [-0.00786687880019327, -0.0077968389755288785, -0.007510131165457579, -0.007299502992248255, -0.007733786455850336], "test_R2": [0.9970644469662562, 0.9973198744596563, 0.9974080938421375, 0.9976250656055942, 0.9974324964718251]}