{"fit_time": [58.019837617874146, 55.55491924285889, 57.2157826423645, 58.011146783828735, 46.2806601524353], "score_time": [1.170304298400879, 1.2106313705444336, 1.251579761505127, 1.0820286273956299, 0.872889518737793], "test_MSE": [-0.0007152469019532003, -0.0010275136885787486, -0.0008214265093134505, -0.0008788457157425466, -0.0007755678225754815], "test_R2": [0.9997331031446864, 0.9996467971586362, 0.99971650822325, 0.9997140625985208, 0.999742522872571]}