{"fit_time": [118.66188359260559, 124.71021604537964, 130.38797402381897, 127.42163872718811, 91.34610724449158], "score_time": [75.70786190032959, 72.06834077835083, 66.41321635246277, 68.38726615905762, 1.793107032775879], "test_MSE": [-0.0007205375922120583, -0.001052630740141265, -0.0008132272411312479, -0.000902621434561015, -0.0007809752628935301], "test_R2": [0.9997311289053172, 0.9996381632941173, 0.9997193379652642, 0.999706327034547, 0.9997407276817969]}