{"fit_time": [22.92167329788208, 23.204195022583008, 22.033124208450317, 23.579525232315063, 19.566930055618286], "score_time": [1.0892274379730225, 1.1505210399627686, 1.2057907581329346, 1.02646803855896, 0.8370797634124756], "test_MSE": [-0.0008401425538260908, -0.0009830087347673625, -0.0008568590215077152, -0.0009076333013381737, -0.0009539293789179476], "test_R2": [0.999686497900209, 0.9996620955204154, 0.9997042797089243, 0.9997046963954744, 0.9996833094552089]}