{"fit_time": [0.4369683265686035, 0.4320814609527588, 0.5012345314025879, 0.4236736297607422, 0.3846144676208496], "score_time": [0.11033391952514648, 0.10598540306091309, 0.11115694046020508, 0.10406851768493652, 0.09531092643737793], "test_MSE": [-0.018464894546691236, -0.01945575071296364, -0.01768112128572768, -0.019868245300510984, -0.018252774954774727], "test_R2": [0.9931097607347189, 0.9933121801596735, 0.9938978686085836, 0.9935357545341394, 0.993940346767667]}