{"fit_time": [10.436664819717407, 9.357188701629639, 8.618964672088623, 9.27541995048523, 7.660459280014038], "score_time": [0.3493204116821289, 0.3819618225097656, 0.3614218235015869, 0.4166901111602783, 0.3380420207977295], "test_MSE": [-0.0008729566321723802, -0.0010213345510351078, -0.000889590745187754, -0.0010062633875105244, -0.0009664369087910894], "test_R2": [0.9996742532133789, 0.9996489212071641, 0.9996929832942153, 0.9996726065416552, 0.9996791571389714]}