{"fit_time": [0.3682122230529785, 0.37729978561401367, 0.38848304748535156, 0.3309328556060791, 0.284146785736084], "score_time": [0.07539033889770508, 0.07462263107299805, 0.07638740539550781, 0.07218670845031738, 0.06608891487121582], "test_MSE": [-0.0037654442670419456, -0.005025368025908323, -0.004533714927225275, -0.004422515299147693, -0.004490297942917576], "test_R2": [0.9985949114480782, 0.9982725541417315, 0.9984353184546341, 0.9985611097488575, 0.9985092870255972]}