{"fit_time": [0.03358197212219238, 0.01836872100830078, 0.0174560546875, 0.011714935302734375, 0.012531042098999023], "score_time": [0.0027909278869628906, 0.003429889678955078, 0.003126859664916992, 0.0027163028717041016, 0.0025179386138916016], "test_MSE": [-2.303522752113104, -2.48969721484352, -2.4627901560976895, -2.598560328800169, -2.5673495360692717], "test_R2": [0.14043251777345933, 0.14417867110409066, 0.15003868368202955, 0.15454376724553487, 0.14767765705119418]}