{"fit_time": [0.4920365810394287, 0.5045347213745117, 0.5884144306182861, 0.3848686218261719, 0.3425462245941162], "score_time": [0.09616518020629883, 0.10121893882751465, 0.08587980270385742, 0.08712053298950195, 0.08647465705871582], "test_MSE": [-0.006125140288859686, -0.00694259708656462, -0.006058308079966799, -0.0069232688487795985, -0.006426447198041004], "test_R2": [0.9977143827159729, 0.9976135159612226, 0.9979091488986347, 0.9977474755023532, 0.9978665139063778]}