{"fit_time": [58.0857675075531, 58.43873953819275, 57.67814111709595, 55.26363825798035, 38.41458225250244], "score_time": [78.02873229980469, 77.08680176734924, 77.47322678565979, 79.65345883369446, 1.7020180225372314], "test_MSE": [-0.0008510779345825959, -0.0010011445494094188, -0.000852135513728021, -0.0009825521088047383, -0.0009365978580597996], "test_R2": [0.9996824173250571, 0.9996558614221905, 0.9997059098920238, 0.9996803211396756, 0.9996890632656102]}