{"fit_time": [0.15708518028259277, 0.14449405670166016, 0.16255855560302734, 0.13660526275634766, 0.12121701240539551], "score_time": [0.011399269104003906, 0.008504390716552734, 0.008352518081665039, 0.014062881469726562, 0.007039546966552734], "test_MSE": [-0.0036787432788196817, -0.004033543971479956, -0.003801764691764865, -0.004073293365597111, -0.004382713989173327], "test_R2": [0.9986272642217091, 0.998613488844647, 0.9986879300643041, 0.9986747310710421, 0.9985450033183071]}