{"fit_time": [0.5684154033660889, 0.5603587627410889, 0.659022331237793, 0.597785472869873, 0.4979116916656494], "score_time": [0.010030984878540039, 0.009245872497558594, 0.009688138961791992, 0.009946823120117188, 0.007862091064453125], "test_MSE": [-0.0034573628945162543, -0.0033569758749107587, -0.002934144731903157, -0.0035384736997152834, -0.0032728826188418484], "test_MAPE": [-4774587927.953585, -0.11211064575182812, -1087215901.4113948, -0.16954696878982248, -228812270.6402969], "test_R2": [0.9988936569290455, 0.9987859109350617, 0.998982349880726, 0.9987283033845239, 0.9988555679283516]}