{"fit_time": [1.069789171218872, 0.9045484066009521, 0.8304462432861328, 1.0757427215576172, 0.8069801330566406], "score_time": [0.17766523361206055, 0.13695335388183594, 0.13244175910949707, 0.1501922607421875, 0.1282958984375], "test_MSE": [-0.013145187632624523, -0.013391982478280605, -0.013785808269482587, -0.012828305823819587, -0.014431796732069868], "test_MAPE": [-15302931290916.877, -15230089121202.61, -15775666792621.469, -17065675681239.447, -16188651683933.752], "test_R2": [0.9957935895948853, 0.9951566349921543, 0.995218664820045, 0.9953896186653144, 0.9949536194984177]}