{"fit_time": [0.7489564418792725, 0.7309918403625488, 0.8105039596557617, 0.786740779876709, 0.6067938804626465], "score_time": [0.10658693313598633, 0.10495734214782715, 0.10758709907531738, 0.10703539848327637, 0.09286236763000488], "test_MSE": [-0.004304526158922297, -0.00427727273462718, -0.003981433023097551, -0.003897572609209052, -0.004223341258471834], "test_MAPE": [-14958050518085.926, -13191812808569.832, -14372360885335.541, -12767362100661.17, -14493851110710.744], "test_R2": [0.9986225678833948, 0.9984530749554441, 0.998619118632158, 0.9985992463654308, 0.9985232201247042]}