{"fit_time": [0.9911684989929199, 0.9100649356842041, 0.9026851654052734, 0.7633755207061768, 0.6586956977844238], "score_time": [0.12320089340209961, 0.12029600143432617, 0.1396336555480957, 0.12103676795959473, 0.10531330108642578], "test_MSE": [-0.0062013088675027745, -0.006828442269329691, -0.006649274368055699, -0.0060181617558422275, -0.007365858957029009], "test_MAPE": [-14572733331963.98, -14539995087383.9, -13006056040597.838, -13493502803522.629, -14687719184398.707], "test_R2": [0.9980156045790587, 0.9975304150525134, 0.9976938305802834, 0.9978371251037113, 0.9974243728824452]}