{"fit_time": [0.20233440399169922, 0.17988801002502441, 0.2216346263885498, 0.197662353515625, 0.1456284523010254], "score_time": [0.4038269519805908, 0.4025137424468994, 0.43160510063171387, 0.43704938888549805, 0.2239072322845459], "test_MSE": [-0.008536473036845986, -0.008393939117616043, -0.008591798045266568, -0.008319421565636203, -0.008544337864303832], "test_MAPE": [-0.35845270891846426, -0.34869873736388235, -0.3637381224935412, -0.35293555243573926, -0.3385201296614751], "test_R2": [0.9972683608626436, 0.9969642350513687, 0.9970201046286244, 0.9970100723799107, 0.9970122930084278]}