{"fit_time": [0.4952085018157959, 0.4142434597015381, 0.44606804847717285, 0.47311878204345703, 0.35755109786987305], "score_time": [0.08910226821899414, 0.07980918884277344, 0.0901637077331543, 0.09340214729309082, 0.07356786727905273], "test_MSE": [-0.0038660130387003365, -0.0038426274085350447, -0.004104826982130793, -0.003985842261992398, -0.00431121449186785], "test_MAPE": [-15174843708428.262, -13286831005042.148, -14604475712923.188, -12953214985253.516, -15564733752639.672], "test_R2": [0.9987628904260036, 0.998610269453468, 0.9985763218758281, 0.998567523021351, 0.9984924934050966]}