{"fit_time": [0.1460437774658203, 0.1338207721710205, 0.15648794174194336, 0.14750051498413086, 0.13415908813476562], "score_time": [0.007589578628540039, 0.008719205856323242, 0.007429361343383789, 0.007159709930419922, 0.008100032806396484], "test_MSE": [-0.004292962109270231, -0.0041895981373937935, -0.004056909298296005, -0.0037845576194272725, -0.0038437314003764308], "test_MAPE": [-0.09219344692605305, -0.0904037458635517, -0.09548313663589249, -0.09210281077364604, -0.18416859958420023], "test_R2": [0.9986262683356166, 0.9984847834853057, 0.9985929411775754, 0.9986398629680115, 0.9986559586756737]}