{"fit_time": [0.5157675743103027, 0.5202019214630127, 0.5388193130493164, 0.46783995628356934, 0.40083789825439453], "score_time": [0.11755132675170898, 0.10244345664978027, 0.10902762413024902, 0.10552859306335449, 0.09294581413269043], "test_MSE": [-0.019176927718675282, -0.017448003817096033, -0.01795206414857182, -0.018474537531773413, -0.020277737448366615], "test_MAPE": [-27718157934326.887, -28315854163068.727, -26689522934538.902, -27552654424572.25, -27923663394634.465], "test_R2": [0.9938634555437028, 0.993689728068153, 0.9937736812968458, 0.9933604121874546, 0.9929094636811056]}