{"fit_time": [0.06261754035949707, 0.05983400344848633, 0.07570409774780273, 0.056131601333618164, 0.05677437782287598], "score_time": [0.14539217948913574, 0.08996272087097168, 0.08072781562805176, 0.07256555557250977, 0.08477997779846191], "test_MSE": [-0.006998103294435519, -0.00705283489076034, -0.007099234599145978, -0.006887918434191146, -0.006945936734750769], "test_MAPE": [-0.4128170874737999, -0.3914092579172185, -0.44286026824389196, -0.3880618664317478, -0.3897333016956031], "test_R2": [0.9977606333712025, 0.9974492608714638, 0.9975377707656945, 0.9975245421320664, 0.997571207497291]}