{"fit_time": [0.5346810817718506, 0.5527353286743164, 0.4584329128265381, 0.49144864082336426, 0.38173818588256836], "score_time": [0.103607177734375, 0.09769296646118164, 0.08789563179016113, 0.10170626640319824, 0.08312630653381348], "test_MSE": [-0.006983755934532274, -0.006600826411362128, -0.00627908625741256, -0.0062006669686751874, -0.007601108587221426], "test_MAPE": [-20440692334438.805, -20656922259611.523, -18854778290132.816, -18261177946542.703, -21507124952685.746], "test_R2": [0.9977652244721947, 0.9976127349542531, 0.9978222230112543, 0.9977715343204634, 0.9973421129137908]}