{"fit_time": [0.19356060028076172, 0.1707286834716797, 0.19829940795898438, 0.18774199485778809, 0.16592860221862793, 0.4573993682861328, 0.2637970447540283, 0.4065535068511963, 0.15491914749145508, 0.2795698642730713, 0.1541750431060791, 0.15616130828857422, 0.1832723617553711, 0.16864991188049316, 0.15952229499816895], "score_time": [0.004680633544921875, 0.004933595657348633, 0.016876697540283203, 0.007961750030517578, 0.005057334899902344, 0.019025325775146484, 0.008893489837646484, 0.030047178268432617, 0.0048220157623291016, 0.004335641860961914, 0.004332065582275391, 0.004364967346191406, 0.0042552947998046875, 0.004987955093383789, 0.005766630172729492], "test_MSE": [-0.0030435391259282423, -0.0028281819311419608, -0.003093406229396807, -0.0029245049085751163, -0.003522687431031187, -0.0033164143173088005, -0.0038235916345235226, -0.0029816364674218796, -0.00357272691328473, -0.0032138249758801923, -0.002824430224665373, -0.003223005698450002, -0.003229276107951723, -0.0032369550671904335, -0.0035463842919841466], "test_MAPE": [-0.08272546061689089, -0.05766688897680428, -0.054078191821717476, -0.09894857653442397, -0.18062415389628458, -0.0889701982596551, -0.08460361868076184, -0.1290038343124804, -0.07732048604240499, -0.10592801665715225, -0.08416091099168482, -0.05973921103911214, -0.06339546661794446, -0.10008627635841001, -0.059116390780465045], "test_R2": [0.9989363803527325, 0.9989353141505949, 0.9989341256798555, 0.9989483714406779, 0.9987830143525924, 0.9989541217956471, 0.9989432859325686, 0.998818070732959, 0.9989979070192243, 0.9989135779080182, 0.9989390427713317, 0.9988534615288595, 0.9988196246628447, 0.9988768839998825, 0.9988563533787829]}