{"fit_time": [0.023766756057739258, 0.021349191665649414, 0.03456282615661621, 0.029769420623779297, 0.019979000091552734, 0.018943071365356445, 0.02308058738708496, 0.020853519439697266, 0.024582862854003906, 0.02314138412475586, 0.02303624153137207, 0.03084540367126465, 0.02389240264892578, 0.03460288047790527, 0.023899078369140625], "score_time": [0.0032165050506591797, 0.0028200149536132812, 0.003186464309692383, 0.0036478042602539062, 0.003258943557739258, 0.002661466598510742, 0.0030050277709960938, 0.0034112930297851562, 0.004559755325317383, 0.003136157989501953, 0.0035142898559570312, 0.003147125244140625, 0.003697633743286133, 0.0077860355377197266, 0.002802610397338867], "test_MSE": [-2.450629379878436, -2.2809687684883637, -2.4594850178361174, -2.3329820096435765, -2.4984794164081503, -2.702576983128106, -3.0332486010494466, -2.204051360664736, -3.0038698229476815, -2.565434962279206, -2.258380872295506, -2.34521483610382, -2.323016482957013, -2.4544402768308236, -2.696586053865515], "test_MAPE": [-655228642495746.4, -681977688877366.0, -666209011743393.1, -683510545325814.1, -691971764409881.2, -668809523120841.4, -645390120638821.4, -676160403053281.1, -660310126659439.2, -674870516548904.4, -712931966410776.4, -673302168863044.1, -629519138302889.1, -667991439763095.1, -693966195493842.2], "test_R2": [0.1435833584643681, 0.14131578877459894, 0.1525516770544303, 0.16107834097596418, 0.13684831548572363, 0.14770408887479103, 0.16171056610633872, 0.12630770461308083, 0.15746237039647215, 0.13276384386821616, 0.1516711970351705, 0.1657231527776073, 0.1508835811419491, 0.14839066683918656, 0.1303983789080444]}