{"fit_time": [0.11477494239807129, 0.1445472240447998, 0.10989570617675781, 0.1099851131439209, 0.09180474281311035, 0.09289741516113281, 0.1036980152130127, 0.08640933036804199, 0.08642411231994629, 0.09106826782226562, 0.10491228103637695, 0.10030603408813477, 0.08345532417297363, 0.08852028846740723, 0.07538676261901855], "score_time": [0.006384134292602539, 0.01004171371459961, 0.008586883544921875, 0.0067446231842041016, 0.008253097534179688, 0.006886482238769531, 0.007671833038330078, 0.008118152618408203, 0.008228063583374023, 0.008044242858886719, 0.007837057113647461, 0.009163379669189453, 0.005951642990112305, 0.007215738296508789, 0.006087303161621094], "test_MSE": [-1.2366222938992366, -1.145381788085235, -1.3679700735237579, -1.6386038853672324, -1.2365666450664756, -1.2751867247843487, -1.4448049342856673, -1.247414875899827, -1.425294785204672, -1.1941163719274661, -1.1094588049950966, -1.2570945593801144, -1.386964517844512, -1.2273093789264111, -1.1977083787388485], "test_MAPE": [-481010163941609.1, -440236065568342.56, -533357302313949.1, -567915912068555.0, -493721884310114.6, -478809176262694.06, -495006844517722.5, -512655904130221.7, -524872048753648.1, -508659022943071.1, -491642010093860.6, -472468011601416.6, -526982312792162.0, -438242260762898.1, -491509983532541.44], "test_R2": [0.5913078861495895, 0.6220476390387402, 0.5115432434820346, 0.5270722841998092, 0.5237283061407314, 0.6015682553528825, 0.548875235566207, 0.5269894428749792, 0.5228041491604469, 0.5527039865852695, 0.5647051702665242, 0.5961029925025498, 0.5489210583839874, 0.6219962158254286, 0.5516605258293246]}