{"fit_time": [0.043053627014160156, 0.07477712631225586, 0.057500600814819336, 0.0646359920501709, 0.04134345054626465, 0.05923891067504883, 0.04034757614135742, 0.049501657485961914, 0.04201960563659668, 0.04049539566040039, 0.05145740509033203, 0.0499415397644043, 0.040628910064697266, 0.03910398483276367, 0.036058902740478516], "score_time": [0.0030112266540527344, 0.0029430389404296875, 0.004933595657348633, 0.0037419795989990234, 0.0037207603454589844, 0.00559687614440918, 0.002917051315307617, 0.0034246444702148438, 0.004286527633666992, 0.0029976367950439453, 0.002840280532836914, 0.004291057586669922, 0.0028858184814453125, 0.0027153491973876953, 0.0028162002563476562], "test_MSE": [-1.5454892914485414, -1.455430851288435, -1.7846395568060966, -1.7865492695533092, -1.3266827880506764, -1.584622382061034, -1.5586096314307336, -1.427861097599918, -1.6731723080267806, -1.3848238962189194, -1.40085702752874, -1.4972113390466921, -1.7503397640968827, -1.686199210508343, -1.3578185869224249], "test_MAPE": [-534951228768017.8, -576890251331511.9, -650552424394139.1, -594498533382705.2, -575569073810184.0, -496773717925216.3, -532923144034553.94, -630920881005166.0, -637136248785289.4, -608075202315999.2, -580771721669623.5, -517937054679526.75, -651037144111571.5, -441511083897889.4, -489471377139422.56], "test_R2": [0.48923022933407956, 0.5197378444615316, 0.36276438619325857, 0.4843728415638471, 0.48901948698052977, 0.5048851685636697, 0.5133409457996714, 0.4585655612085886, 0.4398135098660563, 0.48126813883278474, 0.4503754276106171, 0.5189548988817501, 0.43074145149417886, 0.4806609536367391, 0.4917262982488444]}