{"fit_time": [0.20928454399108887, 0.19538116455078125, 0.17430329322814941, 0.161696195602417, 0.15209150314331055, 0.1378037929534912, 0.16175389289855957, 0.160383939743042, 0.19554662704467773, 0.20281076431274414, 0.22716140747070312, 0.27159786224365234, 0.1835322380065918, 0.16913247108459473, 0.15302610397338867], "score_time": [0.010551214218139648, 0.012993097305297852, 0.01304173469543457, 0.011783838272094727, 0.015620231628417969, 0.009892940521240234, 0.009444475173950195, 0.012172698974609375, 0.010763168334960938, 0.017466068267822266, 0.016390323638916016, 0.010952234268188477, 0.011751413345336914, 0.009808540344238281, 0.009207963943481445], "test_MSE": [-1.1776374523769193, -1.0407569349492491, -1.241219328952998, -1.4806055478144489, -1.1255400159729858, -1.2181534196042862, -1.2928934841333102, -1.156368620434715, -1.3486049798956097, -1.118052023014401, -1.0480687997038802, -1.1925572610535577, -1.292755787535758, -1.151133362563016, -1.13594608048088], "test_MAPE": [-454145659629912.4, -413330972298268.25, -500053258162139.56, -524846523029429.44, -465937223315083.1, -462291469994692.75, -455648379966758.1, -489586949559067.4, -502558793101266.6, -478253780959196.0, -475698461521196.1, -431636989575966.9, -491589573759029.06, -409116465024196.56, -468382146307341.06], "test_R2": [0.6108018251524809, 0.6565716821738038, 0.5568017317907668, 0.5726731725818841, 0.5664909351610203, 0.6193882960137722, 0.5963079481341916, 0.5615135140991852, 0.5484802810561533, 0.5811964190078172, 0.5887914651161067, 0.6168384427290786, 0.579560324069532, 0.6454579630776949, 0.5747800738061929]}