{"fit_time": [0.13042545318603516, 0.1338803768157959, 0.16817736625671387, 0.1235189437866211, 0.10589122772216797, 0.1349349021911621, 0.13320517539978027, 0.11439132690429688, 0.1082768440246582, 0.12080621719360352, 0.16669225692749023, 0.11274504661560059, 0.09914255142211914, 0.1084597110748291, 0.10572314262390137], "score_time": [0.007491111755371094, 0.01061391830444336, 0.008644342422485352, 0.014548540115356445, 0.008634328842163086, 0.009270191192626953, 0.008936405181884766, 0.01037740707397461, 0.008179903030395508, 0.010962486267089844, 0.014171600341796875, 0.008259057998657227, 0.007321834564208984, 0.007288455963134766, 0.007620096206665039], "test_MSE": [-1.2264413439573707, -1.046148847250671, -1.2791729505021998, -1.497354752945701, -1.1373624730703225, -1.2171314469184396, -1.3256101689888495, -1.1807333109501543, -1.3108928104484323, -1.1371355246350519, -1.0525802098917012, -1.2135385144680817, -1.3313730705555917, -1.2003542661744189, -1.164273286315114], "test_MAPE": [-462099392552503.8, -427494468763594.06, -505244395800879.94, -530521998666825.8, -463701981721516.0, -462682906860368.7, -468236882929288.4, -494963840732046.8, -497379756324633.4, -489420147074542.1, -477890553985139.5, -444798126018426.3, -506850307667078.06, -420766768665852.8, -476372084967740.06], "test_R2": [0.5946725949804699, 0.6547924623489232, 0.5432497519347459, 0.5678390797331316, 0.5619374388413583, 0.6197076111009587, 0.5860925160033434, 0.5522746024447339, 0.5611065047490766, 0.5740480585987454, 0.5870214187469005, 0.6100972907573045, 0.5670009233577212, 0.6302982257326766, 0.5641763201764338]}