{"fit_time": [0.8166854381561279, 0.8183646202087402, 0.6793224811553955, 0.8007729053497314, 0.6478853225708008, 0.8370265960693359, 0.7828705310821533, 0.6895580291748047, 0.6496946811676025, 0.7307391166687012, 0.7625515460968018, 0.7679815292358398, 0.6410887241363525, 0.6464121341705322, 0.625016450881958], "score_time": [0.008240938186645508, 0.005818843841552734, 0.004761695861816406, 0.0076503753662109375, 0.005110025405883789, 0.007817745208740234, 0.008223295211791992, 0.006158351898193359, 0.004836559295654297, 0.004877328872680664, 0.004918336868286133, 0.005239963531494141, 0.005171298980712891, 0.005334377288818359, 0.0053288936614990234], "test_MSE": [-0.0034023670981431857, -0.0029245361800592875, -0.002763633125581018, -0.002626406915822554, -0.0031671981583546913, -0.0032235378901929903, -0.0025291991770582754, -0.0035612371674890978, -0.0022416878455116702, -0.0024021689363348513, -0.0027966207284802628, -0.002409924150673923, -0.0029871384511930225, -0.002638481867972288, -0.002755066841423838], "test_MAPE": [-0.1435435833539367, -0.11733318373537052, -0.24362617238914336, -0.1193496610126771, -14966440569.277018, -0.11067792745751841, -0.09100377375782849, -0.542969438354611, -0.10900873479158385, -0.07287824795618386, -0.08995419120285714, -212871090815.43427, -143730190679.25623, -0.41111535665493804, -0.17515356747888197], "test_R2": [0.9989041016828196, 0.9990542104921736, 0.9990758479741486, 0.9990524206003517, 0.9990140135462177, 0.9990572382586876, 0.999202087165315, 0.998781099633304, 0.9991302699476267, 0.9991061185327076, 0.9990022849370638, 0.999089952706351, 0.9990286794428933, 0.9989913705602311, 0.998972008292074]}