{"fit_time": [1.1402783393859863, 0.7390737533569336, 0.9566442966461182, 0.8832376003265381, 0.7271614074707031, 0.9460577964782715, 0.9154889583587646, 0.9538760185241699, 0.7400937080383301, 1.0986230373382568, 1.0137038230895996, 0.923408031463623, 0.7188441753387451, 0.6877601146697998, 0.6804938316345215], "score_time": [0.03931069374084473, 0.030774354934692383, 0.06949257850646973, 0.03656482696533203, 0.03066277503967285, 0.037094831466674805, 0.03212141990661621, 0.035628318786621094, 0.03075575828552246, 0.030841350555419922, 0.03410077095031738, 0.03182244300842285, 0.03445124626159668, 0.037010908126831055, 0.030341148376464844], "test_MSE": [-0.004296187199324407, -0.004266149675125875, -0.003270999144661637, -0.004194412065593896, -0.004013766912278602, -0.004951660596228031, -0.004013120866649605, -0.0035924003169051245, -0.0037302133197066323, -0.004253952594992746, -0.003833673521962216, -0.0038966709546844123, -0.0045864168270383044, -0.004106072963131669, -0.003334777623801462], "test_MAPE": [-16866699288931.883, -17148264118689.959, -14880667305943.78, -17514998410530.11, -17880234754911.137, -15267552953428.361, -17738650130060.48, -13983390866466.885, -13745600259108.012, -16727830037669.984, -14760501999630.684, -16234703819201.76, -16239133926065.748, -16263722674553.176, -15275488471505.768], "test_R2": [0.9986162033119232, 0.9986203352076604, 0.9989061860425262, 0.998486701187448, 0.9987504666249862, 0.9985518283559532, 0.998733938918023, 0.998770433459594, 0.9985527518327728, 0.998417043310365, 0.9986323087073306, 0.9985285201380469, 0.9985086459766258, 0.9984303450697439, 0.9987557021508511]}