{"fit_time": [1.0679874420166016, 1.0694069862365723, 1.2180311679840088, 0.7282843589782715, 0.7269213199615479, 1.467844009399414, 1.344266414642334, 1.0360422134399414, 0.7875895500183105, 0.774989128112793, 0.9010920524597168, 0.9501843452453613, 0.9804635047912598, 0.7277297973632812, 0.7460963726043701], "score_time": [0.03769969940185547, 0.044655799865722656, 0.04175758361816406, 0.029977083206176758, 0.02940654754638672, 0.0590972900390625, 0.030699968338012695, 0.031023025512695312, 0.04771280288696289, 0.031989097595214844, 0.03652548789978027, 0.028730154037475586, 0.034911394119262695, 0.02808666229248047, 0.02802252769470215], "test_MSE": [-0.00548649214123279, -0.0050688141953978225, -0.005051025431067619, -0.005054936858678639, -0.005264916591186546, -0.006760081864998959, -0.005985494808460985, -0.006104248215442013, -0.004899467534787461, -0.005339836001758948, -0.005346417323800294, -0.008924214449673139, -0.0068596593426367754, -0.0060714203544741776, -0.006286677348114325], "test_MAPE": [-27353938216834.53, -22164191772025.75, -24838209875826.094, -23808408169405.848, -22194056760827.496, -22402566661544.72, -22707636563322.484, -28828803605731.6, -27308421740250.67, -27223562157638.37, -21054828680291.78, -26273008537201.13, -25375560149336.094, -24736280104285.234, -25064919770403.21], "test_R2": [0.9982328075332959, 0.9983607550093527, 0.9983109496909918, 0.9981762330867506, 0.9983609688501776, 0.9980229341898385, 0.9981116935459523, 0.9979107062972018, 0.9980991045813252, 0.9980129705416821, 0.9980926262033404, 0.9966299946802903, 0.9977694612274864, 0.9976790390773308, 0.997654266645332]}