{"fit_time": [1.7458922863006592, 0.700840950012207, 1.5609991550445557, 1.5019121170043945, 0.7098193168640137, 0.698047399520874, 1.0880985260009766, 0.7834029197692871, 0.8659288883209229, 0.7985804080963135, 0.8295907974243164, 0.7619688510894775, 0.6647541522979736, 0.7015190124511719, 0.6182472705841064], "score_time": [0.01679372787475586, 0.005036830902099609, 0.01117563247680664, 0.004974842071533203, 0.005267620086669922, 0.005160808563232422, 0.006662845611572266, 0.005407571792602539, 0.009500265121459961, 0.00511622428894043, 0.0058977603912353516, 0.005032539367675781, 0.0054874420166015625, 0.004905223846435547, 0.005015850067138672], "test_MSE": [-0.0032765777690472748, -0.002538460931639444, -0.002598191131129045, -0.0025064283047138407, -0.0028674911490687164, -0.00309369215007828, -0.0035221325101119304, -0.0034158376278691422, -0.002894012745552509, -0.00293611563849095, -0.0027570963401135273, -0.0024494083491132094, -0.0029709523552838633, -0.002486600495221951, -0.002723271113965788], "test_MAPE": [-0.13267896260101827, -0.11702546568215806, -0.2498673238308037, -2732071917.8054123, -14966440569.28215, -0.12024619995594861, -0.09022703588380881, -0.5515785890340442, -0.11038798940182518, -0.07254723593016678, -0.09029160660230955, -212358025891.92404, -120954640367.25368, -0.3910830966671474, -0.125506076568506], "test_R2": [0.9989446182732107, 0.9991790665023939, 0.9991311713645503, 0.9990957075943054, 0.999107315902586, 0.9990952131794804, 0.998888836134073, 0.9988308653590405, 0.9988771809323059, 0.9989074293171574, 0.9990163855540067, 0.9990750424910558, 0.9990339426363987, 0.9990494312298033, 0.9989838721581998]}