{"fit_time": [1.0577688217163086, 1.1228265762329102, 0.8000524044036865, 1.1943743228912354, 0.7827506065368652, 0.9573261737823486, 0.9532170295715332, 0.8424098491668701, 0.8847494125366211, 0.9404811859130859, 1.0035250186920166, 0.956446647644043, 0.762263298034668, 0.7717540264129639, 0.7500700950622559], "score_time": [0.08480095863342285, 0.049044132232666016, 0.03408384323120117, 0.042472124099731445, 0.034574031829833984, 0.037061452865600586, 0.0440521240234375, 0.03366661071777344, 0.03452134132385254, 0.0350489616394043, 0.03887796401977539, 0.03568458557128906, 0.03323173522949219, 0.033795833587646484, 0.03281974792480469], "test_MSE": [-0.004818073388205257, -0.004011017153417428, -0.0034697638135461812, -0.00400927389761215, -0.004216487778902147, -0.004957911583744212, -0.003855990071182858, -0.003935789846591094, -0.00369796975577304, -0.003967870109332387, -0.0037070182622537203, -0.0032783572154904948, -0.004496274004507368, -0.003312873392280404, -0.0036972761282883845], "test_MAPE": [-13603443681025.43, -12851303269362.787, -12784326553511.28, -13820523296272.172, -13448294259842.156, -13761177292162.227, -14702512659089.066, -13415259694873.781, -13252572241581.68, -14504850456514.447, -13728570112479.268, -12060468111114.244, -13949760423902.625, -12637801300876.064, -12951893230135.549], "test_R2": [0.9984481044032352, 0.9987028445859962, 0.9988397196328871, 0.99855349704951, 0.9986873572082727, 0.9985500001808002, 0.9987835106083685, 0.9986529019378311, 0.9985652616907376, 0.9985234987008168, 0.9986774939049958, 0.9987620107833115, 0.9985379574993525, 0.9987335665731715, 0.9986204439236658]}