{"fit_time": [0.15548372268676758, 0.1723308563232422, 0.15178751945495605, 0.18884849548339844, 0.24994373321533203, 0.1230161190032959, 0.11969161033630371, 0.14564990997314453, 0.1612834930419922, 0.09499311447143555, 0.12014174461364746, 0.09700798988342285, 0.14313912391662598, 0.11939859390258789, 0.07558894157409668], "score_time": [0.004243612289428711, 0.01395416259765625, 0.006414651870727539, 0.004755973815917969, 0.01739954948425293, 0.004689216613769531, 0.010477542877197266, 0.0032281875610351562, 0.003919363021850586, 0.004832029342651367, 0.0036268234252929688, 0.004509449005126953, 0.003147602081298828, 0.003000497817993164, 0.0037822723388671875], "test_MSE": [-1.4179011559760453, -1.4285785670971693, -1.316082519914772, -1.20970988988402, -1.4173588392182688, -1.5368399510797586, -1.454309194873194, -1.3828511402256565, -1.3077938537447698, -1.3242358238985175, -1.3570403711708026, -1.2494940527928364, -1.3858176319645785, -1.2142553557579565, -1.2587425481962335], "test_MAPE": [-860506542583522.1, -839832530641074.8, -852130857865762.1, -841170091077843.0, -856085666835220.2, -823177717273789.6, -844099328560590.5, -910576253072119.4, -840107169763529.8, -832911494262189.4, -868376318909643.6, -879053217423087.9, -841579608298180.9, -813410453693784.2, -844104459494352.6], "test_R2": [0.5432957567658292, 0.5380003745281743, 0.5599052870987842, 0.5635496676851267, 0.5587593368822136, 0.5505329989120563, 0.5411939151667075, 0.5266932016506181, 0.4926021394154725, 0.507232882998768, 0.5158658428218913, 0.5281599709863926, 0.549377045516413, 0.5358187925862894, 0.5303283090980684]}