{"fit_time": [1.0114190578460693, 1.0632171630859375, 0.8001892566680908, 1.1329185962677002, 0.8395471572875977, 0.7894678115844727, 1.019397258758545, 0.9357342720031738, 0.9023406505584717, 0.7327048778533936, 0.9031212329864502, 0.9176113605499268, 0.7332048416137695, 0.820533275604248, 0.7026650905609131], "score_time": [0.04358077049255371, 0.060605525970458984, 0.0289459228515625, 0.051471710205078125, 0.03525972366333008, 0.029959678649902344, 0.03495383262634277, 0.03798341751098633, 0.03997230529785156, 0.029843568801879883, 0.03372931480407715, 0.04230523109436035, 0.03113389015197754, 0.02841329574584961, 0.028669118881225586], "test_MSE": [-0.006266232123537893, -0.005316135807586892, -0.0062336539871190415, -0.005914250498225276, -0.005372368182529463, -0.005968265997614401, -0.0057229744110946544, -0.006130806224393002, -0.006680920244115935, -0.00558546070526752, -0.00507798100463597, -0.00804232212513006, -0.00602956321643183, -0.005304782094784053, -0.005201101249662117], "test_MAPE": [-27326373968913.59, -23316104584219.188, -23785621037789.336, -26439657720430.113, -24791133554931.977, -25147180125915.312, -23613671210347.84, -28914174966355.434, -26577712791760.387, -25974654754173.023, -25153821157264.49, -25525231204439.117, -24476952042029.465, -24237399599126.516, -24001013975499.855], "test_R2": [0.9979816542303754, 0.9982807716644853, 0.9979154816508281, 0.9978662019572384, 0.9983275178918843, 0.9982545100953693, 0.9981945135928372, 0.997901616319386, 0.9974079365575136, 0.9979215700714428, 0.9981883928392455, 0.9969630191545319, 0.998039381569289, 0.9979721068174442, 0.9980593251400126]}