{"fit_time": [0.8331236839294434, 1.3884191513061523, 1.0820019245147705, 1.2226839065551758, 0.8064775466918945, 1.2808527946472168, 1.3705534934997559, 1.143394947052002, 0.9896650314331055, 0.8096480369567871, 0.8512625694274902, 0.9967076778411865, 1.1047813892364502, 0.7978806495666504, 0.8005292415618896], "score_time": [0.03408527374267578, 0.07777714729309082, 0.06650876998901367, 0.0635218620300293, 0.035124778747558594, 0.03641676902770996, 0.04552412033081055, 0.0413050651550293, 0.04305839538574219, 0.03340291976928711, 0.04096412658691406, 0.06416797637939453, 0.056369781494140625, 0.03301596641540527, 0.03539896011352539], "test_MSE": [-0.004712165658114219, -0.004090926968384078, -0.003729803878891328, -0.004658438588830539, -0.003715628368863322, -0.004260457285156342, -0.003976578996281603, -0.004027437190168518, -0.0037935475257952073, -0.004029240441290225, -0.003615520388658058, -0.003973412188846934, -0.0047370888472616016, -0.004071546258188485, -0.003509841305883612], "test_MAPE": [-13537620385470.324, -12700884444248.158, -13491185934005.762, -13841131741778.99, -13211314250119.23, -14542779731052.662, -12111153639053.12, -11956346716999.473, -12337788023175.385, -13222121900435.867, -11781729350629.26, -13702870056171.21, -14843761455364.578, -13243181189922.473, -13584743344304.17], "test_R2": [0.9984822171546918, 0.998677001901921, 0.9987527628834666, 0.9983192854029171, 0.9988432806992753, 0.9987539789306772, 0.998745467162866, 0.9986215339116539, 0.9985281794274361, 0.9985006619212927, 0.9987101364459681, 0.9984995407394873, 0.9984596523216563, 0.9984435438153888, 0.9986903810447227]}