{"fit_time": [0.996429443359375, 0.972745418548584, 1.225128173828125, 0.7710037231445312, 0.7415676116943359, 1.1168091297149658, 1.0041284561157227, 0.998009204864502, 1.0187926292419434, 1.0776393413543701, 0.7549049854278564, 1.0619335174560547, 1.030987024307251, 0.7389514446258545, 0.7448344230651855], "score_time": [0.03712964057922363, 0.03605365753173828, 0.08177447319030762, 0.03058028221130371, 0.03051614761352539, 0.03459954261779785, 0.07747888565063477, 0.04939627647399902, 0.04786038398742676, 0.07641434669494629, 0.031008243560791016, 0.030506134033203125, 0.03159952163696289, 0.030117034912109375, 0.028478384017944336], "test_MSE": [-0.003787064064433737, -0.0036608507918264015, -0.0035048390361758918, -0.0033209305995408897, -0.003820089451899852, -0.004291049325632792, -0.00364090263125144, -0.0038092644227695886, -0.003228799253864705, -0.004085318172807323, -0.0047040798197948205, -0.0034026485761152825, -0.0041227273950889395, -0.0035076715918214017, -0.0029651984336425915], "test_MAPE": [-15906554383550.275, -14157255221160.504, -15292219046146.086, -15375013471280.627, -14467700570503.744, -17354256589170.488, -14368931198817.549, -17416598995939.465, -13239350747060.594, -16610779350959.229, -14831975530346.771, -15130997864961.082, -14892817897080.35, -15704133436795.96, -15242298371392.068], "test_R2": [0.9987801912563955, 0.9988160877296594, 0.9988279905659025, 0.9988018439165582, 0.9988107607217837, 0.9987450319270021, 0.9988513664856191, 0.9986962076426296, 0.9987472904625015, 0.9984797945941981, 0.9983217848435194, 0.998715075274437, 0.998659422743329, 0.9986590998120934, 0.9988936023778775]}