{"fit_time": [0.12086892127990723, 0.10030865669250488, 0.088653564453125, 0.17030024528503418, 0.09350299835205078, 0.0854637622833252, 0.12547039985656738, 0.10242486000061035, 0.12975430488586426, 0.0924997329711914, 0.09359622001647949, 0.11224627494812012, 0.08981060981750488, 0.10496091842651367, 0.08296060562133789], "score_time": [0.007417917251586914, 0.005445241928100586, 0.0041124820709228516, 0.0076143741607666016, 0.007163524627685547, 0.003409147262573242, 0.003888368606567383, 0.004281282424926758, 0.004034996032714844, 0.003834247589111328, 0.003878355026245117, 0.003848552703857422, 0.0039043426513671875, 0.003050565719604492, 0.004693508148193359], "test_MSE": [-1.4179011559760453, -1.4285785670971693, -1.316082519914772, -1.20970988988402, -1.4173588392182688, -1.5368399510797586, -1.454309194873194, -1.3828511402256565, -1.3077938537447698, -1.3242358238985175, -1.3570403711708026, -1.2494940527928364, -1.3858176319645785, -1.2142553557579565, -1.2587425481962335], "test_MAPE": [-860506542583522.1, -839832530641074.8, -852130857865762.1, -841170091077843.0, -856085666835220.2, -823177717273789.6, -844099328560590.5, -910576253072119.4, -840107169763529.8, -832911494262189.4, -868376318909643.6, -879053217423087.9, -841579608298180.9, -813410453693784.2, -844104459494352.6], "test_R2": [0.5432957567658292, 0.5380003745281743, 0.5599052870987842, 0.5635496676851267, 0.5587593368822136, 0.5505329989120563, 0.5411939151667075, 0.5266932016506181, 0.4926021394154725, 0.507232882998768, 0.5158658428218913, 0.5281599709863926, 0.549377045516413, 0.5358187925862894, 0.5303283090980684]}