{"fit_time": [0.029241085052490234, 0.023989439010620117, 0.023346900939941406, 0.03429436683654785, 0.020696163177490234, 0.021429061889648438, 0.02538585662841797, 0.02542877197265625, 0.02411961555480957, 0.028957366943359375, 0.02521061897277832, 0.028475046157836914, 0.030600309371948242, 0.026032686233520508, 0.023205995559692383], "score_time": [0.003136157989501953, 0.0038862228393554688, 0.0033731460571289062, 0.0034101009368896484, 0.0030584335327148438, 0.003188610076904297, 0.002974271774291992, 0.003705739974975586, 0.0034148693084716797, 0.003954648971557617, 0.004200935363769531, 0.0035004615783691406, 0.002744913101196289, 0.002786397933959961, 0.002752065658569336], "test_MSE": [-2.6385498225126427, -2.647373086831093, -2.516711614107813, -2.3196258484282937, -2.7186267455760817, -2.8951736601164795, -2.7020267161103977, -2.4952126836919564, -2.243206772292808, -2.3418534743520585, -2.3933350623847147, -2.257067193671031, -2.5862538173789287, -2.2197809356459177, -2.2662301897270742], "test_MAPE": [-677590992713312.8, -670582569136201.2, -671993555099630.2, -665469486612850.9, -684537642426548.1, -669014684139681.8, -672904641803086.2, -703265050395415.0, -689095632534394.6, -656537139900455.8, -667800250595568.1, -689269085983602.1, -671786787614299.0, -656233852569540.5, -656941476397337.0], "test_R2": [0.15012630122529458, 0.14384451596146342, 0.1584179118664537, 0.16310391370797017, 0.15365916181864647, 0.1532722573179478, 0.1475634596110328, 0.14596655260645708, 0.12968063441271838, 0.12856278000509802, 0.14616007166186074, 0.1476752948387411, 0.1590341258830682, 0.15143005957023015, 0.15440677944241032]}