{"fit_time": [0.48033618927001953, 0.5326850414276123, 0.5245957374572754, 0.49539780616760254, 0.529508113861084, 0.6346642971038818, 0.525505781173706, 0.5980086326599121, 0.5302045345306396, 0.44756245613098145, 0.5296492576599121, 0.6262190341949463, 0.44643497467041016, 0.4959523677825928, 0.4376075267791748], "score_time": [0.028290748596191406, 0.03847527503967285, 0.03690004348754883, 0.030846357345581055, 0.033087730407714844, 0.030346155166625977, 0.028983116149902344, 0.038632869720458984, 0.035825490951538086, 0.0284423828125, 0.029901981353759766, 0.04928421974182129, 0.028925180435180664, 0.027106761932373047, 0.026196956634521484], "test_MSE": [-0.004490902298165342, -0.0036620914950967476, -0.003979662783930383, -0.0036983370923082135, -0.0038134536769845553, -0.004651046974473838, -0.003901875975049925, -0.00347440504548684, -0.00402247600575731, -0.0035029013387461684, -0.0037771165756953153, -0.0032634421015707254, -0.004596214970321581, -0.0037228942637819984, -0.0037745156745993104], "test_MAPE": [-15020496457202.031, -14801092288447.873, -13290661139505.777, -12099788383079.346, -16254571210979.043, -12372324612557.904, -14846658330649.281, -14785370558203.492, -15114471381569.201, -13931092902851.111, -14361356607571.344, -13448199741614.232, -17381858405452.64, -14890740761154.006, -12670004792547.215], "test_R2": [0.9985534858146651, 0.998815686488552, 0.998669210688665, 0.9986656797084588, 0.9988128265174332, 0.9986397463613129, 0.9987690345038533, 0.9988108195593779, 0.9984393597555689, 0.9986965202400642, 0.9986524858148766, 0.9987676431012636, 0.9985054599381653, 0.9985768252565317, 0.9985916237106902]}