{"fit_time": [0.46722912788391113, 0.4185905456542969, 0.499798059463501, 0.43207812309265137, 0.41039347648620605, 0.4785315990447998, 0.500499963760376, 0.4919469356536865, 0.40416646003723145, 0.4855186939239502, 0.537559986114502, 0.4948546886444092, 0.41255712509155273, 0.39200735092163086, 0.38092684745788574], "score_time": [0.03264975547790527, 0.02640390396118164, 0.03120708465576172, 0.030984878540039062, 0.026721954345703125, 0.028140783309936523, 0.027821779251098633, 0.031972408294677734, 0.026085853576660156, 0.026679039001464844, 0.03214526176452637, 0.02937483787536621, 0.026375532150268555, 0.02398991584777832, 0.024465560913085938], "test_MSE": [-0.004463335003737566, -0.005257817159575154, -0.004042391701798596, -0.004494362051383752, -0.004525484493186197, -0.004402892807565003, -0.0047021297575997115, -0.004670041275098708, -0.0041042611243187945, -0.004267866902220313, -0.004424351374463566, -0.0037266047175425867, -0.004730615883106044, -0.00473223836655667, -0.004787049444911341], "test_MAPE": [-15369174214855.648, -15644096979281.654, -18693659615744.566, -19555456387456.766, -20715860041481.43, -15407381584767.592, -15332865108095.986, -19826974134319.473, -17023059293642.896, -17654481111552.5, -15759727039759.117, -19565279434654.973, -17445683058461.477, -17887519386786.34, -18468770088251.695], "test_R2": [0.9985623652067768, 0.9982996318057193, 0.9986482342949494, 0.9983784824549481, 0.9985911628562573, 0.9987123219793073, 0.9985165700993518, 0.9984015905835564, 0.9984076287651937, 0.9984118655973521, 0.9984215800286858, 0.9985927413787066, 0.9984617571196939, 0.9981909767922031, 0.9982138193306928]}