{"fit_time": [0.5458240509033203, 0.42752790451049805, 0.4395327568054199, 0.5418710708618164, 0.39205312728881836, 0.45094871520996094, 0.5754914283752441, 0.4827914237976074, 0.4261658191680908, 0.4838590621948242, 0.3987092971801758, 0.7192225456237793, 0.669191837310791, 0.4494743347167969, 0.6020994186401367], "score_time": [0.03380274772644043, 0.024586915969848633, 0.029683351516723633, 0.029386281967163086, 0.024655580520629883, 0.029521942138671875, 0.03399395942687988, 0.02639484405517578, 0.026247501373291016, 0.03058910369873047, 0.11150741577148438, 0.056715965270996094, 0.025751590728759766, 0.0273284912109375, 0.02366161346435547], "test_MSE": [-0.00640383680361333, -0.0074930931887572305, -0.005998384953046539, -0.006222545119968861, -0.0052653853740325255, -0.008193575136426427, -0.0063101118434789275, -0.006912187647714102, -0.005158612074412842, -0.005272773231734508, -0.008521287993273124, -0.0055193251814174525, -0.0074163904336058736, -0.006350008090475925, -0.005749181587395507], "test_MAPE": [-23420422948363.617, -28087500881468.727, -29516801569689.926, -26412628598358.344, -27085443440781.613, -26981645006040.78, -27031435338592.08, -27803437241490.492, -26328613732126.914, -25181961813456.203, -27611120284787.19, -29007588093738.1, -31006786320114.645, -29783657943712.387, -24169464441838.37], "test_R2": [0.9979373319297592, 0.9975767477361321, 0.9979941550291596, 0.9977549725697331, 0.9983608229125024, 0.997603692146231, 0.9980092832253465, 0.9976341738384105, 0.9979985616826018, 0.9980379255589432, 0.9969599676853121, 0.9979157655469311, 0.9975884303304342, 0.9975725415510447, 0.9978548211933221]}