{"fit_time": [0.1967165470123291, 0.17006969451904297, 0.17322278022766113, 0.17640256881713867, 0.15861964225769043, 0.16057372093200684, 0.1658005714416504, 0.18198537826538086, 0.15929770469665527, 0.16496920585632324, 0.15604948997497559, 0.17899155616760254, 0.1573624610900879, 0.16468358039855957, 0.15304970741271973], "score_time": [0.005192995071411133, 0.004463911056518555, 0.0055196285247802734, 0.0051174163818359375, 0.005152463912963867, 0.005236148834228516, 0.007880926132202148, 0.00437164306640625, 0.00495600700378418, 0.005448102951049805, 0.005383968353271484, 0.0069732666015625, 0.004362344741821289, 0.005053520202636719, 0.00487208366394043], "test_MSE": [-0.0034541322366910925, -0.003199806038143448, -0.003325561014255824, -0.0034232524554215454, -0.0034870322452528984, -0.0043435240638848936, -0.0030637907843450727, -0.0032084818454928394, -0.003090384485072991, -0.0027807441472455516, -0.0036123119406606076, -0.0027891000218747343, -0.0034143622561512445, -0.0028141836858159865, -0.003146758667718802], "test_MAPE": [-0.14617824628790435, -0.1656625284798443, -0.08882910501048627, -0.12377210939320893, -0.0639697876745753, -0.11289658462866674, -0.08510110680718297, -0.07267900780610025, -0.11943782619545179, -0.06737105104123685, -0.08568027474342844, -0.1227345058292212, -0.07242771068366759, -0.09227416129833498, -0.09297975937376081], "test_R2": [0.9988874281944549, 0.9989651887370754, 0.9988879406893884, 0.9987649272902037, 0.99891444539122, 0.998729685069824, 0.9990334339771287, 0.9989018367735485, 0.9988009926246253, 0.9989652452744239, 0.9987112810834453, 0.9989467664673539, 0.9988897601155767, 0.9989242038958513, 0.998825857228354]}