{"fit_time": [0.017186403274536133, 0.028816699981689453, 0.017876863479614258, 0.018169164657592773, 0.01692676544189453, 0.018958568572998047, 0.019594907760620117, 0.01718878746032715, 0.017867088317871094, 0.016716480255126953, 0.018323659896850586, 0.019043445587158203, 0.017232894897460938, 0.017019987106323242, 0.01683664321899414], "score_time": [0.002898693084716797, 0.003170013427734375, 0.0028181076049804688, 0.0032835006713867188, 0.002631664276123047, 0.0030286312103271484, 0.002753734588623047, 0.003034353256225586, 0.0028045177459716797, 0.0034055709838867188, 0.0037436485290527344, 0.002641439437866211, 0.0027458667755126953, 0.002670764923095703, 0.0026023387908935547], "test_MSE": [-2.420017270269487, -2.8555195943673435, -2.017813551443692, -3.111000047368889, -2.5204429932474803, -2.3344539616185886, -2.5560521623480676, -2.0070891177736385, -2.4011891641603165, -2.2693762532819934, -2.67690150111242, -2.4347938195807384, -2.6536020250525665, -2.553052592149651, -2.882579309463705], "test_MAPE": [-661665113364066.0, -650787937506470.8, -667189956286244.9, -690554627788753.1, -680985955835179.4, -678830138489024.4, -657691253413573.8, -655683086904191.5, -692963871884317.5, -685127605622794.6, -657499830449347.0, -694624457464271.5, -677517608187809.0, -671744660788994.8, -672774160123968.1], "test_R2": [0.15134185467821937, 0.1652907928857993, 0.12901974925005222, 0.15671587819491772, 0.15520513814809422, 0.142833307701289, 0.15187993552807655, 0.120306933098286, 0.13170648104266613, 0.14853513846996103, 0.15658909104735697, 0.15245935480320927, 0.15021203697705177, 0.1437424665353464, 0.1393825754083977]}