{"fit_time": [0.1854109764099121, 0.2283477783203125, 0.21875667572021484, 0.2779979705810547, 0.16809821128845215, 0.18320798873901367, 0.14978432655334473, 0.15162229537963867, 0.19259214401245117, 0.1547245979309082, 0.18505167961120605, 0.16103434562683105, 0.18862295150756836, 0.16298151016235352, 0.15855121612548828], "score_time": [0.0078067779541015625, 0.004951000213623047, 0.00437164306640625, 0.004355430603027344, 0.008367061614990234, 0.0044634342193603516, 0.0047550201416015625, 0.004449129104614258, 0.00469970703125, 0.005707979202270508, 0.007879018783569336, 0.004526853561401367, 0.006166219711303711, 0.00622105598449707, 0.004285335540771484], "test_MSE": [-0.003032770964549077, -0.004024829638688973, -0.0025571963084286176, -0.004187116528801848, -0.0029814510792448307, -0.0029877358269705576, -0.002989217261147697, -0.0027941612234237616, -0.0032989911456177564, -0.0031198140706404274, -0.0037174583857860497, -0.003362111116236622, -0.003978915898246778, -0.003334075035570014, -0.0036914605838975997], "test_MAPE": [-0.06449167415376507, -0.22748939931980688, -0.08194078784876221, -0.06682337467990992, -0.11686358235974395, -0.09448027996163134, -0.09190740663055805, -0.10902623521481761, -0.09196667934934406, -0.06669898277286146, -0.11794049331903171, -0.07166631701840367, -0.1268578713905991, -0.06796567078026758, -0.09697066194477315], "test_R2": [0.9989364597461433, 0.9988234847475371, 0.9988961975796334, 0.9988650180549266, 0.9990006857685904, 0.9989029607444085, 0.9990081520347706, 0.9987753387558704, 0.9988070524914936, 0.9988294527838583, 0.9988287410071508, 0.9988296644250686, 0.9987257942960969, 0.9988817986456208, 0.9988978845125734]}