{"fit_time": [0.7991812229156494, 0.7144575119018555, 0.6924288272857666, 0.7898075580596924, 0.666602373123169, 0.7585291862487793, 0.8178720474243164, 0.7691447734832764, 0.6778929233551025, 0.6655871868133545, 0.6699738502502441, 0.7685642242431641, 0.7106800079345703, 0.6818561553955078, 0.6220481395721436], "score_time": [0.005249977111816406, 0.00770115852355957, 0.0063402652740478516, 0.010265350341796875, 0.0048868656158447266, 0.0062291622161865234, 0.005682706832885742, 0.007625102996826172, 0.004975318908691406, 0.005259990692138672, 0.005231142044067383, 0.005036592483520508, 0.006082773208618164, 0.005377531051635742, 0.004823207855224609], "test_MSE": [-0.0026523945734736668, -0.0026804625142991686, -0.0028011654341862082, -0.0026315528543554055, -0.0029449448153802205, -0.002845646547592746, -0.003681648949389956, -0.002834566585437539, -0.003103198313879877, -0.0022015502172494745, -0.0029698877185656914, -0.0028018915944749215, -0.0030775413841500872, -0.002627688242811515, -0.002634786409714117], "test_MAPE": [-0.24755539206564606, -0.12672281803000668, -0.17203231704401936, -0.07908483768084477, -0.16600620322611204, -0.11404630446155298, -0.13548126724211274, -0.12452722344444503, -0.7704681647493884, -0.09630721047674139, -0.0737873746907565, -0.16199535835212645, -0.49561604189191544, -200055265424.05554, -0.2325757866350314], "test_R2": [0.9991234083759073, 0.9991155026679435, 0.9989997966995517, 0.9992404910719842, 0.9988657353316628, 0.9991108785116954, 0.9988504448070405, 0.9989251531742247, 0.9989610336225968, 0.9991753361241346, 0.9988347681203122, 0.999099768890179, 0.9989990990450863, 0.9991906880885383, 0.9990137175505718]}