{"fit_time": [0.7590718269348145, 0.8609051704406738, 0.8521275520324707, 0.7223055362701416, 0.7555122375488281, 0.7093896865844727, 0.7679381370544434, 0.8578915596008301, 0.7965588569641113, 0.8001387119293213, 0.7915704250335693, 0.8155579566955566, 0.7564394474029541, 0.7526235580444336, 0.7037811279296875], "score_time": [0.0312192440032959, 0.03781914710998535, 0.03276991844177246, 0.029544353485107422, 0.03792262077331543, 0.03012990951538086, 0.03695106506347656, 0.04033064842224121, 0.03431844711303711, 0.03302645683288574, 0.030003786087036133, 0.030228853225708008, 0.029439449310302734, 0.028377532958984375, 0.028204917907714844], "test_MSE": [-0.00551134046904668, -0.005476090710647929, -0.0075010775903441304, -0.0061425588776707, -0.006002793129791392, -0.005227065998482417, -0.006945265372207531, -0.005109897565587029, -0.006393753781201035, -0.0047721742365472875, -0.004739440492353117, -0.004901103281840373, -0.006188606947746522, -0.006721946824976465, -0.005700027539258911], "test_MAPE": [-29133110847244.445, -24830530973171.62, -29010527207314.887, -22722046798182.008, -21912629231801.336, -26795710863152.504, -25729814342571.383, -28699750475199.86, -24815858809384.176, -24747904077145.34, -23708511065459.508, -21580846602941.16, -26258138445358.69, -25403059493808.316, -27812412937612.453], "test_R2": [0.9981785534697569, 0.9981930030366666, 0.9973216138999802, 0.9982271576644444, 0.9976879851456297, 0.9983668046532455, 0.9978314157637367, 0.9980623643816925, 0.9978593391294555, 0.9982124233772269, 0.998140486214664, 0.9984253046565189, 0.9979872951065789, 0.9979296814800812, 0.9978663025198166]}