{"fit_time": [0.7685503959655762, 1.1287057399749756, 1.1241645812988281, 1.2819676399230957, 0.7520461082458496, 0.8806252479553223, 0.9061110019683838, 1.3058063983917236, 0.7428836822509766, 1.2212896347045898, 1.2032475471496582, 0.7229878902435303, 1.0029606819152832, 0.7560563087463379, 0.6735715866088867], "score_time": [0.032082319259643555, 0.03165841102600098, 0.03304266929626465, 0.036434173583984375, 0.03182268142700195, 0.15297412872314453, 0.05533003807067871, 0.03418374061584473, 0.0324862003326416, 0.039682865142822266, 0.031088590621948242, 0.030692100524902344, 0.029911518096923828, 0.029398441314697266, 0.027577877044677734], "test_MSE": [-0.003739266259899773, -0.0031504743893638054, -0.004085632282570598, -0.004661213164543599, -0.003625421899572314, -0.003663367914485349, -0.0038517048352560775, -0.0033107086999977497, -0.0043286180581821425, -0.0033864443842641354, -0.0038377662429020095, -0.003644556182154695, -0.003683063920264017, -0.004536473583875119, -0.0038962703122124957], "test_MAPE": [-17671319024662.47, -14834635061997.092, -14822869812103.508, -15760187386115.295, -17660446513319.266, -15718598781871.992, -14920358412758.275, -16493496525534.846, -15670742982064.928, -17193834124148.22, -14099108413004.633, -14924309240713.922, -16549102714522.88, -16608133314120.31, -16563593811329.51], "test_R2": [0.9987642074386438, 0.9989604084454681, 0.9985411561760785, 0.9986546981156026, 0.9986036451525255, 0.9988553816934539, 0.9987973466900343, 0.9987446035822405, 0.9985507569390727, 0.9987314945943777, 0.998494257023569, 0.9988290257684717, 0.9988021664911524, 0.9986027938749944, 0.9985415049155425]}