{"fit_time": [0.8168270587921143, 0.9552197456359863, 0.9778873920440674, 0.8609776496887207, 0.7936937808990479, 1.686718225479126, 1.5001578330993652, 1.691887617111206, 0.8632006645202637, 1.6175117492675781, 1.556595802307129, 1.9320778846740723, 0.8738853931427002, 0.8433287143707275, 0.772040843963623], "score_time": [0.03325653076171875, 0.06496524810791016, 0.04354047775268555, 0.035265445709228516, 0.03468942642211914, 0.038933515548706055, 0.06965970993041992, 0.03640031814575195, 0.034009456634521484, 0.06377005577087402, 0.07829904556274414, 0.03194594383239746, 0.03853321075439453, 0.03530073165893555, 0.03841590881347656], "test_MSE": [-0.00419167381624223, -0.0036552832702698612, -0.004452659504122884, -0.004343328673254936, -0.004305863443680633, -0.003430975219832119, -0.004250522173451187, -0.0031890866623705263, -0.004639087940630099, -0.003109707029641563, -0.0038621738833947033, -0.003507033953373265, -0.004094914850091735, -0.004381009522363255, -0.003704963949368767], "test_MAPE": [-13011423382486.93, -14461935431085.045, -13598983101483.754, -14480016473846.068, -13687030234999.893, -13823793859277.809, -13331517152861.629, -13959850365050.363, -13365487466736.133, -14043107786101.012, -13091297685314.69, -13347409270841.795, -13278105628212.63, -13278072793774.986, -11846769354026.262], "test_R2": [0.998614690968307, 0.9987938319289237, 0.998410102924503, 0.9987464447468025, 0.998341568661883, 0.998927992727567, 0.9986728202757926, 0.9987907217654434, 0.9984468100634841, 0.9988351557771532, 0.9984846807151341, 0.9988732108428996, 0.9986682212610185, 0.9986506758553358, 0.998613116833473]}