{"fit_time": [0.08904743194580078, 0.15909552574157715, 0.13562226295471191, 0.09148550033569336, 0.09451150894165039, 0.10389423370361328, 0.0995492935180664, 0.14281368255615234, 0.10232758522033691, 0.10076332092285156, 0.09489655494689941, 0.12937617301940918, 0.11022830009460449, 0.09256529808044434, 0.08405756950378418], "score_time": [0.005156278610229492, 0.003979921340942383, 0.0041065216064453125, 0.003886699676513672, 0.003922700881958008, 0.004620075225830078, 0.004046916961669922, 0.006730794906616211, 0.0069332122802734375, 0.003978252410888672, 0.003537893295288086, 0.0032258033752441406, 0.004293680191040039, 0.003927707672119141, 0.002966165542602539], "test_MSE": [-1.4126640029868471, -1.3728639127582876, -1.3203439851130163, -1.5945345689788075, -1.2144870915598638, -1.448436557674432, -1.4702891440127372, -1.2720872546530637, -1.4207927073265418, -1.2882814697448728, -1.2088063655058816, -1.3895981893739486, -1.4510010204939694, -1.441470689370462, -1.215163994218225], "test_MAPE": [-894999493456272.2, -813393717363545.1, -860498329381577.1, -858837790256307.2, -824785960362848.4, -872102152152321.8, -858811092014195.9, -872182894926641.4, -868014959386573.5, -858850498957258.1, -817162191515649.1, -822358135341415.4, -873807158598511.1, -851088778054659.5, -880073169207971.6], "test_R2": [0.5331277461280179, 0.546983230829147, 0.5285489405517262, 0.5397914052287349, 0.5322323899199642, 0.5474363922801305, 0.5409180658216353, 0.5176338581011086, 0.5243114674400768, 0.5174313164781281, 0.5257262742117317, 0.5535303640254613, 0.5280946295400835, 0.5560358417244413, 0.5451263463877565]}