{"fit_time": [0.5133275985717773, 0.4943370819091797, 0.510911226272583, 0.45049619674682617, 0.4391655921936035, 0.5698301792144775, 0.5740358829498291, 0.5453548431396484, 0.4354979991912842, 0.4763765335083008, 0.5232484340667725, 0.49021267890930176, 0.430117130279541, 0.43553900718688965, 0.4154071807861328], "score_time": [0.02917933464050293, 0.0331118106842041, 0.031287431716918945, 0.028291940689086914, 0.029036998748779297, 0.035408735275268555, 0.04306674003601074, 0.04037809371948242, 0.028290987014770508, 0.04086804389953613, 0.03248453140258789, 0.035537004470825195, 0.028870820999145508, 0.028485536575317383, 0.027814149856567383], "test_MSE": [-0.003892128569778186, -0.003976895082504939, -0.004165708853033782, -0.0042317234881328845, -0.004074321932795472, -0.0035799732268739733, -0.004378497897129469, -0.0032225292244586583, -0.0038698993185867607, -0.003320503067592002, -0.0035125385389202296, -0.0036186864022387483, -0.0038744495247664775, -0.003513735165971412, -0.0034109445172853586], "test_MAPE": [-14121643505704.34, -14049064368158.066, -15266726254433.838, -15045320875900.223, -15886235777047.951, -13694972782221.033, -14170922360867.275, -12792657194667.746, -15036327013149.652, -16321671227427.953, -15277810711593.383, -13831557097932.8, -15171681616944.213, -13515746549452.459, -13351479631112.066], "test_R2": [0.9987136878734859, 0.9986877066657043, 0.9985125634878037, 0.9987786558173013, 0.9984307483822223, 0.9988814383408715, 0.9986328612357674, 0.9987780405915768, 0.998704338276428, 0.9987561951082976, 0.9986218597226435, 0.9988373375749421, 0.9987399226378968, 0.9989177910540484, 0.9987231774458192]}