{"fit_time": [0.4504725933074951, 0.44605326652526855, 0.4808933734893799, 0.40851664543151855, 0.4243907928466797, 0.40976476669311523, 0.4803173542022705, 0.4562971591949463, 0.7370367050170898, 0.4507765769958496, 0.8475072383880615, 0.6485288143157959, 0.41083788871765137, 0.44962525367736816, 0.4273226261138916], "score_time": [0.025894641876220703, 0.027408361434936523, 0.03220415115356445, 0.024781227111816406, 0.02722954750061035, 0.026383161544799805, 0.029657602310180664, 0.029520750045776367, 0.07214093208312988, 0.02634429931640625, 0.02857351303100586, 0.043576717376708984, 0.02501392364501953, 0.025078773498535156, 0.025111913681030273], "test_MSE": [-0.006253007192233805, -0.0054921764686379874, -0.0061455588296275504, -0.006617247502036829, -0.006825471955366802, -0.00710695067328369, -0.0064767585967597215, -0.006436225562710405, -0.005921439080372572, -0.00687980124292084, -0.005724251038594973, -0.0055542915247708755, -0.0058445232141805265, -0.00640930508572589, -0.006166215067635706], "test_MAPE": [-26349654377393.387, -25872529763613.566, -27186436793900.6, -27382579482111.824, -25356218819537.22, -27849782728454.746, -26410510274537.895, -26169417432856.56, -27376846548215.938, -23961085178123.113, -25621697768829.97, -26525154125227.76, -29579387533457.508, -25130819156100.477, -28003490507572.5], "test_R2": [0.9979334395474484, 0.9981876950683773, 0.9978056247055334, 0.9980901548116851, 0.9973711250400121, 0.9977794351989068, 0.9979777019534458, 0.9975594305487148, 0.9980174724629002, 0.9974229415646676, 0.9977540969795559, 0.9982154391577912, 0.9980992005838766, 0.9980259732240839, 0.9976917940375786]}