{"fit_time": [0.16946649551391602, 0.1788492202758789, 0.19086265563964844, 0.18062710762023926, 0.1744678020477295, 0.16713833808898926, 0.15572357177734375, 0.1561877727508545, 0.16729021072387695, 0.18065476417541504, 0.15794730186462402, 0.16109085083007812, 0.15564775466918945, 0.16010570526123047, 0.1531991958618164], "score_time": [0.004549264907836914, 0.0049021244049072266, 0.00502324104309082, 0.006707906723022461, 0.005456447601318359, 0.004335880279541016, 0.0043277740478515625, 0.005990505218505859, 0.0057408809661865234, 0.005401134490966797, 0.005338907241821289, 0.0057525634765625, 0.0052471160888671875, 0.004224538803100586, 0.004967689514160156], "test_MSE": [-0.0032081878153707045, -0.0030746338099440313, -0.0033455408427148637, -0.003682336468529753, -0.0029648179215568306, -0.003345268878960004, -0.003362250850315715, -0.0036398810053776777, -0.0034616480077760813, -0.002810836510536537, -0.0030152022411768886, -0.0033652368560555986, -0.0034526652838494415, -0.003899444484562085, -0.002822263261811368], "test_MAPE": [-0.2871853023775465, -0.17053687759371564, -0.08400248553394436, -0.07526218023992061, -0.12052960481691151, -0.08966827885368266, -0.07232004640993693, -0.07419344625749005, -0.12454638406020961, -0.1330865327503196, -0.056804740443790865, -0.14757155721920492, -0.05769133171616891, -0.11349790689906508, -0.11008480382749493], "test_R2": [0.9989397239024709, 0.9989854342720934, 0.9988054182906052, 0.9989372178411018, 0.9988580810754375, 0.998954771650416, 0.9989501734200776, 0.998619783862221, 0.9988410228652169, 0.9989471076730201, 0.9988169890217863, 0.9989187694071707, 0.9988770984535252, 0.9987989949423898, 0.9989435391375453]}