{"fit_time": [0.023955583572387695, 0.027495861053466797, 0.02721691131591797, 0.02447795867919922, 0.028311729431152344, 0.02593517303466797, 0.02353191375732422, 0.02833843231201172, 0.030282258987426758, 0.02451157569885254, 0.026868581771850586, 0.028750896453857422, 0.025363683700561523, 0.02241349220275879, 0.020615577697753906], "score_time": [0.006283760070800781, 0.0032227039337158203, 0.0034105777740478516, 0.003966569900512695, 0.002935171127319336, 0.003083467483520508, 0.003061056137084961, 0.003300905227661133, 0.0032880306243896484, 0.0031745433807373047, 0.0035555362701416016, 0.006668806076049805, 0.004316568374633789, 0.0024378299713134766, 0.0023050308227539062], "test_MSE": [-2.5791476070432977, -2.594534904619234, -2.3789903952260403, -2.9495986566656462, -2.212259544477184, -2.7279512478071224, -2.719972524887093, -2.25901792522788, -2.542572830534308, -2.2807152618309, -2.180285550978162, -2.6464721840756464, -2.640812046634964, -2.7206480112185587, -2.253113785998456], "test_MAPE": [-684070665278865.1, -678874156542267.9, -681151691014117.6, -679344025912523.4, -681107170344735.1, -689444390537484.2, -681139402193488.5, -689611009485570.1, -664705725248207.8, -666632068405441.9, -651676834709801.8, -654408501631457.6, -712639209550137.2, -670565180716110.5, -672700677852964.9], "test_R2": [0.14761581393530798, 0.14385700646022226, 0.15054140822962758, 0.1486978838015086, 0.14793383380655467, 0.14765237603937365, 0.15071790285465136, 0.14339699805435324, 0.14873384945829327, 0.14568222299437517, 0.14456758249118518, 0.1497042226477533, 0.1411354164602655, 0.1620570482829332, 0.1565894770437224]}