{"fit_time": [0.47258925437927246, 0.42537498474121094, 0.46894073486328125, 0.4551868438720703, 0.41108059883117676, 0.4657018184661865, 0.4714066982269287, 0.43099546432495117, 0.46805453300476074, 0.5483934879302979, 0.4031503200531006, 0.5267734527587891, 0.4073221683502197, 0.39676380157470703, 0.4159402847290039], "score_time": [0.029221773147583008, 0.026607751846313477, 0.029018163681030273, 0.026268482208251953, 0.02651524543762207, 0.026417970657348633, 0.03188490867614746, 0.02643561363220215, 0.027276039123535156, 0.029102087020874023, 0.02610015869140625, 0.030263423919677734, 0.025341272354125977, 0.026590585708618164, 0.023675918579101562], "test_MSE": [-0.004576514509850609, -0.003863683312166535, -0.004019225609057872, -0.004937807056653161, -0.004035226624195676, -0.004307573668827172, -0.004794197590835066, -0.004544955156566053, -0.003936222476539233, -0.0036858571171698245, -0.004040241024231293, -0.0045025399893083955, -0.004255155999528151, -0.004342522077770208, -0.0039930002584367295], "test_MAPE": [-15790553266836.68, -17382478463990.8, -15216428458545.807, -18554667925185.895, -16579310303324.643, -15705969054620.178, -18515467035997.965, -20019969671814.383, -17517995538502.342, -17766309632089.926, -18013875848114.547, -14909849258600.535, -16315452427569.145, -13767202500182.938, -21117461990149.727], "test_R2": [0.9984875047147983, 0.9987250642143689, 0.9985648677973946, 0.9985748686224788, 0.9984458061948547, 0.9986540997810677, 0.9985030634880245, 0.9982765863929876, 0.9986821329501208, 0.9986193395942933, 0.9984148162862768, 0.9985533606726323, 0.9986161064396506, 0.9986625297529343, 0.998505295890043]}