{"fit_time": [0.7719190120697021, 0.7839932441711426, 0.8878579139709473, 0.8517742156982422, 0.7123184204101562, 0.8261196613311768, 0.761066198348999, 0.8478460311889648, 0.7148764133453369, 0.9779655933380127, 0.8774092197418213, 0.8980007171630859, 0.716327428817749, 0.7040400505065918, 0.6771812438964844], "score_time": [0.03142142295837402, 0.03351235389709473, 0.037413835525512695, 0.0319211483001709, 0.02981877326965332, 0.0316770076751709, 0.033420562744140625, 0.03594684600830078, 0.03033614158630371, 0.0307462215423584, 0.03528881072998047, 0.03715157508850098, 0.0315096378326416, 0.028705596923828125, 0.027487516403198242], "test_MSE": [-0.0035232918089714233, -0.004384227181170195, -0.0035477001749944313, -0.0036980302353929093, -0.0037619113498411324, -0.004042028659994457, -0.004199349391578158, -0.004010644946970256, -0.004379578289933663, -0.003211342574802235, -0.004185188911995743, -0.004159094617643915, -0.0039694060526855104, -0.003590679622564022, -0.0036545105664210964], "test_MAPE": [-16607493721591.47, -14915002445769.08, -15063576179095.314, -15988302482316.473, -18818786794565.215, -17489925943947.365, -17134927744628.893, -15590129109060.795, -16206435460703.379, -14767639878659.455, -15799611481073.19, -15071123669627.123, -14748402191868.447, -14373271521695.443, -16771467822411.328], "test_R2": [0.9988511473488689, 0.9985225461348952, 0.998769696182034, 0.998831391718988, 0.9987329776677272, 0.9982770054091883, 0.9988620762055712, 0.9987419595764255, 0.9981952649658904, 0.9986977910497448, 0.9989019592389901, 0.9985539359696707, 0.99859644200227, 0.9988193092911021, 0.9986327027129132]}