{"fit_time": [0.09956765174865723, 0.1491527557373047, 0.12055730819702148, 0.12662696838378906, 0.09771323204040527, 0.09444832801818848, 0.11603522300720215, 0.11484217643737793, 0.09016704559326172, 0.08846569061279297, 0.0930631160736084, 0.12634062767028809, 0.09626579284667969, 0.08964681625366211, 0.059565067291259766], "score_time": [0.0032715797424316406, 0.003930330276489258, 0.005039691925048828, 0.0036530494689941406, 0.003835439682006836, 0.0046443939208984375, 0.004580259323120117, 0.004629850387573242, 0.004059553146362305, 0.003576993942260742, 0.0045549869537353516, 0.0037224292755126953, 0.005103111267089844, 0.003885030746459961, 0.0027952194213867188], "test_MSE": [-1.3198267807936364, -1.3865571381805164, -1.4025068632804178, -1.4662743806127732, -1.29754285322655, -1.1526093763039365, -1.6212739844543689, -1.429811227118615, -1.2137513936515318, -1.274925441429605, -1.6588274555893054, -1.3301675650152092, -1.320105838135596, -1.4333668674206816, -1.3545551417939112], "test_MAPE": [-854923961903530.1, -921263113813667.2, -871379552450356.8, -815222441394224.2, -885728691192908.4, -854281186427813.9, -850999142550795.8, -835279824366237.4, -829936388818189.1, -825478875614369.9, -835664623884278.0, -871548685295239.2, -885368173635578.1, -855715726149395.1, -854975575335003.8], "test_R2": [0.5696392526195069, 0.5327399520280662, 0.5136258805691925, 0.536645112573635, 0.5629839144964155, 0.5086774766477744, 0.5606733157524355, 0.5515034749823337, 0.49983776569147786, 0.483013947572993, 0.5647842427139362, 0.5375177419818301, 0.5332185514979724, 0.5286789352715378, 0.49320721970216286]}