{"fit_time": [0.7696967124938965, 0.7586443424224854, 0.7268359661102295, 0.6695384979248047, 0.66634202003479, 0.6560091972351074, 0.7201807498931885, 0.7391445636749268, 0.6423389911651611, 0.6838979721069336, 0.7108511924743652, 0.71185302734375, 0.6454741954803467, 0.7662091255187988, 0.6945991516113281], "score_time": [0.01021265983581543, 0.005238771438598633, 0.005083322525024414, 0.004775524139404297, 0.0050928592681884766, 0.005024909973144531, 0.0070149898529052734, 0.00943899154663086, 0.005358219146728516, 0.005173683166503906, 0.00716710090637207, 0.005095958709716797, 0.004834413528442383, 0.004943132400512695, 0.0044596195220947266], "test_MSE": [-0.0024221373370754864, -0.002697150255398926, -0.002902468020924048, -0.002712025446380834, -0.00334375408351014, -0.005731354249512855, -0.0029401090922967256, -0.003891299253350524, -0.002666788668205955, -0.002308528708805691, -0.0029492212809564726, -0.003937720380773326, -0.0027402524600813323, -0.0030341080524548844, -0.002498866677038069], "test_MAPE": [-0.2950465025523136, -5973379008.455625, -0.3159473778807305, -0.09450522295282275, -0.17335034931895282, -0.09300778625875411, -0.1337150457125226, -7074302907.3270645, -0.14619590582760486, -250069081780.08478, -0.09419145725485317, -0.5619775699410394, -0.7871050882218018, -0.2562300375523215, -0.19806068664193205], "test_R2": [0.9992102048164114, 0.9990910792472794, 0.9989934556722588, 0.9991429774249482, 0.9988738142121252, 0.9975568969939096, 0.9992033003728981, 0.9987793953776342, 0.9989010706923221, 0.9990638847533377, 0.99922623201776, 0.9986309049618697, 0.9990310632862707, 0.9990023216872889, 0.9990650749077866]}