{"fit_time": [1.1171998977661133, 0.8185694217681885, 1.103191614151001, 1.1147818565368652, 0.8294320106506348, 0.8277649879455566, 0.9686360359191895, 0.9371860027313232, 0.7901349067687988, 0.8429749011993408, 0.9001131057739258, 0.9171807765960693, 0.7820572853088379, 0.7880492210388184, 0.7355239391326904], "score_time": [0.034029245376586914, 0.03426218032836914, 0.056883811950683594, 0.03827381134033203, 0.03558778762817383, 0.034596920013427734, 0.04328513145446777, 0.03999018669128418, 0.034848690032958984, 0.04127240180969238, 0.03828597068786621, 0.04057931900024414, 0.03571057319641113, 0.03191232681274414, 0.03076171875], "test_MSE": [-0.0039334839684944025, -0.0036327093438314573, -0.003415825611708334, -0.0036473496313847538, -0.0037917130210162004, -0.004144923900099814, -0.0039998174195511205, -0.0038191260103874764, -0.003683085708097228, -0.003420106813575666, -0.004992860334855191, -0.004527720221223787, -0.003684754315073681, -0.003960920179124219, -0.0031917982048172092], "test_MAPE": [-12765414575379.045, -13708277990623.953, -13496545721809.783, -13846951424715.04, -13229087262807.559, -13277023554897.031, -14308140067105.812, -12213672983101.803, -12948294612039.775, -13023659260658.678, -13541913323795.139, -15670608412948.832, -12595866854623.592, -14100169844168.105, -12212029097016.596], "test_R2": [0.9987173944906069, 0.9987758023845349, 0.9988154288456472, 0.9988474072109556, 0.9987229403809847, 0.9982331442797816, 0.9989161446236872, 0.9988020343442713, 0.9984822753765336, 0.9986131365309908, 0.9986900557473076, 0.9984257695596703, 0.9986970931368705, 0.9986975664370639, 0.9988058217517622]}