{"fit_time": [0.9468626976013184, 0.704897403717041, 0.9687666893005371, 0.7211401462554932, 0.8165640830993652, 0.7137141227722168, 0.7580113410949707, 0.7943246364593506, 0.7030682563781738, 0.7819163799285889, 0.8046917915344238, 0.7738325595855713, 0.7174723148345947, 0.7007250785827637, 0.6639790534973145], "score_time": [0.03405141830444336, 0.02860116958618164, 0.03544139862060547, 0.0298311710357666, 0.03621625900268555, 0.030749797821044922, 0.033530235290527344, 0.030124902725219727, 0.03000926971435547, 0.03388261795043945, 0.033025264739990234, 0.03247404098510742, 0.0304412841796875, 0.026893138885498047, 0.02837538719177246], "test_MSE": [-0.005919077405154902, -0.00546921238863879, -0.005146446363246121, -0.005679593392528202, -0.006183819289496253, -0.005470940516171309, -0.006114534009478883, -0.007189814211117345, -0.007318164417778146, -0.004333181443429223, -0.0069624659509194865, -0.005848856382266743, -0.005634014879545395, -0.006182944325640541, -0.004442343410257416], "test_MAPE": [-27734800730368.895, -26709112602824.88, -26768255339925.047, -27871630499915.27, -25793596287887.742, -25984152224584.19, -23633700606142.33, -23758373087584.914, -26785069036255.71, -24996194412075.51, -27705856587242.836, -27998494155836.746, -28154387181143.926, -24664080835919.195, -26326015042639.59], "test_R2": [0.9980699447738485, 0.9981569137162011, 0.9982152683999941, 0.9982052012966887, 0.9979172722560667, 0.9976679034937797, 0.9983431067309654, 0.9977447325716507, 0.9969843334595718, 0.9982428820571841, 0.9981733031478363, 0.9979664274053595, 0.9980078463783856, 0.9979669183312702, 0.99833794321216]}