{"fit_time": [0.4791743755340576, 0.49675941467285156, 0.4366188049316406, 0.45818424224853516, 0.4196019172668457, 0.46492838859558105, 0.4721105098724365, 0.40090203285217285, 0.4304685592651367, 0.40265989303588867, 0.45635437965393066, 0.46428871154785156, 0.39790964126586914, 0.45448875427246094, 0.3899343013763428], "score_time": [0.028363466262817383, 0.02518177032470703, 0.02592301368713379, 0.03169560432434082, 0.025632381439208984, 0.0265960693359375, 0.029145002365112305, 0.025149822235107422, 0.02586197853088379, 0.024667024612426758, 0.03516364097595215, 0.030039310455322266, 0.02494645118713379, 0.02358531951904297, 0.021874666213989258], "test_MSE": [-0.005941852166107824, -0.0059988405702657245, -0.005913422091153296, -0.005226370581381901, -0.005506321213553774, -0.006865638576554636, -0.005530343480578814, -0.007093022890399263, -0.007539997719113399, -0.004900966304986459, -0.006617342098157575, -0.005855881363933916, -0.005751503390751844, -0.006190681507775172, -0.006763321833095094], "test_MAPE": [-27448158549160.234, -28056162376244.227, -30035069028242.742, -24718656772422.82, -31511209632990.516, -28245843484798.9, -24917083470094.37, -27199917910057.5, -26136065432458.562, -27109697835815.613, -25841159493594.508, -28299900928477.348, -25420924873702.844, -25623527252380.656, -25431882607400.12], "test_R2": [0.9980625185242166, 0.9979784327270375, 0.9979492895630613, 0.9983484234708018, 0.9981454555151772, 0.9970733858849264, 0.9985014084680508, 0.9977750936222359, 0.9968929204731726, 0.9980126436097694, 0.9982638510456487, 0.9979639849090384, 0.9979663031506693, 0.997964374183638, 0.9974695731682772]}