{"fit_time": [0.4683570861816406, 0.49420714378356934, 0.4405784606933594, 0.4505934715270996, 0.42593955993652344, 0.5618984699249268, 0.5315907001495361, 0.5209910869598389, 0.4300215244293213, 0.4853229522705078, 0.45615458488464355, 0.44976282119750977, 0.4114561080932617, 0.40465545654296875, 0.3979523181915283], "score_time": [0.03639674186706543, 0.030704259872436523, 0.027313947677612305, 0.027519941329956055, 0.02651691436767578, 0.032868385314941406, 0.031603336334228516, 0.029755592346191406, 0.02777266502380371, 0.03141903877258301, 0.029455184936523438, 0.030526161193847656, 0.02684950828552246, 0.02514338493347168, 0.025201082229614258], "test_MSE": [-0.00422117512843017, -0.0037190236532373753, -0.004101425295694569, -0.004583237045484761, -0.004116386241996605, -0.0039605427881304785, -0.004303969724605221, -0.004412761128662934, -0.004003836678119945, -0.0036199292211695744, -0.004874127395438396, -0.0041402191047933655, -0.0035162124074776405, -0.004309198148005312, -0.004017068870369163], "test_MAPE": [-16885516336339.818, -19635069860872.504, -16112057024670.14, -16672972743713.77, -19895598366259.367, -17386043964950.77, -16925907017129.5, -16773909298235.146, -16592836589812.357, -16960843395452.393, -15169535166160.96, -16178295526999.053, -16499028905373.568, -17573955412334.492, -16394928407533.219], "test_R2": [0.9986235859814856, 0.9987467150665708, 0.9985776703352889, 0.9985516590118887, 0.998613589526215, 0.9983117403723119, 0.9988337265839438, 0.9986158256457905, 0.9983501004330795, 0.9985321079513331, 0.9987212069354369, 0.9985604987441917, 0.9987566885370939, 0.9985830453421192, 0.9984970552776714]}