{"fit_time": [0.17478203773498535, 0.19143295288085938, 0.18114876747131348, 0.18135809898376465, 0.15570449829101562, 0.15915322303771973, 0.18696045875549316, 0.18395185470581055, 0.15328478813171387, 0.16156339645385742, 0.17606759071350098, 0.1720900535583496, 0.15195846557617188, 0.15769577026367188, 0.14914226531982422], "score_time": [0.004414796829223633, 0.005082368850708008, 0.005063772201538086, 0.004629850387573242, 0.0046274662017822266, 0.004319906234741211, 0.004282474517822266, 0.004708766937255859, 0.004237651824951172, 0.004257917404174805, 0.0043277740478515625, 0.0045566558837890625, 0.0042574405670166016, 0.00420069694519043, 0.004432201385498047], "test_MSE": [-0.003279588789109056, -0.0030863503801147434, -0.003317367101923632, -0.003665178531062247, -0.0031316805386618313, -0.0028085893251587357, -0.003957517579757229, -0.0039304851303481065, -0.0030823285317906793, -0.002836995939430375, -0.003339303880869911, -0.003448065394814572, -0.0033389636450488888, -0.003095935112840456, -0.003213908169627322], "test_MAPE": [-0.08101646886135971, -0.11033099598036031, -0.13504434067431612, -0.05329970798093408, -0.08408467850292865, -0.06385905465970976, -0.08112457850576606, -0.08246530644723639, -0.11190663226476237, -0.08370152212176653, -0.07956184086905899, -0.11953587064034747, -0.20379416411426443, -0.08706501493567438, -0.0830718192354148], "test_R2": [0.9989306124842133, 0.9989599215301268, 0.998849573185508, 0.9988417731305186, 0.9989452411790096, 0.9988027832996448, 0.9989276068740773, 0.998767103734283, 0.9987298351759701, 0.998849589722021, 0.9991238885862275, 0.9988011517409313, 0.9988193626285808, 0.9989819916541395, 0.9987975495373704]}