{"fit_time": [0.031009912490844727, 0.02437615394592285, 0.023772239685058594, 0.026457786560058594, 0.033368825912475586, 0.022619009017944336, 0.023583173751831055, 0.022605419158935547, 0.022711753845214844, 0.024161815643310547, 0.03081536293029785, 0.024199962615966797, 0.022893190383911133, 0.020829439163208008, 0.017545223236083984], "score_time": [0.003971099853515625, 0.0034170150756835938, 0.003893136978149414, 0.0041658878326416016, 0.0028228759765625, 0.0028917789459228516, 0.00370025634765625, 0.003277301788330078, 0.0039825439453125, 0.004992008209228516, 0.002824068069458008, 0.0029799938201904297, 0.004788398742675781, 0.0025653839111328125, 0.0022759437561035156], "test_MSE": [-2.571422563559476, -2.5162091384828744, -2.502626254272984, -2.7075197639303994, -2.474757812695797, -1.9820585764841367, -3.12562087131854, -2.7001313794835737, -2.076114121711543, -2.1721989293809445, -3.2356828236844817, -2.4438795333469683, -2.413010181467755, -2.5895977004939073, -2.335976361692673], "test_MAPE": [-675343294418745.2, -692451717688430.2, -693070624228191.9, -669815260718649.8, -677911291712229.8, -660629499499022.5, -671307648377763.2, -663330763324041.1, -651979025264588.1, -659169728817148.8, -662271678204447.6, -669180275264331.9, -700460349047278.8, -690958479342897.5, -717553914394666.4], "test_R2": [0.16152683640873167, 0.15205513687106498, 0.1321164462329818, 0.1444012580398898, 0.16649460232902258, 0.15510836433338815, 0.15303109358564693, 0.15303536731210898, 0.14447564532078838, 0.11916688372962259, 0.15107496822382005, 0.15029432784750396, 0.14677417884431398, 0.14848600650893262, 0.1260186325937156]}