{"fit_time": [0.47905588150024414, 0.5523483753204346, 0.6085357666015625, 0.5560452938079834, 0.4480156898498535, 0.5238335132598877, 0.7639234066009521, 0.5384654998779297, 0.44452762603759766, 0.8304972648620605, 0.6638972759246826, 0.6586928367614746, 0.44690632820129395, 0.42281413078308105, 0.4216194152832031], "score_time": [0.029429912567138672, 0.029105186462402344, 0.034410953521728516, 0.030009031295776367, 0.029580354690551758, 0.05611586570739746, 0.06055140495300293, 0.04086184501647949, 0.028894662857055664, 0.03064441680908203, 0.03021979331970215, 0.030045747756958008, 0.028595685958862305, 0.028403520584106445, 0.02708911895751953], "test_MSE": [-0.0037809063900405854, -0.0037125837925151574, -0.0033962554292250634, -0.0036327801351203736, -0.0035066566622192078, -0.003673253690702171, -0.003645183625391742, -0.003881322510344569, -0.004310305143407581, -0.003247711691243433, -0.004618460492745893, -0.0035423488481981778, -0.003468296251976802, -0.004229727661663947, -0.0035253621139675587], "test_MAPE": [-13537171741311.898, -14257945986179.314, -13625220276412.504, -11094932451831.926, -15504815459492.871, -14326854524921.6, -14407872068873.295, -13729989247158.785, -16166525454791.762, -13944181237581.451, -12813673215770.197, -15460736847878.586, -14071269559598.021, -14147296995146.557, -14193225790095.566], "test_R2": [0.9987671460198625, 0.9987488852545472, 0.9988222155719881, 0.9988520112928319, 0.998818948165051, 0.9984342030272078, 0.9990122419461657, 0.9987825248359041, 0.9982238110189992, 0.9986830432650287, 0.9987882845958008, 0.9987683705894723, 0.9987736314001775, 0.9986091769034718, 0.9986810222691059]}