{"fit_time": [0.7789080142974854, 0.5568315982818604, 0.732306718826294, 0.6519653797149658, 0.49207186698913574], "score_time": [0.08599710464477539, 0.08045291900634766, 0.07629036903381348, 0.09172439575195312, 0.07021856307983398], "test_MSE": [-0.005963489821123501, -0.005485807492878671, -0.005515028907864014, -0.004734842318641695, -0.004780933347190244], "test_MAPE": [-21096072332391.684, -17443841600263.742, -17535740072528.885, -18324214636234.746, -19709266788704.613], "test_R2": [0.9979771565399448, 0.9982183668147268, 0.9981458509473157, 0.9984367822296536, 0.9981594046276586]}