{"fit_time": [131.28198146820068, 130.16415143013, 132.7952036857605, 130.1404252052307, 93.337406873703], "score_time": [49.397196769714355, 48.493340253829956, 47.68987035751343, 47.998995304107666, 1.7471871376037598], "test_MSE": [-0.0008672905387043163, -0.0012172375435696183, -0.0007655631651620678, -0.0009423794085254314, -0.0005804945708061316], "test_MAPE": [-963133048.9874054, -2238863968.7284355, -2096638794.8641164, -2473353764.178414, -3141913676.3950243], "test_R2": [0.9997058110189152, 0.9996046761019596, 0.999742618172784, 0.9996888715317899, 0.9997765173569461]}