{"fit_time": [0.8549787998199463, 0.8866734504699707, 0.810880184173584, 0.6937415599822998, 0.5647375583648682], "score_time": [0.10425043106079102, 0.1166837215423584, 0.11087775230407715, 0.1014246940612793, 0.09019327163696289], "test_MSE": [-0.007559032628563794, -0.006796485866170837, -0.007572840598427254, -0.007533435566320776, -0.007038778204150007], "test_MAPE": [-15040935827458.105, -14959809038714.4, -16686706570146.574, -16633874605718.062, -17213933756536.8], "test_R2": [0.9974359410050685, 0.9977926960109101, 0.9974540160248876, 0.9975128210072239, 0.9972901645664837]}