{"fit_time": [0.3658733367919922, 0.38047337532043457, 0.32837581634521484, 0.3804898262023926, 0.29616332054138184], "score_time": [0.012523174285888672, 0.010775566101074219, 0.008517742156982422, 0.00824284553527832, 0.009190559387207031], "test_MSE": [-0.003921665433185382, -0.004422359936940484, -0.00412589917150807, -0.004021644206434879, -0.003534544392874192], "test_MAPE": [-0.20270322008260397, -0.11213750834840151, -0.10834491353099422, -0.08230964654732115, -0.19688048105442885], "test_R2": [0.9986697528608259, 0.9985637441286257, 0.9986128754412484, 0.9986722460292377, 0.9986392476990539]}