{"fit_time": [22.807994842529297, 25.794262409210205, 25.10739278793335, 23.987600803375244, 18.905423164367676], "score_time": [0.5036671161651611, 0.39092111587524414, 0.4342842102050781, 0.4164011478424072, 0.35707807540893555], "test_MSE": [-0.0009042304947836081, -0.0012154159958692923, -0.0008988582009379948, -0.0010576006183331836, -0.0006120654624050488], "test_MAPE": [-687933893.5431345, -3394358440.927549, -1313420796.9793613, -1440036752.3746, -4926344158.612722], "test_R2": [0.9996932808141508, 0.9996052676884919, 0.9996978044703646, 0.999650831016273, 0.9997643629860821]}