{"fit_time": [0.9720969200134277, 0.702038049697876, 0.9923670291900635, 1.0931010246276855, 0.6398181915283203], "score_time": [0.2039024829864502, 0.11282873153686523, 0.2825191020965576, 0.1553938388824463, 0.10306429862976074], "test_MSE": [-0.015881298877268628, -0.01935495419952526, -0.018402723096012076, -0.017751809864309662, -0.018258305560113697], "test_MAPE": [-25568898984366.91, -25620877985547.426, -24907026787477.168, -24568352881865.684, -23552420222581.4], "test_R2": [0.9946129896193883, 0.9937140651132798, 0.9938130167284112, 0.9941392040604087, 0.9929707966457031]}