{"fit_time": [0.03773021697998047, 0.04198765754699707, 0.04057168960571289, 0.04011893272399902, 0.031213998794555664], "score_time": [0.006085872650146484, 0.004654407501220703, 0.0045931339263916016, 0.004298686981201172, 0.0062983036041259766], "test_MSE": [-2.3403871808592136, -2.479223809030294, -2.338160856852766, -2.4075417846160767, -2.116686377210976], "test_MAPE": [-538984847149931.0, -546921217753519.7, -518621343085051.1, -529416582161614.44, -566039553526700.0], "test_R2": [0.20612979231913786, 0.19481910044751183, 0.21391187422872115, 0.20514520921931778, 0.1851040649035216]}