{"fit_time": [61.58800196647644, 61.970964431762695, 57.91433334350586, 60.37744736671448, 47.09039878845215], "score_time": [1.1847419738769531, 1.0762910842895508, 1.3773410320281982, 1.309542179107666, 0.8771600723266602], "test_MSE": [-0.0008547447868557202, -0.0012288254790677041, -0.000763041199648, -0.0009921396169584086, -0.0005908341851192124], "test_MAPE": [-835305948.890073, -807198312.8691314, -1676293711.7902539, -3103224345.0948424, -4955598762.209632], "test_R2": [0.9997100665962432, 0.9996009126723352, 0.9997434660559134, 0.999672443098308, 0.999772536743774]}