{"fit_time": [1.0383813381195068, 1.0443940162658691, 0.8919320106506348, 1.019425392150879, 0.8713757991790771, 0.9544343948364258, 0.9942693710327148, 0.8927712440490723, 0.8635470867156982, 0.8970675468444824, 0.9361851215362549, 1.0160329341888428, 0.8502190113067627, 0.8439953327178955, 0.8252263069152832], "score_time": [0.04412102699279785, 0.04078841209411621, 0.04015541076660156, 0.04169464111328125, 0.03911924362182617, 0.054054975509643555, 0.04789376258850098, 0.04417014122009277, 0.03974604606628418, 0.04127931594848633, 0.0426936149597168, 0.0480191707611084, 0.04099297523498535, 0.03677177429199219, 0.03518819808959961], "test_MSE": [-0.007250625256363461, -0.006482651718715465, -0.0064950219768098935, -0.007387329844191822, -0.005889296027123251, -0.007220664444280892, -0.006545529255645733, -0.006522856381403564, -0.00733616628517638, -0.005950828713003912, -0.006902815791083329, -0.00773234182031875, -0.006229376324970766, -0.006597365580603137, -0.006146521894832315], "test_MAPE": [-15849425934831.986, -14532454729591.176, -14612934461906.674, -12703194662291.908, -14305191785442.502, -14557185425182.355, -15583751037459.031, -15272174142479.033, -16091456115073.047, -14128809253480.047, -14545463346909.453, -15384191993608.383, -14157063068729.527, -13609690028246.846, -16245529133650.264], "test_R2": [0.9977691097979103, 0.9977942389672976, 0.9973307294093492, 0.9980503748495722, 0.998044486158797, 0.9978416301557628, 0.9973630976699424, 0.9975014296026669, 0.9973097104178337, 0.997660914912217, 0.9980666274470636, 0.9976521567205276, 0.9975283249127818, 0.9972208078338946, 0.9979919586545107]}