{"fit_time": [0.9721424579620361, 1.03963041305542, 1.0438222885131836, 1.107191562652588, 1.081390380859375, 1.1061043739318848, 0.9256908893585205, 1.0319936275482178, 0.9351119995117188, 1.060450792312622, 1.020254373550415, 1.087294340133667, 0.9071657657623291, 0.9375288486480713, 0.899303674697876], "score_time": [0.044216156005859375, 0.04943990707397461, 0.05930590629577637, 0.0492863655090332, 0.04702115058898926, 0.04532432556152344, 0.04479622840881348, 0.04971885681152344, 0.04526686668395996, 0.04754972457885742, 0.053812503814697266, 0.04983019828796387, 0.044126272201538086, 0.04353976249694824, 0.042446136474609375], "test_MSE": [-0.015519305691169077, -0.014814349859463177, -0.013783664177571273, -0.015218863985513094, -0.01394189055707573, -0.014807236937372154, -0.012867883724992217, -0.013126163339707293, -0.014269218310063735, -0.012322767260717508, -0.01555128947742685, -0.016661927961038058, -0.01427729799590189, -0.012966193141152993, -0.01222923446738359], "test_MAPE": [-15897427275755.309, -17348003025413.973, -17345506545209.957, -14120714437611.145, -15895347586886.604, -15108716643680.582, -17756473845520.426, -15598587795473.05, -15908384065756.174, -16825424306014.139, -15857601729601.46, -18145639771760.297, -14729189805535.307, -15551659502363.004, -15096883299939.725], "test_R2": [0.9952249818759731, 0.9949593288267382, 0.9943353033212262, 0.9959835176426532, 0.9953706589325219, 0.995573884657192, 0.9948161025255405, 0.9949720427319765, 0.9947672492862123, 0.9951563046879877, 0.9956443229620493, 0.9949407829483717, 0.9943350923225165, 0.9945378891071233, 0.9960047635306019]}