{"fit_time": [0.8125011920928955, 0.8619134426116943, 0.921947717666626, 0.9618129730224609, 0.7995040416717529, 0.7994513511657715, 0.9414949417114258, 0.9334762096405029, 0.7771155834197998, 0.807288646697998, 0.8575899600982666, 0.9642016887664795, 0.768707275390625, 0.787604570388794, 0.765955924987793], "score_time": [0.03459930419921875, 0.0359952449798584, 0.039484500885009766, 0.040845632553100586, 0.03611111640930176, 0.034090280532836914, 0.03960132598876953, 0.04339003562927246, 0.0344548225402832, 0.03427863121032715, 0.03756070137023926, 0.039635658264160156, 0.0337374210357666, 0.03332042694091797, 0.032315969467163086], "test_MSE": [-0.004608930726346259, -0.0038411750350723127, -0.0036648096595836323, -0.00450223465699483, -0.0038703751921035203, -0.004080191307487054, -0.0037550484682221043, -0.004109771922086047, -0.004335366092986355, -0.0036969555999101017, -0.004286309905390954, -0.004691140066990483, -0.0035783974455120913, -0.0038066397821256235, -0.0033822724427069605], "test_MAPE": [-13029019469936.48, -13570014992510.488, -12839293257507.418, -12661083696473.438, -13020358108118.207, -13413557794701.74, -14524399612148.857, -15870874642842.457, -13400407105738.582, -13326972410901.297, -13086694574511.027, -14079906679898.537, -14524088312422.324, -13395452956207.354, -14662480434051.064], "test_R2": [0.9985819128646193, 0.9986930172127416, 0.9984938667367736, 0.9988117939626986, 0.9987148595988469, 0.9987803668284607, 0.9984872581469568, 0.9984257580017261, 0.9984101518720472, 0.9985468421070415, 0.9987994705095322, 0.998575585257961, 0.9985801731414454, 0.9983964230369811, 0.998895026647123]}