{"fit_time": [0.14088940620422363, 0.13492965698242188, 0.10276341438293457, 0.12821125984191895, 0.10015583038330078, 0.13178634643554688, 0.12140297889709473, 0.10252046585083008, 0.10240483283996582, 0.10165834426879883, 0.13181304931640625, 0.12220549583435059, 0.10249924659729004, 0.0799093246459961, 0.06012463569641113], "score_time": [0.003595113754272461, 0.0034825801849365234, 0.0077135562896728516, 0.006963968276977539, 0.005461692810058594, 0.008877754211425781, 0.006419181823730469, 0.004696369171142578, 0.0037543773651123047, 0.004830837249755859, 0.0043065547943115234, 0.005178928375244141, 0.004273653030395508, 0.003701448440551758, 0.002783536911010742], "test_MSE": [-1.458912236395728, -1.3466698035445508, -1.1760871106351733, -1.6667474808854976, -1.3357449842151803, -1.4976116242303488, -1.2616719140819903, -1.2472283651687401, -1.2626329226291837, -1.2453171467527748, -1.5065674223035381, -1.5247524523893408, -1.2939521972556516, -1.2567801359038788, -1.4117762086973293], "test_MAPE": [-846990396665706.1, -833525971826046.9, -837914430232145.8, -821042449916703.8, -842241418129861.0, -840687426135961.2, -940949961757524.4, -840961802290404.1, -848570020263005.0, -837786720747388.2, -864751422510189.9, -829692221284872.0, -838029249124219.5, -858560484557031.8, -891201635262308.8], "test_R2": [0.5511182968630896, 0.5417875422799641, 0.5166614142845727, 0.5601207910458195, 0.556471980195895, 0.5523403984410055, 0.4917285554653251, 0.5222510370135985, 0.5369723005443141, 0.5105046863196361, 0.5780336327108327, 0.5370251495097951, 0.48658914742591586, 0.4705714780320399, 0.5387789962928888]}