{"fit_time": [0.7448647022247314, 0.7387392520904541, 0.7092959880828857, 0.8190836906433105, 0.6666426658630371, 0.6704378128051758, 0.6870253086090088, 0.7639591693878174, 0.6525466442108154, 0.7248680591583252, 0.7166399955749512, 0.7831261157989502, 0.6396634578704834, 0.6686453819274902, 0.6511330604553223], "score_time": [0.007339000701904297, 0.006505727767944336, 0.0049571990966796875, 0.0061588287353515625, 0.005625247955322266, 0.004911661148071289, 0.00678253173828125, 0.019794464111328125, 0.004912614822387695, 0.005944252014160156, 0.005997657775878906, 0.004846096038818359, 0.004886150360107422, 0.004822254180908203, 0.004868507385253906], "test_MSE": [-0.002745407132928327, -0.002769092660195529, -0.0025272419605475993, -0.003155517419929685, -0.0025620009814665834, -0.0033654444687683804, -0.0038513493622733164, -0.002343586267600003, -0.002282923246221324, -0.0025640342321594277, -0.0034617157694224903, -0.0031799296423308853, -0.002554566912796267, -0.0023280011935533965, -0.0023975686697793406], "test_MAPE": [-0.12926621091818857, -195185709626.4178, -212327532205.7295, -0.08631974765463118, -0.12522392705393962, -0.3543120436947033, -0.16824488553267009, -0.0736171662903756, -0.17098143723774398, -17685757268.36224, -0.28002574589617507, -0.15967290538058962, -175992723828.98013, -0.17271365177413434, -163090192260.86618], "test_R2": [0.999155286384685, 0.9990577996550134, 0.9989613749322429, 0.999167212476732, 0.9991492992783246, 0.9989940158679443, 0.9984484628040605, 0.9991022927795075, 0.9991628155105201, 0.9989921581469984, 0.9990304266465703, 0.999034448215892, 0.9989864058506659, 0.9990193111779602, 0.9992167249869207]}