{"fit_time": [0.6064660549163818, 0.5515201091766357, 0.6483194828033447, 0.5518553256988525, 0.525022029876709, 0.5458381175994873, 0.5626089572906494, 0.6021106243133545, 0.5291717052459717, 0.55588698387146, 0.6915922164916992, 0.5663018226623535, 0.5156118869781494, 0.5264148712158203, 0.5007016658782959], "score_time": [0.03723406791687012, 0.03894162178039551, 0.04406332969665527, 0.04316139221191406, 0.035881996154785156, 0.03742504119873047, 0.04025435447692871, 0.041123151779174805, 0.03607988357543945, 0.03599858283996582, 0.04084324836730957, 0.046050310134887695, 0.035112619400024414, 0.032268524169921875, 0.033303022384643555], "test_MSE": [-0.018185060145773615, -0.018229198750423486, -0.018514176077449963, -0.018362043360678565, -0.017143793231896326, -0.019392188210823755, -0.018717761450644473, -0.01838804987740855, -0.01660430785168, -0.016288509200379737, -0.021265353198286367, -0.01918874096549932, -0.0190761998416715, -0.01797304455545158, -0.01725678834615297], "test_MAPE": [-27427557336430.16, -27891733168924.555, -27392104976292.42, -26768070614619.8, -27186434094393.406, -26103130821474.13, -29238680705663.824, -28774453600993.08, -25587992471441.766, -24905484056872.25, -24521588898584.824, -29352145922992.46, -27261862398086.5, -26319687736365.12, -28827582011675.71], "test_R2": [0.9944047759925239, 0.9937974060607039, 0.9923911965363449, 0.9951539863111198, 0.994307481776889, 0.994203370815664, 0.9924594472265028, 0.9929564849504641, 0.9939109345813603, 0.9935974952716136, 0.9940439015835867, 0.9941735430786316, 0.992430997029598, 0.9924287135494758, 0.9943622840555459]}