{"fit_time": [0.6628954410552979, 0.6064133644104004, 0.6233079433441162, 0.5009362697601318, 0.48578333854675293, 0.6169791221618652, 0.6121351718902588, 0.5790388584136963, 0.4935922622680664, 0.5717129707336426, 0.5301873683929443, 0.5020544528961182, 0.5203723907470703, 0.4608643054962158, 0.4900786876678467], "score_time": [0.04568910598754883, 0.03221297264099121, 0.03149127960205078, 0.05456113815307617, 0.03276705741882324, 0.04302859306335449, 0.05458807945251465, 0.032446861267089844, 0.03363347053527832, 0.03629326820373535, 0.03400707244873047, 0.035889387130737305, 0.031105518341064453, 0.027907848358154297, 0.029199600219726562], "test_MSE": [-0.006659274993245821, -0.006581483058594919, -0.006137306206493082, -0.006617302810367742, -0.005861251001254751, -0.006162995566261585, -0.006643908590717094, -0.006145588977888006, -0.005807382326536116, -0.005685711847590329, -0.007507053862954715, -0.007120749465578776, -0.006293892842397322, -0.006043727131964211, -0.005994525356311201], "test_MAPE": [-20848938142159.645, -17767291422674.805, -21836345407524.223, -20238603881859.633, -19255120478953.395, -18428082299865.125, -22477456797260.516, -20301446264492.863, -18820898704372.195, -18753931457053.58, -20427843159911.438, -19428733004608.45, -18720632637625.43, -20809927593274.824, -19557570828755.504], "test_R2": [0.9979510579005012, 0.9977606110126002, 0.9974777404878226, 0.9982535963251683, 0.9980537983815161, 0.9981577839708473, 0.9973234650156914, 0.997645941318269, 0.9978703399615809, 0.9977651240797659, 0.9978973896549869, 0.997837860228368, 0.9975027262235201, 0.9974540323870156, 0.9980416152471242]}