{"fit_time": [0.04918503761291504, 0.03349637985229492, 0.024530887603759766, 0.028406858444213867, 0.0252532958984375, 0.027063846588134766, 0.02710413932800293, 0.02501225471496582, 0.025983333587646484, 0.030277252197265625, 0.035782814025878906, 0.028319835662841797, 0.024663686752319336, 0.024721622467041016, 0.019999027252197266], "score_time": [0.004061698913574219, 0.003116607666015625, 0.003855466842651367, 0.004437923431396484, 0.0036725997924804688, 0.0040357112884521484, 0.0032265186309814453, 0.003414154052734375, 0.0038061141967773438, 0.003704071044921875, 0.006911277770996094, 0.00304412841796875, 0.002866983413696289, 0.002640247344970703, 0.002410888671875], "test_MSE": [-2.759442165712519, -2.477378551447557, -2.0669759445556113, -3.1960665140855453, -2.5498981237591276, -2.843561353510132, -2.151226958119182, -2.2460469618668353, -2.326049840518659, -2.1792247532284885, -2.962446408297136, -2.809808064085206, -2.180978537292477, -2.0987706139090285, -2.615884416615688], "test_MAPE": [-662538137891247.2, -663571701612014.6, -653096884296353.2, -654986634210214.1, -655220134435850.0, -667814822413470.1, -724281971661636.6, -668537311795014.4, -651488048834747.9, -662015375350317.0, -697238814264786.9, -651407182445127.5, -661731177172485.2, -674507000846104.9, -724053485792662.8], "test_R2": [0.15096805129760082, 0.15705712582710807, 0.15053126531608785, 0.15651097355552168, 0.15331797693585858, 0.15001491579962, 0.1333664312241195, 0.13965506492833557, 0.14700029820866167, 0.14341474624105377, 0.17026431695525723, 0.14683169301514443, 0.13463723570935127, 0.11587636347187769, 0.1454022041308245]}