{"fit_time": [0.6110513210296631, 0.45519304275512695, 0.5407857894897461, 0.5114560127258301, 0.45165061950683594, 0.5162198543548584, 0.5397553443908691, 0.5524721145629883, 0.4903075695037842, 0.5148513317108154, 0.49371886253356934, 0.4446864128112793, 0.4786241054534912, 0.438218355178833, 0.4272332191467285], "score_time": [0.04104447364807129, 0.028695106506347656, 0.02872467041015625, 0.03268599510192871, 0.02849602699279785, 0.03198957443237305, 0.03018951416015625, 0.0283811092376709, 0.03051590919494629, 0.03268098831176758, 0.03079819679260254, 0.02875351905822754, 0.02893686294555664, 0.026093006134033203, 0.02652144432067871], "test_MSE": [-0.0047144420263931, -0.004042985905344504, -0.0035254417945992295, -0.004497454696658315, -0.0038662697333818447, -0.0036753308015794084, -0.0032502179060417227, -0.0038880008447628937, -0.0033330675280356, -0.003332944564358074, -0.004360116406235636, -0.004406444553182242, -0.003651259002001095, -0.003523241389932489, -0.0033646455010039123], "test_MAPE": [-15370478095142.44, -15397382026546.02, -14849853997872.445, -12682401639404.975, -13852062695890.027, -14168641158911.168, -15553128726618.44, -15321122960210.395, -13492091774768.668, -11941766139466.373, -14626884744475.992, -13830644061836.852, -14329292633252.611, -13857245388527.15, -15978077789874.965], "test_R2": [0.998549448888457, 0.9986243498567063, 0.9985511429930531, 0.9988130554646333, 0.99871622279766, 0.9989013859831128, 0.9986906319053965, 0.9985107070817585, 0.9987777107962438, 0.9986899234871504, 0.9987787984436275, 0.9986620300200166, 0.9985512633301585, 0.9985158068397805, 0.9989007852905217]}