{"fit_time": [0.21124029159545898, 0.18761181831359863, 0.17046570777893066, 0.1754467487335205, 0.1575794219970703, 0.16857504844665527, 0.17618513107299805, 0.1637117862701416, 0.1563408374786377, 0.18199586868286133, 0.18462324142456055, 0.2278459072113037, 0.21616101264953613, 0.1858229637145996, 0.16706418991088867], "score_time": [0.005366802215576172, 0.008525371551513672, 0.004566192626953125, 0.005301713943481445, 0.004576444625854492, 0.007007122039794922, 0.0052530765533447266, 0.007720470428466797, 0.005210399627685547, 0.014987468719482422, 0.005673885345458984, 0.018032312393188477, 0.004252195358276367, 0.0039637088775634766, 0.004755258560180664], "test_MSE": [-0.003009306863741824, -0.0037864870263027896, -0.002782708590669451, -0.004556993239965977, -0.0035417632810015955, -0.0034018032615311944, -0.00265765736593626, -0.0031182387782511985, -0.002882293787247753, -0.0027000125542490094, -0.003973348546191736, -0.003458902549524098, -0.0026980073246619793, -0.002663451622588502, -0.003288267719220751], "test_MAPE": [-0.07005071429795864, -0.13775198021486235, -0.06426652516759453, -0.07423953785536173, -0.07786509449956512, -0.31804925170311976, -0.09186956572126953, -0.08771223919063936, -0.07718577575119613, -0.06912187001107954, -0.09950850229457985, -0.09594322121536002, -0.11016296949094583, -0.07506908796620088, -0.060964070824616065], "test_R2": [0.9990740890668001, 0.9987116251349213, 0.9988563853625214, 0.9987973423661388, 0.9988239736827007, 0.9989831476545719, 0.9989293481662025, 0.9988055632919702, 0.9989430167410132, 0.9989387093114157, 0.9988871261735855, 0.9989497410624153, 0.9989294919520646, 0.9988780000450389, 0.9989257375718804]}