{"fit_time": [0.7976689338684082, 0.8941864967346191, 0.8203742504119873, 0.7602105140686035, 0.7856476306915283, 0.749108076095581, 0.8096685409545898, 0.848142147064209, 0.7390005588531494, 0.7792313098907471, 0.800208568572998, 0.8632774353027344, 0.7245292663574219, 0.7199544906616211, 0.732231616973877], "score_time": [0.03162717819213867, 0.036576271057128906, 0.03595161437988281, 0.030613422393798828, 0.039026737213134766, 0.031516075134277344, 0.032262563705444336, 0.03796243667602539, 0.031248807907104492, 0.031975507736206055, 0.03531908988952637, 0.03573465347290039, 0.03252363204956055, 0.029041290283203125, 0.028143882751464844], "test_MSE": [-0.0033889508159513615, -0.003712948277617221, -0.004428294411577622, -0.0035827671886158865, -0.004102168546698455, -0.003126192988953944, -0.003973032562110813, -0.003739930935210338, -0.003745055717191572, -0.004453640364041569, -0.004538950300359036, -0.003750188299178907, -0.004334187947315561, -0.003807924936531895, -0.0037660983946173903], "test_MAPE": [-16123558865379.893, -14808658381579.193, -14496142446400.986, -16119157523339.676, -16430638832496.383, -18443306027124.8, -17886623148127.355, -15001782743194.094, -17072902675660.398, -17599570486008.508, -17285647654269.059, -15164132248546.184, -16387347122393.047, -16536792819166.93, -15823295408650.523], "test_R2": [0.9987346108921573, 0.9988186575171597, 0.9984308045145879, 0.9989252628921756, 0.9985693201476342, 0.9987712848283966, 0.998815640622607, 0.9987260597559062, 0.9987049905342351, 0.998580088550874, 0.9982983514894467, 0.9986673098107083, 0.9985067629323521, 0.9987160835213076, 0.9987957568379616]}