{"fit_time": [0.9148964881896973, 0.9003500938415527, 0.7522938251495361, 0.8198146820068359, 0.7272140979766846, 0.7543590068817139, 0.7121236324310303, 0.8723325729370117, 0.764333963394165, 0.7363672256469727, 0.7257325649261475, 0.8513715267181396, 0.7247703075408936, 0.7285890579223633, 0.6897790431976318], "score_time": [0.03632831573486328, 0.030282020568847656, 0.02941608428955078, 0.029915332794189453, 0.029987096786499023, 0.03070521354675293, 0.032535552978515625, 0.03661990165710449, 0.030910968780517578, 0.029931306838989258, 0.030873775482177734, 0.0348360538482666, 0.030894994735717773, 0.028180837631225586, 0.02742600440979004], "test_MSE": [-0.005959292406466491, -0.005009483539201422, -0.005296169493703637, -0.005062153282480853, -0.00528129287564956, -0.0055011379221485265, -0.005691739860463586, -0.005881375313129176, -0.00669292478169523, -0.005780007654737303, -0.005705148838099969, -0.0054390103572265714, -0.005962916469492562, -0.005676239090669839, -0.005478345128314247], "test_MAPE": [-26709574969440.8, -25791009413452.82, -25025908893292.82, -23729656516613.47, -24028602137787.89, -27917304914532.59, -26431557021871.242, -22097474232785.887, -26035201146154.617, -26784858578550.902, -25031361715145.312, -23630906209875.246, -24163532999757.434, -27382222313889.223, -25306541905372.08], "test_R2": [0.9977748795685972, 0.9984061410826478, 0.9981232672250135, 0.9984814854854471, 0.9981580865764972, 0.9978378392984981, 0.9983032946818235, 0.9979966152231651, 0.997685641656502, 0.9981572155867678, 0.9978611446743382, 0.9980671595225982, 0.997945624875578, 0.9980861448093179, 0.9982482508504059]}