{"fit_time": [0.9112465381622314, 0.7889671325683594, 0.8221733570098877, 0.7374088764190674, 0.7127978801727295, 0.7639479637145996, 0.7443511486053467, 0.8177022933959961, 0.724550724029541, 0.7741477489471436, 0.7842559814453125, 0.8271584510803223, 0.6903390884399414, 0.7036654949188232, 0.7223408222198486], "score_time": [0.03431129455566406, 0.030565261840820312, 0.03136110305786133, 0.030312776565551758, 0.030203580856323242, 0.0304110050201416, 0.0335695743560791, 0.032535552978515625, 0.030501604080200195, 0.029181957244873047, 0.032763004302978516, 0.034479618072509766, 0.029249191284179688, 0.02752995491027832, 0.02808856964111328], "test_MSE": [-0.005751353005956192, -0.006413597515928607, -0.0060850972957554724, -0.006213305502328403, -0.004695690182055007, -0.005081700535516308, -0.005267148318722115, -0.005690285617531745, -0.004907524843586987, -0.005379218681377962, -0.004962623521696343, -0.006165480271154025, -0.0062010331961224446, -0.006459638620354301, -0.005798778302454873], "test_MAPE": [-22935505072174.844, -21563292030181.56, -27512959310921.99, -24297589165124.0, -28087380249985.754, -25124955492623.652, -23822859968816.77, -25542725574168.035, -25843261840702.363, -26902330531138.777, -27601455214066.508, -24312769854548.83, -23077675222790.668, -24796267661581.54, -25427367453498.06], "test_R2": [0.9978525213718534, 0.9979593965100242, 0.9978437054275732, 0.9981361697162965, 0.9983623224497139, 0.9980026944697283, 0.9984298652462884, 0.9980617064929426, 0.998303018271064, 0.9982849952917819, 0.9981395167681252, 0.9978089966651974, 0.9978635876573141, 0.9978220063133323, 0.9981457895181687]}