{"fit_time": [0.9991238117218018, 0.8087587356567383, 0.8542766571044922, 0.8915929794311523, 0.7828829288482666, 0.8418533802032471, 0.8004550933837891, 0.9228284358978271, 0.7819998264312744, 1.0541377067565918, 0.9379777908325195, 0.9287099838256836, 0.7603590488433838, 0.7776954174041748, 0.7498319149017334], "score_time": [0.03870511054992676, 0.0352015495300293, 0.0367274284362793, 0.03536486625671387, 0.035523176193237305, 0.03583168983459473, 0.03496098518371582, 0.04303264617919922, 0.034313201904296875, 0.03820085525512695, 0.03999733924865723, 0.03824114799499512, 0.034012794494628906, 0.03286266326904297, 0.03138923645019531], "test_MSE": [-0.0036057339160541486, -0.004154303497208912, -0.0038696654182068975, -0.003923070188526332, -0.003929498714813584, -0.003704934311471466, -0.004525202434172882, -0.0037191398695177636, -0.003899740609687102, -0.0037969384827479355, -0.00472450331505165, -0.0040095367782035695, -0.0038997091235545137, -0.004392557129902381, -0.0038822790698421006], "test_MAPE": [-14713210965773.064, -13503261174289.957, -15415513032340.186, -15681827082212.31, -12699908002209.48, -16405542461143.387, -13722902722983.73, -13919859027627.412, -15481020674177.61, -14498729737727.402, -14961210258332.584, -13168147138838.615, -13743685610482.525, -15565746088995.576, -13267436449159.275], "test_R2": [0.9986536669692347, 0.9986782322723293, 0.998628758402235, 0.9988231808302795, 0.9986295407960003, 0.9985438170278085, 0.9986510390101946, 0.9987331418586943, 0.9986515017706173, 0.9987894585142505, 0.9982287878260033, 0.9985751461255729, 0.9986564518458543, 0.9985189633260428, 0.9987586070428579]}