{"fit_time": [0.8462810516357422, 0.8247523307800293, 0.7904062271118164, 0.6766798496246338, 0.650341272354126, 0.7107579708099365, 0.6772050857543945, 0.7448108196258545, 0.6473534107208252, 0.6569879055023193, 0.7047696113586426, 0.7232575416564941, 0.6344168186187744, 0.630669116973877, 0.6445393562316895], "score_time": [0.0071904659271240234, 0.006283283233642578, 0.004885196685791016, 0.00579833984375, 0.00472712516784668, 0.008024215698242188, 0.0048065185546875, 0.0055997371673583984, 0.006468296051025391, 0.004748344421386719, 0.007934331893920898, 0.00639796257019043, 0.004944324493408203, 0.005206584930419922, 0.004935026168823242], "test_MSE": [-0.00250104618825052, -0.002679913009303951, -0.002694521631365541, -0.0029382391748204607, -0.0023091650495223478, -0.0047334694948393385, -0.003734942081824312, -0.0027685215000548937, -0.0024683711433843383, -0.002483354417641321, -0.0022357927333244076, -0.0026283938963845704, -0.00377981568866077, -0.002733815264668518, -0.0033356768669867416], "test_MAPE": [-0.07772840168148044, -0.09758647637625295, -233189133109.00137, -0.1522429209966408, -0.1533456227508569, -62165528973.028984, -0.20830516859865641, -0.09771055190906995, -0.13779946550227157, -0.22892411655238082, -0.12540018152175256, -0.099849845132106, -0.09986048615476503, -0.10357541290749839, -0.13060944504915242], "test_R2": [0.9990661426569168, 0.9991473366038272, 0.9990451783945915, 0.9991186045571488, 0.9991946513473227, 0.9981395627834937, 0.9988866152971376, 0.9990569529179393, 0.9991464575597554, 0.9992082559251266, 0.9991618032534381, 0.999065957632028, 0.9986977581582078, 0.9990782406359077, 0.998933387915839]}