{"fit_time": [0.14596271514892578, 0.11487054824829102, 0.11239862442016602, 0.1484236717224121, 0.1048271656036377, 0.10061287879943848, 0.13299870491027832, 0.1067197322845459, 0.10943818092346191, 0.1085197925567627, 0.13549494743347168, 0.12480497360229492, 0.10190677642822266, 0.09814953804016113, 0.05404186248779297], "score_time": [0.005717754364013672, 0.004465341567993164, 0.004235506057739258, 0.0038924217224121094, 0.004601478576660156, 0.005004405975341797, 0.004537343978881836, 0.004903554916381836, 0.0036437511444091797, 0.00556635856628418, 0.00830078125, 0.00444793701171875, 0.0035369396209716797, 0.003346681594848633, 0.002896547317504883], "test_MSE": [-1.379794954472996, -1.4645216810053894, -1.276219196939712, -1.4310533920854458, -1.3795367627959525, -1.3037929381960471, -1.4683316516783593, -1.344139660437343, -1.3517411166996947, -1.4019110985704206, -1.4139894453263755, -1.2612760972965003, -1.3210774466285342, -1.441446777113918, -1.4279773666871396], "test_MAPE": [-844966763952205.9, -845468555912191.8, -828311307279321.1, -817106816022240.4, -882686029808402.5, -914022997630870.2, -854928209080028.5, -848091718833330.0, -825587870547683.1, -828163941753276.4, -903983510169087.2, -833951121103810.1, -819700976369176.0, -935697643352823.4, -814379141817465.8], "test_R2": [0.48480293717206024, 0.5340356101263467, 0.5477632659205688, 0.5707211485471165, 0.5188702195772665, 0.48755877533749414, 0.562290936809172, 0.5421429869219514, 0.5325790392506193, 0.5530421280557684, 0.46989658966141523, 0.5517850980380865, 0.5448554985343322, 0.5139879852830723, 0.5433916485463313]}