{"fit_time": [0.891282320022583, 0.8847610950469971, 0.9501228332519531, 0.8661515712738037, 0.8153336048126221, 0.8401556015014648, 0.899803876876831, 0.9417250156402588, 0.7929987907409668, 0.8322620391845703, 0.8130111694335938, 0.9121603965759277, 0.7702727317810059, 0.7788734436035156, 0.7903833389282227], "score_time": [0.03466320037841797, 0.03563237190246582, 0.04057145118713379, 0.03455519676208496, 0.03552389144897461, 0.0392603874206543, 0.03581118583679199, 0.04120492935180664, 0.03536629676818848, 0.03643083572387695, 0.03550267219543457, 0.038654327392578125, 0.03396177291870117, 0.03244304656982422, 0.03189730644226074], "test_MSE": [-0.0036391257998505643, -0.0034375126170842, -0.003871208981905156, -0.004012579101048743, -0.004411796875831987, -0.003584817756139566, -0.004272360345836384, -0.00319469099918649, -0.004029080703974461, -0.004098234451263448, -0.004431656482737855, -0.0040290544486340125, -0.004252002690277852, -0.004716023652977464, -0.0035487250392023783], "test_MAPE": [-15630691808460.797, -13416072759890.588, -14283679535982.387, -13476059438959.256, -13785369182234.71, -14193397030920.932, -13410933277148.525, -13654542741417.45, -13056414178876.066, -12618431048354.77, -14435089045470.21, -12719690363041.78, -13745899311426.953, -15162191831078.076, -12767791148422.074], "test_R2": [0.9986411988844672, 0.9989062924160993, 0.9986282114302043, 0.9987963304811767, 0.9984613336016963, 0.9985910274957542, 0.9987264111330352, 0.9989117859388816, 0.9986067770297714, 0.9986933992098834, 0.9983385758481343, 0.9985682102050736, 0.9985350778263332, 0.9984099002520055, 0.9988652638846288]}