{"fit_time": [0.11893916130065918, 0.10360074043273926, 0.12471437454223633, 0.09875226020812988, 0.1166234016418457, 0.11160898208618164, 0.1235804557800293, 0.09883785247802734, 0.10692572593688965, 0.09974098205566406, 0.1156764030456543, 0.12004375457763672, 0.0832207202911377, 0.08258509635925293, 0.07763385772705078], "score_time": [0.004561662673950195, 0.005771636962890625, 0.0038018226623535156, 0.005044698715209961, 0.004500389099121094, 0.004277944564819336, 0.008894205093383789, 0.0052907466888427734, 0.007761240005493164, 0.004611968994140625, 0.00470423698425293, 0.009551525115966797, 0.0034799575805664062, 0.003078937530517578, 0.0030639171600341797], "test_MSE": [-1.379794954472996, -1.4645216810053894, -1.276219196939712, -1.4310533920854458, -1.3795367627959525, -1.3037929381960471, -1.4683316516783593, -1.344139660437343, -1.3517411166996947, -1.4019110985704206, -1.4139894453263755, -1.2612760972965003, -1.3210774466285342, -1.441446777113918, -1.4279773666871396], "test_MAPE": [-844966763952205.9, -845468555912191.8, -828311307279321.1, -817106816022240.4, -882686029808402.5, -914022997630870.2, -854928209080028.5, -848091718833330.0, -825587870547683.1, -828163941753276.4, -903983510169087.2, -833951121103810.1, -819700976369176.0, -935697643352823.4, -814379141817465.8], "test_R2": [0.48480293717206024, 0.5340356101263467, 0.5477632659205688, 0.5707211485471165, 0.5188702195772665, 0.48755877533749414, 0.562290936809172, 0.5421429869219514, 0.5325790392506193, 0.5530421280557684, 0.46989658966141523, 0.5517850980380865, 0.5448554985343322, 0.5139879852830723, 0.5433916485463313]}