{"fit_time": [0.6831607818603516, 0.783705472946167, 0.7603697776794434, 0.7286295890808105, 0.6527752876281738, 0.7131810188293457, 0.701568603515625, 0.7547223567962646, 0.6341378688812256, 0.6933283805847168, 0.6726396083831787, 0.7460997104644775, 0.642221212387085, 0.6317155361175537, 0.6528110504150391], "score_time": [0.004862546920776367, 0.009624004364013672, 0.0059278011322021484, 0.004862308502197266, 0.005677938461303711, 0.006537199020385742, 0.0054471492767333984, 0.009079694747924805, 0.004934549331665039, 0.005663394927978516, 0.004864692687988281, 0.005306720733642578, 0.004915952682495117, 0.005562305450439453, 0.005624294281005859], "test_MSE": [-0.0024397375256161803, -0.002993259588275947, -0.002620438203180477, -0.002813976585455024, -0.002373893042516665, -0.00413383522198591, -0.0037327927521348466, -0.0028407611781973087, -0.0023550984405674553, -0.002594173487428579, -0.002316799642000204, -0.0025335067110176033, -0.0036643325712170465, -0.0028755348704014084, -0.003022252950837675], "test_MAPE": [-0.07928456535822304, -0.11688127390283519, -242256115112.9814, -0.16512608832765985, -0.1542724311488819, -0.14088848425508, -0.3207116934637617, -0.09847782132147113, -0.13582949562118657, -0.15025465853537331, -0.10101593357868176, -0.0868788953781469, -0.09461576375305851, -0.09210358135554232, -0.131127711056973], "test_R2": [0.9990890344951663, 0.9990476396519941, 0.99907143034856, 0.99915588010671, 0.9991720766933545, 0.9983752423244151, 0.9988872560114366, 0.9990323457701603, 0.9991856263287773, 0.9991729245438048, 0.9991314338339973, 0.999099677331131, 0.9987375450049599, 0.9990304570949537, 0.9990336079760427]}