{"fit_time": [0.9284088611602783, 0.9108667373657227, 0.7587881088256836, 0.8513054847717285, 0.8677608966827393, 0.751150369644165, 0.7450454235076904, 0.7908077239990234, 0.7522194385528564, 0.8842389583587646, 0.7673795223236084, 0.7573826313018799, 0.7635321617126465, 0.733494758605957, 0.724393367767334], "score_time": [0.0333404541015625, 0.032701969146728516, 0.031278133392333984, 0.0296633243560791, 0.03844499588012695, 0.030877351760864258, 0.03197336196899414, 0.03345775604248047, 0.031116962432861328, 0.046752214431762695, 0.03175806999206543, 0.04262804985046387, 0.03175210952758789, 0.028398513793945312, 0.027387142181396484], "test_MSE": [-0.003248156949477766, -0.004025779786268675, -0.004328112110006123, -0.0037625750982359226, -0.003950904575039577, -0.0032332030171164927, -0.004197445226041143, -0.003849271064088986, -0.003599875347497173, -0.004244700176123465, -0.0033913967821220963, -0.004014638973352298, -0.0043830688635690075, -0.003903050485188112, -0.004285415642528983], "test_MAPE": [-15664120178418.826, -18549967883319.434, -14561639062171.607, -15672765998826.658, -15253071986308.41, -15867109608246.166, -15419425274700.662, -16844136015810.826, -17428765121650.998, -12178670914688.264, -15008929689797.248, -15075929942807.117, -16310604196086.4, -15598823628761.033, -16063298316160.31], "test_R2": [0.9987871814471054, 0.9987191244443806, 0.9984663047773827, 0.9988713251891167, 0.9986220752487905, 0.9987292257342902, 0.9987487432995228, 0.9986888150065015, 0.9987551927120384, 0.998646702947358, 0.998728568302998, 0.9985733329778385, 0.9984899222237954, 0.9986840100793412, 0.9986297005698567]}