{"fit_time": [0.4322018623352051, 0.41024327278137207, 0.45905256271362305, 0.4188714027404785, 0.4419276714324951, 0.44965243339538574, 0.39615321159362793, 0.4102935791015625, 0.39071011543273926, 0.44000983238220215, 0.40018320083618164, 0.47362422943115234, 0.3878753185272217, 0.4003448486328125, 0.39458489418029785], "score_time": [0.02528071403503418, 0.024785995483398438, 0.029139995574951172, 0.026555776596069336, 0.029839038848876953, 0.03043389320373535, 0.02515244483947754, 0.02517986297607422, 0.02470993995666504, 0.027585744857788086, 0.024704933166503906, 0.03086256980895996, 0.024326562881469727, 0.023689985275268555, 0.02363872528076172], "test_MSE": [-0.005828211227736032, -0.006658454729449343, -0.0077362693457449375, -0.009968452136641862, -0.007490043147140825, -0.004927909916879734, -0.005540518967553997, -0.004983224523062177, -0.005364230333461248, -0.0055610510375908315, -0.006103907106451542, -0.005445942880119136, -0.006313595277585779, -0.006933328168383886, -0.005859822470768734], "test_MAPE": [-27222010267119.33, -26532313766859.633, -30768389826985.56, -30141349554783.582, -28846380900076.43, -27871334419334.15, -29195255970322.254, -28276932414616.08, -27442655735588.383, -27338027153981.066, -32043886197410.203, -24727457613491.703, -24902085963314.87, -27385872097628.93, -27088035950542.043], "test_R2": [0.997823823535275, 0.9978814907039278, 0.9972586016639869, 0.9970097232516638, 0.9973877587666189, 0.9980631401514366, 0.998348373567983, 0.9983025541446459, 0.9981450932688434, 0.9982270234253303, 0.99771165054717, 0.9980646959382368, 0.9978248071811335, 0.9976622926039929, 0.9981262701072102]}