{"fit_time": [0.026846885681152344, 0.03412270545959473, 0.03541302680969238, 0.031059980392456055, 0.023998260498046875, 0.022078514099121094, 0.032601118087768555, 0.029459476470947266, 0.027259111404418945, 0.025945663452148438, 0.03193497657775879, 0.02949047088623047, 0.028620481491088867, 0.025388240814208984, 0.017812013626098633], "score_time": [0.003234386444091797, 0.0039463043212890625, 0.0034668445587158203, 0.003672361373901367, 0.0037698745727539062, 0.0032722949981689453, 0.0032067298889160156, 0.003286600112915039, 0.0038886070251464844, 0.0032548904418945312, 0.0033288002014160156, 0.003231048583984375, 0.0048694610595703125, 0.003007650375366211, 0.0024755001068115234], "test_MSE": [-2.3438759696488716, -2.664781435624869, -2.372214370330824, -2.8055527796011424, -2.4721717286403817, -2.1950660517330394, -2.8106563806913067, -2.5061566908171446, -2.4797451162903683, -2.6764222249827765, -2.3545287515167996, -2.359921125393675, -2.4259186467872382, -2.549727748814058, -2.6576576736781017], "test_MAPE": [-676605681959329.0, -663040835985649.6, -660765637466045.4, -668676870736200.0, -684095971229544.9, -715091813545254.2, -667099606907353.0, -657819009921131.4, -670950863930297.0, -667679800800002.8, -714285610933282.4, -654122952359161.6, -632400578468048.6, -719396771477459.9, -647531367431615.4], "test_R2": [0.12482792368427875, 0.15215099106954733, 0.15939010951471777, 0.15840702968983822, 0.13780083790056552, 0.13725385158050984, 0.16214448558846173, 0.14632277393723025, 0.1425245334698707, 0.14670196753388665, 0.11728922373164496, 0.16136378218581382, 0.16420983803327893, 0.1403093476250893, 0.1501905300350449]}