{"fit_time": [0.20746827125549316, 0.19080066680908203, 0.19777822494506836, 0.16822195053100586, 0.15800857543945312, 0.16355180740356445, 0.17253375053405762, 0.16459250450134277, 0.15748000144958496, 0.18183660507202148, 0.17015624046325684, 0.17476415634155273, 0.15468907356262207, 0.1717839241027832, 0.15464258193969727], "score_time": [0.005292177200317383, 0.005657196044921875, 0.004961967468261719, 0.005201101303100586, 0.005800485610961914, 0.006711483001708984, 0.004622936248779297, 0.0070612430572509766, 0.0046117305755615234, 0.008744478225708008, 0.005525112152099609, 0.00824737548828125, 0.005191326141357422, 0.004636049270629883, 0.005333423614501953], "test_MSE": [-0.003222773413458825, -0.003401981374966382, -0.003209852879730389, -0.003669078444981909, -0.003150298294219308, -0.002657877844729369, -0.0036823884729864646, -0.0035311150078048592, -0.003116196896054903, -0.0033005146155415093, -0.0030920481725208635, -0.0037469943914166266, -0.003602818458797077, -0.0032840170548722788, -0.003413425393392781], "test_MAPE": [-0.07262382977541894, -0.09300498182134435, -0.08344726232461691, -0.15974274529739624, -0.08516917174344539, -0.07567654649943127, -0.0849716829545483, -0.07854882155460235, -0.10688030610308523, -0.1526045484060086, -0.07331512987016857, -0.07469426758955637, -0.07240818180073687, -0.059100787376259276, -0.08395510600511326], "test_R2": [0.998796659321451, 0.9989175973313966, 0.9988625673499618, 0.9988993717568727, 0.998901296168801, 0.9989553508552969, 0.9989022815063795, 0.9987971891479026, 0.9989224447425299, 0.9989477285753801, 0.9988407938357657, 0.9986684448175934, 0.9987587381682388, 0.9988927293254636, 0.9989085271391219]}