{"fit_time": [0.5342047214508057, 0.45566678047180176, 0.5085616111755371, 0.4611623287200928, 0.4468357563018799, 0.524634599685669, 0.5380303859710693, 0.5618031024932861, 0.455064058303833, 0.709087610244751, 0.7988500595092773, 0.6881110668182373, 0.448439359664917, 0.42571306228637695, 0.40624117851257324], "score_time": [0.03380417823791504, 0.028711557388305664, 0.03349113464355469, 0.029293060302734375, 0.029388427734375, 0.03842425346374512, 0.036980390548706055, 0.03984880447387695, 0.029888153076171875, 0.0323789119720459, 0.030848264694213867, 0.032338619232177734, 0.02933192253112793, 0.02797555923461914, 0.026759624481201172], "test_MSE": [-0.0035132586171093168, -0.004216988186406634, -0.004045289454372697, -0.004145127367836341, -0.003612886742827088, -0.0036481240319397273, -0.0038881772702999383, -0.004007628739515493, -0.0037904313716903425, -0.0036038603350435766, -0.004300011029101911, -0.0038115318988198505, -0.0035867099708863388, -0.0037385081933315072, -0.003541447857534186], "test_MAPE": [-13908898702927.86, -13141448945539.742, -14476299584178.95, -16967747313850.71, -15843469878561.318, -15540444823857.2, -13465656397556.098, -13818419259737.3, -14205513250044.457, -15939054241236.26, -13205845856933.654, -14295200559313.553, -15023028054088.63, -14538472506035.727, -13961836896197.643], "test_R2": [0.9986881960144716, 0.9986582879906329, 0.9985665248605895, 0.9987565694435778, 0.998739962970073, 0.9985661456724605, 0.998840935950296, 0.9986348733110045, 0.9986893000061019, 0.9988510157685621, 0.9983879296139341, 0.9986455103684149, 0.9987642879486232, 0.9987394887359526, 0.9988675908276198]}