{"fit_time": [0.4909543991088867, 0.5501298904418945, 0.46070027351379395, 0.40818071365356445, 0.4190239906311035, 0.4266643524169922, 0.4851827621459961, 0.43581104278564453, 0.41811299324035645, 0.4359762668609619, 0.49830079078674316, 0.4122748374938965, 0.4048042297363281, 0.42695188522338867, 0.39107680320739746], "score_time": [0.029398202896118164, 0.04754519462585449, 0.034117698669433594, 0.026021718978881836, 0.02642965316772461, 0.02691507339477539, 0.031557559967041016, 0.028174638748168945, 0.026708364486694336, 0.027736902236938477, 0.03243684768676758, 0.026340484619140625, 0.026017189025878906, 0.02524876594543457, 0.02438807487487793], "test_MSE": [-0.004020602049442777, -0.0043775872529456345, -0.0035317883277077126, -0.004242348695682776, -0.003669558830969879, -0.0037949492467731325, -0.004281210426742532, -0.0038378334239754664, -0.0037255897309831938, -0.004347037039007877, -0.003787430639698309, -0.004076349104876776, -0.0042564102988191166, -0.00475921002697155, -0.004953809346096326], "test_MAPE": [-19325902536893.76, -16964550477677.906, -17181778826232.309, -18695203558723.273, -20063315141974.008, -18489870566221.117, -17995639172131.46, -16364062362202.375, -16594225710258.457, -15082852581179.133, -18289112141761.52, -16323839285514.723, -14666579677473.24, -18007554535150.168, -14877469415122.617], "test_R2": [0.9984987607325582, 0.9986071904568615, 0.9987484873894606, 0.9987274055701784, 0.9987201979083076, 0.9985084376647727, 0.9987237729275465, 0.9986927110330033, 0.9987117217121678, 0.9986140758667229, 0.9985800955550546, 0.9985514032825, 0.9985335592940191, 0.9983953391201161, 0.9984159757908597]}