{"fit_time": [0.8373675346374512, 0.7882359027862549, 0.7190194129943848, 0.8101434707641602, 0.6406278610229492, 0.6757843494415283, 0.6623597145080566, 0.7279760837554932, 0.645768404006958, 0.6721713542938232, 0.6575450897216797, 0.7464895248413086, 0.6267058849334717, 0.6466169357299805, 0.6271481513977051], "score_time": [0.009219169616699219, 0.006592273712158203, 0.005028963088989258, 0.005609273910522461, 0.0058498382568359375, 0.005683422088623047, 0.006417751312255859, 0.0056645870208740234, 0.005157947540283203, 0.0056438446044921875, 0.0085906982421875, 0.004936695098876953, 0.004711627960205078, 0.004628896713256836, 0.004773855209350586], "test_MSE": [-0.0029197954218517, -0.0026471239729678226, -0.002985906325568699, -0.0024686738021339662, -0.0030502338131937084, -0.002894592565198626, -0.0021959557817719023, -0.0027496932396555876, -0.0023996067357191205, -0.0026554926061855425, -0.004907294267736744, -0.002851146977978509, -0.0031725636335390647, -0.002496987616298574, -0.00357625989537092], "test_MAPE": [-0.14165965576658668, -0.14076397618936182, -0.09407408492723772, -0.09375513650185076, -0.1332486828318337, -0.1459758989693511, -0.1819823820787226, -0.133834648301434, -0.16938959993866856, -0.13039003877268238, -0.09531988322108235, -275075989958.08856, -0.32907466437586896, -212358025891.28714, -92599969.19207847], "test_R2": [0.999062882353519, 0.9991601595629753, 0.9989475135623622, 0.9990428589324851, 0.9990232087749065, 0.9989257222867419, 0.9992738342234352, 0.9990749802970251, 0.9990320618177263, 0.9989809553378398, 0.9983915618655206, 0.9990035176305805, 0.9989672501881572, 0.9992258436496138, 0.9988990590550151]}