{"fit_time": [0.8870537281036377, 0.9031825065612793, 0.9457170963287354, 0.9759628772735596, 0.9673759937286377, 0.8753859996795654, 0.9113142490386963, 0.841118335723877, 0.9258265495300293, 0.8557949066162109, 0.9790940284729004, 0.9216220378875732, 0.8239881992340088, 0.8491885662078857, 0.8197386264801025], "score_time": [0.03931879997253418, 0.04358696937561035, 0.043721675872802734, 0.039917707443237305, 0.048345088958740234, 0.04037046432495117, 0.050856590270996094, 0.040709495544433594, 0.04295015335083008, 0.03973698616027832, 0.046683311462402344, 0.04122352600097656, 0.039674997329711914, 0.03722357749938965, 0.03597593307495117], "test_MSE": [-0.006527447716069837, -0.006661492402487075, -0.0057226730672336685, -0.00561132813770032, -0.00663543269723792, -0.006443995749059376, -0.006585921537632944, -0.006478451243681491, -0.005960713906580948, -0.005319494530653736, -0.006093787631734929, -0.006682172423686277, -0.005843090931371237, -0.007396869337323686, -0.006987241503316616], "test_MAPE": [-13910751358797.627, -14072447145449.494, -13556616384357.213, -14637734312461.29, -13104518267172.69, -13880469150795.664, -14233703667084.107, -15860371401007.8, -14131774049927.943, -14409722670157.596, -13410486546339.686, -14572285326480.186, -13893380809716.275, -13531257124189.816, -14367942923006.883], "test_R2": [0.9979049948515463, 0.9978865399778505, 0.9979828450280833, 0.9978244057196817, 0.9978751030805163, 0.9976084229950791, 0.9978221461162978, 0.9978205950544802, 0.9975956049389648, 0.9979586452267929, 0.9980026711512408, 0.9976645655025664, 0.9980979259182826, 0.9977067033360162, 0.997848998537982]}