{"fit_time": [0.8916983604431152, 1.0018441677093506, 0.8013014793395996, 0.888988733291626, 0.7558128833770752, 0.8154327869415283, 0.824697732925415, 0.9009199142456055, 0.8576433658599854, 0.8165690898895264, 0.7820627689361572, 0.9011282920837402, 0.7946722507476807, 0.7460880279541016, 0.7751598358154297], "score_time": [0.03478741645812988, 0.04301905632019043, 0.034064292907714844, 0.03908348083496094, 0.03293585777282715, 0.037184953689575195, 0.034751176834106445, 0.036017417907714844, 0.03602886199951172, 0.03551316261291504, 0.0344085693359375, 0.04141068458557129, 0.03401041030883789, 0.03288125991821289, 0.03324627876281738], "test_MSE": [-0.003859632216552293, -0.0037878114958035136, -0.0036512030171819213, -0.003924550943754115, -0.004187862698493296, -0.0035843788684943667, -0.003920874433429299, -0.003935475266824864, -0.0036016897648837084, -0.0034033970430036296, -0.0035626718791338797, -0.004157341737713259, -0.0035868692859575392, -0.004101645715654654, -0.004316023408365876], "test_MAPE": [-14602558686652.61, -13569897981091.777, -14747468288759.209, -13516297827232.152, -11028254640999.643, -12651247855679.402, -14085590606278.252, -13044784322560.703, -13502961329578.562, -13025877916285.406, -14747763438510.564, -13432617347869.951, -13427112341428.492, -13436081004476.26, -13588596084163.354], "test_R2": [0.9987612387388553, 0.9987982590560592, 0.9987130066259148, 0.9984783939957664, 0.9986589003380362, 0.9986697200909751, 0.9987034325320217, 0.9986760733488804, 0.998547173171236, 0.9986939471863691, 0.9988322817018106, 0.9985469995839288, 0.9988323832054883, 0.9987283416797575, 0.9986713250633898]}