{"fit_time": [0.24899530410766602, 0.28157615661621094, 0.2605102062225342, 0.2619593143463135, 0.24651360511779785, 0.28101038932800293, 0.23244071006774902, 0.26372265815734863, 0.25227999687194824, 0.24210429191589355, 0.24143266677856445, 0.2506520748138428, 0.24453163146972656, 0.22617578506469727, 0.22355985641479492], "score_time": [0.15452003479003906, 0.22086310386657715, 0.17476606369018555, 0.20282697677612305, 0.1283705234527588, 0.1637873649597168, 0.16696882247924805, 0.20063114166259766, 0.12842202186584473, 0.15230989456176758, 0.1566462516784668, 0.17244601249694824, 0.11047935485839844, 0.11286377906799316, 0.1121366024017334], "test_MSE": [-0.00853426055972946, -0.007903745875180397, -0.008625385805286583, -0.007582366704908239, -0.00815377852841095, -0.008192693583652655, -0.007903421586981095, -0.008365085415332771, -0.0079597265038907, -0.007461231941868104, -0.008125500186801478, -0.008329495752187457, -0.007918355804908758, -0.007519870679858606, -0.007960515201360402], "test_MAPE": [-0.37703439169867176, -0.299932418598574, -0.3215032366581607, -0.35420040669221803, -0.3358480582601755, -0.3764814184741224, -0.31775405904116555, -0.26416509192566406, -0.3058930622807874, -0.30608365811784544, -0.3396970415478117, -0.31571138878394844, -0.37462543679512644, -0.33253970373679537, -0.3369944615488095], "test_R2": [0.9972609018733521, 0.9974924161249232, 0.9969596830611461, 0.9970602051368831, 0.9973888758024197, 0.9969594241917545, 0.9973864709290283, 0.9971859156088189, 0.9967892558856053, 0.997136753999695, 0.9973367473705222, 0.9970888222433575, 0.9974223746432782, 0.9976685684771135, 0.9975493791321776]}