{"fit_time": [0.9675898551940918, 0.9726278781890869, 1.0061697959899902, 1.0782058238983154, 0.9449515342712402, 1.0318365097045898, 0.9946720600128174, 0.9454386234283447, 0.9553921222686768, 0.9682967662811279, 0.9490900039672852, 1.0543582439422607, 0.928356409072876, 0.9155945777893066, 0.9200246334075928], "score_time": [0.04500770568847656, 0.04758191108703613, 0.0476226806640625, 0.05180525779724121, 0.04544186592102051, 0.04856228828430176, 0.04519033432006836, 0.045714616775512695, 0.04479837417602539, 0.04834342002868652, 0.043853044509887695, 0.0498654842376709, 0.044069766998291016, 0.04355192184448242, 0.042546749114990234], "test_MSE": [-0.014668879208027404, -0.013494537593195015, -0.0137943934213211, -0.01232945806619584, -0.013339146522616831, -0.014145602288271015, -0.012691547381040988, -0.014462735596678109, -0.012595207448861119, -0.011266114600100758, -0.013364888965486526, -0.014966103968539724, -0.012473602898091253, -0.013542572551341036, -0.01431409928948804], "test_MAPE": [-16284709274443.37, -16487886940096.34, -16410129828896.748, -16648043484129.084, -14585182001202.658, -15536165798591.023, -16753872921832.115, -13940435164345.416, -17830249848521.26, -16173817618500.062, -16225281203800.53, -16443711216963.78, -16632566207547.533, -17460215833258.592, -15403206881136.102], "test_R2": [0.9952919764662065, 0.9957186522182382, 0.9951376867160711, 0.9952196881397789, 0.9957283401629182, 0.9947501056067078, 0.9958031179697406, 0.995134615311663, 0.9949194249116167, 0.9956766311757843, 0.9956194603579203, 0.9947693125402736, 0.9959395263471406, 0.9958013133614463, 0.9955934472159658]}