{"fit_time": [0.686023473739624, 0.6800212860107422, 0.6138110160827637, 0.50547194480896, 0.5138614177703857, 0.5396485328674316, 0.5203959941864014, 0.5660290718078613, 0.5970652103424072, 0.5179698467254639, 0.5281915664672852, 0.5031640529632568, 0.5008659362792969, 0.48178887367248535, 0.49039316177368164], "score_time": [0.031954288482666016, 0.03286027908325195, 0.03751254081726074, 0.03336977958679199, 0.03377509117126465, 0.03374314308166504, 0.034529924392700195, 0.032213687896728516, 0.03765559196472168, 0.03279232978820801, 0.03424787521362305, 0.03175783157348633, 0.03152894973754883, 0.030116796493530273, 0.029540538787841797], "test_MSE": [-0.006099559078583955, -0.00599183295946125, -0.006455071683251869, -0.00645226302613622, -0.005537472835396821, -0.006171716468762116, -0.005870318267517166, -0.005827210713456378, -0.005741454766440043, -0.006018500050507295, -0.00620887684789016, -0.006056838142673332, -0.005608286286632455, -0.00651553860668151, -0.006485108590251568], "test_MAPE": [-17438390103519.31, -18530968196803.71, -21053773960783.242, -17919038973845.59, -19595033772264.406, -18385262716849.215, -18978953835872.625, -19256211589169.977, -20511103352049.8, -21051783211267.152, -18354061304459.582, -20138239692195.875, -16830145137040.537, -19381409011908.715, -19541696701988.043], "test_R2": [0.9980423270734944, 0.9980989996454112, 0.997724685686746, 0.9974983629204539, 0.9982267081128624, 0.997709474716873, 0.9980587841254369, 0.9980396777918366, 0.9976840483036195, 0.9976904020231898, 0.9979649489617751, 0.9978831212595428, 0.9981743607768652, 0.9979799476955251, 0.9980035786579933]}