{"fit_time": [0.16753506660461426, 0.1817007064819336, 0.22833895683288574, 0.20095348358154297, 0.16105866432189941, 0.16281986236572266, 0.16048884391784668, 0.1797962188720703, 0.16036629676818848, 0.1656494140625, 0.17384910583496094, 0.18587708473205566, 0.15921878814697266, 0.1696028709411621, 0.15754365921020508], "score_time": [0.004719257354736328, 0.005287885665893555, 0.0044345855712890625, 0.004481792449951172, 0.00681614875793457, 0.005670785903930664, 0.0042896270751953125, 0.004354715347290039, 0.004384279251098633, 0.0046885013580322266, 0.004297733306884766, 0.007196187973022461, 0.004302024841308594, 0.0045850276947021484, 0.005445718765258789], "test_MSE": [-0.003588968714983052, -0.0029827522658201337, -0.0032690942166402944, -0.002929520622627166, -0.00351322568142039, -0.0033142591505929834, -0.0030496648999687264, -0.0035145655644904473, -0.002694126991509953, -0.003181428861997992, -0.0034074545661059753, -0.0033652275085913844, -0.0031702081558226958, -0.002972235790520606, -0.0035608030692422872], "test_MAPE": [-0.09297208217455197, -0.09102179943055287, -0.09052561664232693, -0.07038471225258991, -0.09644470742168366, -0.0879688818947276, -0.07048803198399149, -0.09402941612664754, -0.14934735366037738, -0.08952933189529473, -0.08814808346621344, -0.06818978267817252, -0.14515451245740635, -0.11024468026706014, -0.11914275712012493], "test_R2": [0.9988481090523302, 0.9990536763702631, 0.9988476941500438, 0.9988641818560134, 0.9988749426347119, 0.9987699703287259, 0.9989915269247538, 0.9988176708777311, 0.9989132601004326, 0.9987791274235486, 0.9988831564673707, 0.9988238453130275, 0.9989680169558093, 0.9990784995499947, 0.9989038173928492]}