{"fit_time": [0.5446391105651855, 0.6524703502655029, 0.4918482303619385, 0.4972543716430664, 0.4769575595855713, 0.48057103157043457, 0.4484398365020752, 0.5238263607025146, 0.5036294460296631, 0.45507383346557617, 0.5011093616485596, 0.5028691291809082, 0.43440723419189453, 0.4660818576812744, 0.4539923667907715], "score_time": [0.030299901962280273, 0.038941383361816406, 0.02845287322998047, 0.029588699340820312, 0.0295865535736084, 0.03880596160888672, 0.028392553329467773, 0.035811662673950195, 0.03006124496459961, 0.029399871826171875, 0.033544063568115234, 0.031600236892700195, 0.033355712890625, 0.025121688842773438, 0.026422500610351562], "test_MSE": [-0.004113526849171389, -0.004379874523413979, -0.0036954538729791534, -0.0036469768104825636, -0.0038664394752500907, -0.0037680060605281007, -0.0037768433276170513, -0.003699331444533636, -0.00353759575471281, -0.0035180964287331775, -0.003656637020044442, -0.003854611946367275, -0.0038696318052198176, -0.003985411072544411, -0.0038993900154936987], "test_MAPE": [-13611221444113.582, -14894670321343.697, -12520929746975.844, -13303831520574.732, -13475675624262.13, -13842926388051.936, -15928150169192.227, -13987344979350.236, -15296404715703.465, -13611247883698.457, -12553732351672.246, -14563556941506.717, -14235675912586.418, -12967328425356.957, -14674000988504.557], "test_R2": [0.9986797504473148, 0.9986104180342815, 0.9986974088741764, 0.9985860135613828, 0.998761831261773, 0.9986015700506822, 0.9987510612049986, 0.9987555140971082, 0.9985730270075235, 0.9986499313241112, 0.998801483239826, 0.9986528043362282, 0.9987403368441554, 0.9987643786174305, 0.998799584411055]}