{"fit_time": [0.5561816692352295, 0.5374190807342529, 0.6174130439758301, 0.5144319534301758, 0.594078540802002, 0.5329062938690186, 0.6346752643585205, 0.5834124088287354, 0.5556704998016357, 0.5565123558044434, 0.5262100696563721, 0.6770479679107666, 0.5405309200286865, 0.5150115489959717, 0.5479090213775635], "score_time": [0.05861401557922363, 0.03574371337890625, 0.04297375679016113, 0.03436923027038574, 0.052172183990478516, 0.03733038902282715, 0.040840864181518555, 0.03561735153198242, 0.036307573318481445, 0.07391119003295898, 0.03596091270446777, 0.03638172149658203, 0.03510856628417969, 0.03301048278808594, 0.03299236297607422], "test_MSE": [-0.018072481929896675, -0.018931763032773875, -0.017217669807938894, -0.01737476041277946, -0.01797556973517208, -0.019268797833627272, -0.01664172417266095, -0.019859642009268007, -0.01665884760675074, -0.017327607802813682, -0.01976430271125578, -0.01809509799497581, -0.016927041307242735, -0.017996862906396776, -0.020289621851164733], "test_MAPE": [-30290964422378.855, -29936303349260.914, -28698101721548.617, -28058655894882.145, -27456540813124.58, -23979384132323.7, -28208875679384.793, -25614887659166.22, -30086350170880.086, -27564465290637.727, -27485840690285.27, -30009950727805.89, -26943465742471.516, -27897626679420.746, -27406628192689.84], "test_R2": [0.9941995793248165, 0.9939936095545742, 0.9939310340028401, 0.9932635503666273, 0.9942435957835679, 0.9928487206376417, 0.9944968607029661, 0.9933190510535268, 0.9932802594561724, 0.9933505345869416, 0.9935219580388359, 0.9936757219939267, 0.9944898193560868, 0.9944203224657275, 0.9937539004133561]}