{"fit_time": [0.08196210861206055, 0.06912016868591309, 0.0755467414855957, 0.0919959545135498, 0.0703129768371582, 0.07523465156555176, 0.07100367546081543, 0.0749216079711914, 0.08372950553894043, 0.06978917121887207, 0.0714118480682373, 0.07040786743164062, 0.07337236404418945, 0.08295702934265137, 0.07730698585510254], "score_time": [0.042234182357788086, 0.03461503982543945, 0.03850579261779785, 0.041315555572509766, 0.03666853904724121, 0.03847050666809082, 0.038947343826293945, 0.043712615966796875, 0.04861855506896973, 0.04151654243469238, 0.04253125190734863, 0.04993581771850586, 0.03840065002441406, 0.03995513916015625, 0.044245004653930664], "test_MSE": [-0.007431297195378055, -0.006500143162183374, -0.006791500309601088, -0.006064972908735542, -0.006524528930187679, -0.00678922102876715, -0.006273689679334472, -0.006729794055642401, -0.006009977239748546, -0.005722856213941474, -0.00684159235187859, -0.006540614925833287, -0.006077753625398094, -0.006034643910948829, -0.006721541939796686], "test_MAPE": [-0.4924792178297243, -0.41341332304033496, -0.34220546641709093, -0.43371495735670673, -0.38716510691861766, -0.4089454183406062, -0.4464024324329955, -0.30780920427841363, -0.3908342730661479, -0.3633668531364748, -0.4589174691531871, -0.41456737547346856, -0.41163002077138705, -0.45108942089292847, -0.4490239230293373], "test_R2": [0.9976149014804548, 0.9979377304841789, 0.9976060997272892, 0.9976485209834942, 0.9979106183338112, 0.9974802986336397, 0.9979253959593647, 0.9977360412395629, 0.9975757334073304, 0.9978038552758373, 0.9977575671156156, 0.9977140401708171, 0.9980215372682518, 0.9981290424207606, 0.9979307933563403]}