{"fit_time": [0.4029965400695801, 0.45059752464294434, 0.4290950298309326, 0.43218493461608887, 0.39635801315307617, 0.4158310890197754, 0.4291727542877197, 0.3750433921813965, 0.4072694778442383, 0.3649768829345703, 0.3927321434020996, 0.4122653007507324, 0.3670346736907959, 0.379685640335083, 0.35707974433898926], "score_time": [0.006633758544921875, 0.005205631256103516, 0.005237102508544922, 0.00497889518737793, 0.0049059391021728516, 0.0046727657318115234, 0.005175113677978516, 0.006597042083740234, 0.005036592483520508, 0.00520634651184082, 0.009511470794677734, 0.004731655120849609, 0.004789113998413086, 0.005013227462768555, 0.00474858283996582], "test_MSE": [-0.0027216299035540134, -0.002782196573917961, -0.003168265086744827, -0.004399678236414522, -0.0031301907239709736, -0.003258802648118901, -0.004729589043657075, -0.003331289297139497, -0.00305599044560713, -0.0031978893221610532, -0.003373857049797954, -0.003927279047804888, -0.0037411561323084158, -0.004697423832388692, -0.0034900231750371884], "test_MAPE": [-0.1242617071705044, -0.07423770946507817, -0.096117686651676, -0.06224810161827565, -0.09057663811910431, -0.10011230382195295, -0.097435463453683, -0.10842279526885756, -0.07475898162723284, -0.09624150076829505, -0.16210993206108132, -0.16726953054331015, -0.10180413956606163, -0.08494824744975593, -0.07398660755653755], "test_R2": [0.9989687833613978, 0.9988032148158679, 0.9988656744017428, 0.9987226438887787, 0.9989908912331056, 0.9987721858116376, 0.9984927436358274, 0.998803837674014, 0.9988682811979274, 0.9989912829787313, 0.998919134912157, 0.9988610213987636, 0.9986406864770865, 0.9984536030434249, 0.9988410674779945]}