{"fit_time": [0.04568600654602051, 0.0520322322845459, 0.039621829986572266, 0.06804823875427246, 0.04464602470397949, 0.042249202728271484, 0.043988704681396484, 0.04943084716796875, 0.0500643253326416, 0.04642510414123535, 0.06697535514831543, 0.05571246147155762, 0.05295920372009277, 0.04903149604797363, 0.05145573616027832], "score_time": [0.0032019615173339844, 0.003722667694091797, 0.003298044204711914, 0.003492116928100586, 0.0033545494079589844, 0.0049211978912353516, 0.0056459903717041016, 0.004071712493896484, 0.004954814910888672, 0.004528999328613281, 0.005493879318237305, 0.005901336669921875, 0.003605365753173828, 0.0036182403564453125, 0.003137350082397461], "test_MSE": [-2.159433521640916, -1.8715093046524771, -2.235082526390061, -2.7693781178276455, -2.396557204519378, -2.1481084692177292, -2.5498066543703675, -2.253830714929311, -2.1422825380740176, -2.5413924176927725, -2.4783628730769642, -2.659154450124094, -2.2170709961010773, -2.3801776481851222, -2.3954284126936005], "test_MAPE": [-562681420074960.94, -540320058245720.7, -495838132015863.1, -552087491703128.7, -523585953410760.7, -569142780024098.9, -562860477094586.1, -523263175695582.9, -537534766697658.75, -508470798432818.94, -554649299469974.8, -524949530355771.6, -542644122093689.7, -551222596689689.7, -514767791644457.56], "test_R2": [0.18179772548665107, 0.1949545805746341, 0.19977929419205231, 0.19596800652123025, 0.2273995105395472, 0.19066039234708, 0.18741094168347938, 0.1907195233198854, 0.20665281163584415, 0.19836319172002692, 0.20601973795078143, 0.22879938522154952, 0.19444832568378523, 0.21644296904121096, 0.20454972578309238]}